name,brand,price,currency,ram_gb,storage_gb,storage_status,cpu,gpu,gpu_brand,seller,cpu_brand,availability_status,description,source_url,,,category,sku,ram_status,availability,seller_url
"18"" Avon Best",Digital Storm,3837,USD,16,2048,specified,Intel Core Ultra 9 290HX,NVIDIA RTX 5080,NVIDIA,Digital Storm,Intel,InStock,"18"" Avon Best, Laptops. Intel Core Ultra 9 290HX · 16 GB RAM · 2 TB · NVIDIA RTX 5080 · from $3,837. Specs, configurations, and where to buy on Plug PCs.",https://plugpcs.com/p/digitalstorm/18-avon-best,,,laptops,,specified,https://schema.org/InStock,https://www.digitalstorm.com/configurator.asp?id=5226084
"18"" Avon Ultra",Digital Storm,4617,USD,16,2048,specified,Intel Core Ultra 9 290HX,NVIDIA RTX 5090,NVIDIA,Digital Storm,Intel,InStock,"18"" Avon Ultra, Laptops. Intel Core Ultra 9 290HX · 16 GB RAM · 2 TB · NVIDIA RTX 5090 · from $4,617. Specs, configurations, and where to buy on Plug PCs.",https://plugpcs.com/p/digitalstorm/18-avon-ultra,,,laptops,,specified,https://schema.org/InStock,https://www.digitalstorm.com/configurator.asp?id=5226089
"Acemagic AX18 Laptop with Intel N150 Processor and 18.5"" Display",ACEMAGIC,329,USD,16,512,specified,Intel N150,Intel Graphics,Intel,ACEMAGIC,Intel,InStock,"Acemagic AX18 Laptop with Intel N150 Processor and 18.5"" Display, Laptops. Intel N150 · 16 GB RAM · 512 GB · Intel Graphics · from $329. Specs, configurations, and where to buy on Plug PCs.",https://plugpcs.com/p/acemagic/acemagic-ax18-laptop-with-intel-n150-processor-and-18-5-display,,,laptops,CLPAX180AUS1653,specified,https://schema.org/InStock,https://acemagic.com/products/acemagic-ax18-laptop
"Acemagic AX18 PRO AMD Ryzen 3 4300U 18.5"" Laptop",ACEMAGIC,389,USD,16,512,specified,AMD Ryzen 3 4300U,AMD Radeon Graphics,AMD,ACEMAGIC,AMD,InStock,"Acemagic AX18 PRO AMD Ryzen 3 4300U 18.5"" Laptop, Laptops. AMD Ryzen 3 4300U · 16 GB RAM · 512 GB · AMD Radeon Graphics · from $389. Specs, configurations, and where to buy on Plug PCs.",https://plugpcs.com/p/acemagic/acemagic-ax18-pro-amd-ryzen-3-4300u-18-5-laptop,,,laptops,CLPAX18PAUS1657,specified,https://schema.org/InStock,https://acemagic.com/products/ax18-pro
Acemagic LX15 PRO AMD Ryzen 5 7430U Laptop,ACEMAGIC,409,USD,16,512,specified,AMD Ryzen 7 5700U,AMD Radeon Graphics,AMD,ACEMAGIC,AMD,InStock,"Acemagic LX15 PRO AMD Ryzen 5 7430U Laptop, Laptops. AMD Ryzen 7 5700U · 16 GB RAM · 512 GB · AMD Radeon Graphics · from $409. Specs, configurations, and where to buy on Plug PCs.",https://plugpcs.com/p/acemagic/acemagic-lx15-pro-amd-ryzen-5-7430u-laptop,,,laptops,CLPLX15PAUS1656,specified,https://schema.org/InStock,https://acemagic.com/products/acemagic-lx15-pro-laptop
Acemagic S16 AMD Ryzen 7 H 255 Laptop,ACEMAGIC,579,USD,24,512,specified,AMD Ryzen 7 H 255,AMD Radeon 780M,AMD,ACEMAGIC,AMD,InStock,"Acemagic S16 AMD Ryzen 7 H 255 Laptop, Laptops. AMD Ryzen 7 H 255 · 24 GB RAM · 512 GB · AMD Radeon 780M · from $579. Specs, configurations, and where to buy on Plug PCs.",https://plugpcs.com/p/acemagic/acemagic-s16-amd-ryzen-7-h-255-laptop,,,laptops,CLPS1600AUS2450,specified,https://schema.org/InStock,https://acemagic.com/products/acemagic-s16-laptop
Adder Pro,System76,2549,USD,96,4096,specified,Intel Core Ultra 7 356H,NVIDIA RTX 5060,NVIDIA,System76,Intel,InStock,"Adder Pro, Laptops. Intel Core Ultra 7 356H · 96 GB RAM · 4 TB · NVIDIA RTX 5060 · from $2,549. Specs, configurations, and where to buy on Plug PCs.",https://plugpcs.com/p/system76/adder-pro,,,laptops,,specified,https://schema.org/InStock,https://system76.com/laptops/adder-pro
Alienware 15 Gaming Laptop,Dell,1600.99,USD,16,512,specified,Intel Core 7 240H,NVIDIA RTX 4050,NVIDIA,Dell,Intel,InStock,"Alienware 15 Gaming Laptop, Laptops. Intel Core 7 240H · 16 GB RAM · 512 GB · NVIDIA RTX 4050 · from $1,600.99. Specs, configurations, and where to buy on Plug PCs.",https://plugpcs.com/p/dell/alienware-15-gaming-laptop-da15260-reg-01,,,laptops,da15260_reg_01,specified,https://schema.org/InStock,https://www.dell.com/en-us/shop/desktop-computers/alienware15da15260/spd/alienware15da15260/da15260_reg_01?redirectTo=SOC
Alienware 15 Gaming Laptop,Dell,1550.99,USD,16,512,specified,AMD Ryzen,NVIDIA RTX 4050,NVIDIA,Dell,AMD,InStock,"Alienware 15 Gaming Laptop, Laptops. AMD Ryzen · 16 GB RAM · 512 GB · NVIDIA RTX 4050 · from $1,550.99. Specs, configurations, and where to buy on Plug PCs.",https://plugpcs.com/p/dell/alienware-15-gaming-laptop-da15265-reg-02,,,laptops,da15265_reg_02,specified,https://schema.org/InStock,https://www.dell.com/en-us/shop/desktop-computers/alienware15da15265/spd/alienware15da15265/da15265_reg_02?redirectTo=SOC
Alienware 16 Area-51 Gaming Laptop,Dell,3899.99,USD,32,1024,specified,Intel Core Ultra 9 290HX,NVIDIA RTX 5070,NVIDIA,Dell,Intel,InStock,"Alienware 16 Area-51 Gaming Laptop, Laptops. Intel Core Ultra 9 290HX · 32 GB RAM · 1 TB · NVIDIA RTX 5070 · from $3,899.99. Specs, configurations, and where to buy on Plug PCs.",https://plugpcs.com/p/dell/alienware-16-area-51-gaming-laptop-aa16250-reg-01,,,laptops,aa16250_reg_01,specified,https://schema.org/InStock,https://www.dell.com/en-us/shop/desktop-computers/alienware16area51aa16250/spd/alienware16area51aa16250/aa16250_reg_01?redirectTo=SOC
Alienware 16 Area-51 Gaming Laptop,Dell,4349.99,USD,32,1024,specified,Intel Core Ultra 9 290HX,NVIDIA RTX 5070,NVIDIA,Dell,Intel,InStock,"Alienware 16 Area-51 Gaming Laptop, Laptops. Intel Core Ultra 9 290HX · 32 GB RAM · 1 TB · NVIDIA RTX 5070 · from $4,349.99. Specs, configurations, and where to buy on Plug PCs.",https://plugpcs.com/p/dell/alienware-16-area-51-gaming-laptop-useaa16250hbtsjdmq,,,laptops,useaa16250hbtsjdmq,specified,https://schema.org/InStock,https://www.dell.com/en-us/shop/dell-laptops/alienware-area-51-aa16250-gaming-laptop/spd/alienware-area-51-aa16250-gaming-laptop/useaa16250hbtsjdmq?redirectTo=SOC
Alienware 16 Area-51 Gaming Laptop,Dell,4749.99,USD,32,1024,specified,Intel Core Ultra 9 290HX,NVIDIA RTX 5090,NVIDIA,Dell,Intel,InStock,"Alienware 16 Area-51 Gaming Laptop, Laptops. Intel Core Ultra 9 290HX · 32 GB RAM · 1 TB · NVIDIA RTX 5090 · from $4,749.99. Specs, configurations, and where to buy on Plug PCs.",https://plugpcs.com/p/dell/alienware-16-area-51-gaming-laptop-useaa16250hbtsjdmr,,,laptops,useaa16250hbtsjdmr,specified,https://schema.org/InStock,https://www.dell.com/en-us/shop/dell-laptops/alienware-area-51-aa16250-gaming-laptop/spd/alienware-area-51-aa16250-gaming-laptop/useaa16250hbtsjdmr?redirectTo=SOC
Alienware 16 Area-51 Gaming Laptop,Dell,6449.99,USD,64,2048,specified,Intel Core Ultra 9 290HX,NVIDIA RTX 5090,NVIDIA,Dell,Intel,InStock,"Alienware 16 Area-51 Gaming Laptop, Laptops. Intel Core Ultra 9 290HX · 64 GB RAM · 2 TB · NVIDIA RTX 5090 · from $6,449.99. Specs, configurations, and where to buy on Plug PCs.",https://plugpcs.com/p/dell/alienware-16-area-51-gaming-laptop-useaa16250hbtsjdms,,,laptops,useaa16250hbtsjdms,specified,https://schema.org/InStock,https://www.dell.com/en-us/shop/dell-laptops/alienware-area-51-aa16250-gaming-laptop/spd/alienware-area-51-aa16250-gaming-laptop/useaa16250hbtsjdms?redirectTo=SOC
Alienware 16 Area-51 Gaming Laptop,Dell,3449.99,USD,16,1024,specified,Intel Core Ultra 9 290HX,NVIDIA RTX 5070,NVIDIA,Dell,Intel,InStock,"Alienware 16 Area-51 Gaming Laptop, Laptops. Intel Core Ultra 9 290HX · 16 GB RAM · 1 TB · NVIDIA RTX 5070 · from $3,449.99. Specs, configurations, and where to buy on Plug PCs.",https://plugpcs.com/p/dell/alienware-16-area-51-gaming-laptop-useaa16250wcto13,,,laptops,useaa16250wcto13,specified,https://schema.org/InStock,https://www.dell.com/en-us/shop/dell-laptops/alienware-area-51-aa16250-gaming-laptop/spd/alienware-area-51-aa16250-gaming-laptop/useaa16250wcto13?redirectTo=SOC
Alienware 16 Area-51 Gaming Laptop,Dell,4649.99,USD,32,1024,specified,Intel Core Ultra 9 290HX,NVIDIA RTX 5080,NVIDIA,Dell,Intel,InStock,"Alienware 16 Area-51 Gaming Laptop, Laptops. Intel Core Ultra 9 290HX · 32 GB RAM · 1 TB · NVIDIA RTX 5080 · from $4,649.99. Specs, configurations, and where to buy on Plug PCs.",https://plugpcs.com/p/dell/alienware-16-area-51-gaming-laptop-useaa16250wmlkcto02,,,laptops,useaa16250wmlkcto02,specified,https://schema.org/InStock,https://www.dell.com/en-us/shop/dell-laptops/alienware-area-51-aa16250-gaming-laptop/spd/alienware-area-51-aa16250-gaming-laptop/useaa16250wmlkcto02?redirectTo=SOC
Alienware 16 Area-51 Gaming Laptop,Dell,6049.99,USD,32,2048,specified,Intel Core Ultra 9 290HX,NVIDIA RTX 5090,NVIDIA,Dell,Intel,InStock,"Alienware 16 Area-51 Gaming Laptop, Laptops. Intel Core Ultra 9 290HX · 32 GB RAM · 2 TB · NVIDIA RTX 5090 · from $6,049.99. Specs, configurations, and where to buy on Plug PCs.",https://plugpcs.com/p/dell/alienware-16-area-51-gaming-laptop-useaa16250wmlkcto03,,,laptops,useaa16250wmlkcto03,specified,https://schema.org/InStock,https://www.dell.com/en-us/shop/dell-laptops/alienware-area-51-aa16250-gaming-laptop/spd/alienware-area-51-aa16250-gaming-laptop/useaa16250wmlkcto03?redirectTo=SOC
Alienware 16 Aurora Gaming Laptop,Dell,2649.99,USD,16,1024,specified,Intel Core 9 270H,NVIDIA RTX 5070,NVIDIA,Dell,Intel,InStock,"Alienware 16 Aurora Gaming Laptop, Laptops. Intel Core 9 270H · 16 GB RAM · 1 TB · NVIDIA RTX 5070 · from $2,649.99. Specs, configurations, and where to buy on Plug PCs.",https://plugpcs.com/p/dell/alienware-16-aurora-gaming-laptop-ac16250-reg-01,,,laptops,ac16250_reg_01,specified,https://schema.org/InStock,https://www.dell.com/en-us/shop/desktop-computers/alienware16auroraac16250/spd/alienware16auroraac16250/ac16250_reg_01?redirectTo=SOC
Alienware 16 Aurora Gaming Laptop,Dell,2749.99,USD,16,1024,specified,Intel Core 9 270H,NVIDIA RTX 5070,NVIDIA,Dell,Intel,InStock,"Alienware 16 Aurora Gaming Laptop, Laptops. Intel Core 9 270H · 16 GB RAM · 1 TB · NVIDIA RTX 5070 · from $2,749.99. Specs, configurations, and where to buy on Plug PCs.",https://plugpcs.com/p/dell/alienware-16-aurora-gaming-laptop-useac16250hbtshqdy,,,laptops,useac16250hbtshqdy,specified,https://schema.org/InStock,https://www.dell.com/en-us/shop/dell-laptops/alienware-aurora-ac16250-gaming-laptop/spd/alienware-aurora-ac16250-gaming-laptop/useac16250hbtshqdy?redirectTo=SOC
Alienware 16 Aurora Gaming Laptop,Dell,2249.99,USD,16,1024,specified,Intel Core 7 240H,NVIDIA RTX 5050,NVIDIA,Dell,Intel,InStock,"Alienware 16 Aurora Gaming Laptop, Laptops. Intel Core 7 240H · 16 GB RAM · 1 TB · NVIDIA RTX 5050 · from $2,249.99. Specs, configurations, and where to buy on Plug PCs.",https://plugpcs.com/p/dell/alienware-16-aurora-gaming-laptop-useac16250hbtshqnw,,,laptops,useac16250hbtshqnw,specified,https://schema.org/InStock,https://www.dell.com/en-us/shop/dell-laptops/alienware-aurora-ac16250-gaming-laptop/spd/alienware-aurora-ac16250-gaming-laptop/useac16250hbtshqnw?redirectTo=SOC
Alienware 16 Aurora Gaming Laptop,Dell,1999.99,USD,16,1024,specified,Intel Core 7 240H,NVIDIA RTX 5060,NVIDIA,Dell,Intel,InStock,"Alienware 16 Aurora Gaming Laptop, Laptops. Intel Core 7 240H · 16 GB RAM · 1 TB · NVIDIA RTX 5060 · from $1,999.99. Specs, configurations, and where to buy on Plug PCs.",https://plugpcs.com/p/dell/alienware-16-aurora-gaming-laptop-useac16250hbtshqnx,,,laptops,useac16250hbtshqnx,specified,https://schema.org/InStock,https://www.dell.com/en-us/shop/dell-laptops/alienware-aurora-ac16250-gaming-laptop/spd/alienware-aurora-ac16250-gaming-laptop/useac16250hbtshqnx?redirectTo=SOC
Alienware 16 Aurora Gaming Laptop,Dell,2699.99,USD,32,1024,specified,Intel Core 7 240H,NVIDIA RTX 5060,NVIDIA,Dell,Intel,InStock,"Alienware 16 Aurora Gaming Laptop, Laptops. Intel Core 7 240H · 32 GB RAM · 1 TB · NVIDIA RTX 5060 · from $2,699.99. Specs, configurations, and where to buy on Plug PCs.",https://plugpcs.com/p/dell/alienware-16-aurora-gaming-laptop-useac16250hbtshqny,,,laptops,useac16250hbtshqny,specified,https://schema.org/InStock,https://www.dell.com/en-us/shop/dell-laptops/alienware-aurora-ac16250-gaming-laptop/spd/alienware-aurora-ac16250-gaming-laptop/useac16250hbtshqny?redirectTo=SOC
Alienware 16 Aurora Gaming Laptop,Dell,2349.99,USD,16,1024,specified,Intel Core 9 270H,NVIDIA RTX 5070,NVIDIA,Dell,Intel,InStock,"Alienware 16 Aurora Gaming Laptop, Laptops. Intel Core 9 270H · 16 GB RAM · 1 TB · NVIDIA RTX 5070 · from $2,349.99. Specs, configurations, and where to buy on Plug PCs.",https://plugpcs.com/p/dell/alienware-16-aurora-gaming-laptop-useac16250hbtshqpb,,,laptops,useac16250hbtshqpb,specified,https://schema.org/InStock,https://www.dell.com/en-us/shop/dell-laptops/alienware-aurora-ac16250-gaming-laptop/spd/alienware-aurora-ac16250-gaming-laptop/useac16250hbtshqpb?redirectTo=SOC
Alienware 16 Aurora Gaming Laptop,Dell,1999.99,USD,16,512,specified,Intel Core 7 240H,NVIDIA RTX 5050,NVIDIA,Dell,Intel,InStock,"Alienware 16 Aurora Gaming Laptop, Laptops. Intel Core 7 240H · 16 GB RAM · 512 GB · NVIDIA RTX 5050 · from $1,999.99. Specs, configurations, and where to buy on Plug PCs.",https://plugpcs.com/p/dell/alienware-16-aurora-gaming-laptop-useac16250hbtshtgb,,,laptops,useac16250hbtshtgb,specified,https://schema.org/InStock,https://www.dell.com/en-us/shop/dell-laptops/alienware-aurora-ac16250-gaming-laptop/spd/alienware-aurora-ac16250-gaming-laptop/useac16250hbtshtgb?redirectTo=SOC
Alienware 16 Aurora Gaming Laptop,Dell,1749.99,USD,16,512,specified,Intel Core 7 240H,NVIDIA RTX 5060,NVIDIA,Dell,Intel,InStock,"Alienware 16 Aurora Gaming Laptop, Laptops. Intel Core 7 240H · 16 GB RAM · 512 GB · NVIDIA RTX 5060 · from $1,749.99. Specs, configurations, and where to buy on Plug PCs.",https://plugpcs.com/p/dell/alienware-16-aurora-gaming-laptop-useac16250hbtshtgc,,,laptops,useac16250hbtshtgc,specified,https://schema.org/InStock,https://www.dell.com/en-us/shop/dell-laptops/alienware-aurora-ac16250-gaming-laptop/spd/alienware-aurora-ac16250-gaming-laptop/useac16250hbtshtgc?redirectTo=SOC
Alienware 16 Aurora Gaming Laptop,Dell,1549.99,USD,16,512,specified,Intel Core 7 240H,NVIDIA RTX 4050,NVIDIA,Dell,Intel,InStock,"Alienware 16 Aurora Gaming Laptop, Laptops. Intel Core 7 240H · 16 GB RAM · 512 GB · NVIDIA RTX 4050 · from $1,549.99. Specs, configurations, and where to buy on Plug PCs.",https://plugpcs.com/p/dell/alienware-16-aurora-gaming-laptop-useac16250hbtshvyf,,,laptops,useac16250hbtshvyf,specified,https://schema.org/InStock,https://www.dell.com/en-us/shop/dell-laptops/alienware-aurora-ac16250-gaming-laptop/spd/alienware-aurora-ac16250-gaming-laptop/useac16250hbtshvyf?redirectTo=SOC
Alienware 16X Aurora Gaming Laptop,Dell,2699.99,USD,16,1024,specified,Intel Core Ultra 7 270HX,NVIDIA RTX 5070,NVIDIA,Dell,Intel,InStock,"Alienware 16X Aurora Gaming Laptop, Laptops. Intel Core Ultra 7 270HX · 16 GB RAM · 1 TB · NVIDIA RTX 5070 · from $2,699.99. Specs, configurations, and where to buy on Plug PCs.",https://plugpcs.com/p/dell/alienware-16x-aurora-gaming-laptop-ac16251-reg-03,,,laptops,ac16251_reg_03,specified,https://schema.org/InStock,https://www.dell.com/en-us/shop/desktop-computers/alienware16xauroraac16251/spd/alienware16xauroraac16251/ac16251_reg_03?redirectTo=SOC
Alienware 16X Aurora Gaming Laptop,Dell,2199.99,USD,16,1024,specified,Intel Core Ultra 7 270HX,NVIDIA RTX 5070,NVIDIA,Dell,Intel,InStock,"Alienware 16X Aurora Gaming Laptop, Laptops. Intel Core Ultra 7 270HX · 16 GB RAM · 1 TB · NVIDIA RTX 5070 · from $2,199.99. Specs, configurations, and where to buy on Plug PCs.",https://plugpcs.com/p/dell/alienware-16x-aurora-gaming-laptop-useac16251hbtsjdmv,,,laptops,useac16251hbtsjdmv,specified,https://schema.org/InStock,https://www.dell.com/en-us/shop/dell-laptops/alienware-aurora-ac16251-gaming-laptop/spd/alienware-aurora-ac16251-gaming-laptop/useac16251hbtsjdmv?redirectTo=SOC
Alienware 16X Aurora Gaming Laptop,Dell,3149.99,USD,32,1024,specified,Intel Core Ultra 9 290HX,NVIDIA RTX 5060,NVIDIA,Dell,Intel,InStock,"Alienware 16X Aurora Gaming Laptop, Laptops. Intel Core Ultra 9 290HX · 32 GB RAM · 1 TB · NVIDIA RTX 5060 · from $3,149.99. Specs, configurations, and where to buy on Plug PCs.",https://plugpcs.com/p/dell/alienware-16x-aurora-gaming-laptop-useac16251hbtsjdmx,,,laptops,useac16251hbtsjdmx,specified,https://schema.org/InStock,https://www.dell.com/en-us/shop/dell-laptops/alienware-aurora-ac16251-gaming-laptop/spd/alienware-aurora-ac16251-gaming-laptop/useac16251hbtsjdmx?redirectTo=SOC
Alienware 16X Aurora Gaming Laptop,Dell,2649.99,USD,32,512,specified,Intel Core Ultra 9 290HX,NVIDIA RTX 5070,NVIDIA,Dell,Intel,InStock,"Alienware 16X Aurora Gaming Laptop, Laptops. Intel Core Ultra 9 290HX · 32 GB RAM · 512 GB · NVIDIA RTX 5070 · from $2,649.99. Specs, configurations, and where to buy on Plug PCs.",https://plugpcs.com/p/dell/alienware-16x-aurora-gaming-laptop-useac16251hbtsjdmy,,,laptops,useac16251hbtsjdmy,specified,https://schema.org/InStock,https://www.dell.com/en-us/shop/dell-laptops/alienware-aurora-ac16251-gaming-laptop/spd/alienware-aurora-ac16251-gaming-laptop/useac16251hbtsjdmy?redirectTo=SOC
Alienware 16X Aurora Gaming Laptop,Dell,2999.99,USD,32,1024,specified,Intel Core Ultra 9 290HX,NVIDIA RTX 5070,NVIDIA,Dell,Intel,InStock,"Alienware 16X Aurora Gaming Laptop, Laptops. Intel Core Ultra 9 290HX · 32 GB RAM · 1 TB · NVIDIA RTX 5070 · from $2,999.99. Specs, configurations, and where to buy on Plug PCs.",https://plugpcs.com/p/dell/alienware-16x-aurora-gaming-laptop-useac16251hbtsjdmz,,,laptops,useac16251hbtsjdmz,specified,https://schema.org/InStock,https://www.dell.com/en-us/shop/dell-laptops/alienware-aurora-ac16251-gaming-laptop/spd/alienware-aurora-ac16251-gaming-laptop/useac16251hbtsjdmz?redirectTo=SOC
Alienware 16X Aurora Gaming Laptop,Dell,3999.99,USD,32,2048,specified,Intel Core Ultra 9 290HX,NVIDIA RTX 5070,NVIDIA,Dell,Intel,InStock,"Alienware 16X Aurora Gaming Laptop, Laptops. Intel Core Ultra 9 290HX · 32 GB RAM · 2 TB · NVIDIA RTX 5070 · from $3,999.99. Specs, configurations, and where to buy on Plug PCs.",https://plugpcs.com/p/dell/alienware-16x-aurora-gaming-laptop-useac16251hbtsjdnb,,,laptops,useac16251hbtsjdnb,specified,https://schema.org/InStock,https://www.dell.com/en-us/shop/dell-laptops/alienware-aurora-ac16251-gaming-laptop/spd/alienware-aurora-ac16251-gaming-laptop/useac16251hbtsjdnb?redirectTo=SOC
Alienware 16X Aurora Gaming Laptop,Dell,3249.99,USD,32,1024,specified,Intel Core Ultra 9 290HX,NVIDIA RTX 5070 Ti,NVIDIA,Dell,Intel,InStock,"Alienware 16X Aurora Gaming Laptop, Laptops. Intel Core Ultra 9 290HX · 32 GB RAM · 1 TB · NVIDIA RTX 5070 Ti · from $3,249.99. Specs, configurations, and where to buy on Plug PCs.",https://plugpcs.com/p/dell/alienware-16x-aurora-gaming-laptop-useac16251hbtsjdnc,,,laptops,useac16251hbtsjdnc,specified,https://schema.org/InStock,https://www.dell.com/en-us/shop/dell-laptops/alienware-aurora-ac16251-gaming-laptop/spd/alienware-aurora-ac16251-gaming-laptop/useac16251hbtsjdnc?redirectTo=SOC
Alienware 16X Aurora Gaming Laptop,Dell,4549.99,USD,32,2048,specified,Intel Core Ultra 9 290HX,NVIDIA RTX 5070 Ti,NVIDIA,Dell,Intel,InStock,"Alienware 16X Aurora Gaming Laptop, Laptops. Intel Core Ultra 9 290HX · 32 GB RAM · 2 TB · NVIDIA RTX 5070 Ti · from $4,549.99. Specs, configurations, and where to buy on Plug PCs.",https://plugpcs.com/p/dell/alienware-16x-aurora-gaming-laptop-useac16251hbtsjdnd,,,laptops,useac16251hbtsjdnd,specified,https://schema.org/InStock,https://www.dell.com/en-us/shop/dell-laptops/alienware-aurora-ac16251-gaming-laptop/spd/alienware-aurora-ac16251-gaming-laptop/useac16251hbtsjdnd?redirectTo=SOC
Alienware 16X Aurora Gaming Laptop,Dell,2699.99,USD,16,1024,specified,Intel Core Ultra 7 270HX,NVIDIA RTX 5070,NVIDIA,Dell,Intel,InStock,"Alienware 16X Aurora Gaming Laptop, Laptops. Intel Core Ultra 7 270HX · 16 GB RAM · 1 TB · NVIDIA RTX 5070 · from $2,699.99. Specs, configurations, and where to buy on Plug PCs.",https://plugpcs.com/p/dell/alienware-16x-aurora-gaming-laptop-useac16251wmlkcto01,,,laptops,useac16251wmlkcto01,specified,https://schema.org/InStock,https://www.dell.com/en-us/shop/dell-laptops/alienware-aurora-ac16251-gaming-laptop/spd/alienware-aurora-ac16251-gaming-laptop/useac16251wmlkcto01?redirectTo=SOC
Alienware 18 Area-51 Gaming Laptop,Dell,3999.99,USD,32,1024,specified,Intel Core Ultra 9 290HX,NVIDIA RTX 5070,NVIDIA,Dell,Intel,InStock,"Alienware 18 Area-51 Gaming Laptop, Laptops. Intel Core Ultra 9 290HX · 32 GB RAM · 1 TB · NVIDIA RTX 5070 · from $3,999.99. Specs, configurations, and where to buy on Plug PCs.",https://plugpcs.com/p/dell/alienware-18-area-51-gaming-laptop-aa18250-reg-01,,,laptops,aa18250_reg_01,specified,https://schema.org/InStock,https://www.dell.com/en-us/shop/desktop-computers/alienware18area51aa18250/spd/alienware18area51aa18250/aa18250_reg_01?redirectTo=SOC
Alienware 18 Area-51 Gaming Laptop,Dell,4449.99,USD,32,1024,specified,Intel Core Ultra 9 290HX,NVIDIA RTX 5070,NVIDIA,Dell,Intel,InStock,"Alienware 18 Area-51 Gaming Laptop, Laptops. Intel Core Ultra 9 290HX · 32 GB RAM · 1 TB · NVIDIA RTX 5070 · from $4,449.99. Specs, configurations, and where to buy on Plug PCs.",https://plugpcs.com/p/dell/alienware-18-area-51-gaming-laptop-useaa18250hbtsjdmm,,,laptops,useaa18250hbtsjdmm,specified,https://schema.org/InStock,https://www.dell.com/en-us/shop/dell-laptops/alienware-area-51-aa18250-gaming-laptop/spd/alienware-area-51-aa18250-gaming-laptop/useaa18250hbtsjdmm?redirectTo=SOC
Alienware 18 Area-51 Gaming Laptop,Dell,4799.99,USD,32,1024,specified,Intel Core Ultra 9 290HX,NVIDIA RTX 5090,NVIDIA,Dell,Intel,InStock,"Alienware 18 Area-51 Gaming Laptop, Laptops. Intel Core Ultra 9 290HX · 32 GB RAM · 1 TB · NVIDIA RTX 5090 · from $4,799.99. Specs, configurations, and where to buy on Plug PCs.",https://plugpcs.com/p/dell/alienware-18-area-51-gaming-laptop-useaa18250hbtsjdmn,,,laptops,useaa18250hbtsjdmn,specified,https://schema.org/InStock,https://www.dell.com/en-us/shop/dell-laptops/alienware-area-51-aa18250-gaming-laptop/spd/alienware-area-51-aa18250-gaming-laptop/useaa18250hbtsjdmn?redirectTo=SOC
Alienware 18 Area-51 Gaming Laptop,Dell,4849.99,USD,32,1024,specified,Intel Core Ultra 9 290HX,NVIDIA RTX 5090,NVIDIA,Dell,Intel,InStock,"Alienware 18 Area-51 Gaming Laptop, Laptops. Intel Core Ultra 9 290HX · 32 GB RAM · 1 TB · NVIDIA RTX 5090 · from $4,849.99. Specs, configurations, and where to buy on Plug PCs.",https://plugpcs.com/p/dell/alienware-18-area-51-gaming-laptop-useaa18250hbtsjdmp,,,laptops,useaa18250hbtsjdmp,specified,https://schema.org/InStock,https://www.dell.com/en-us/shop/dell-laptops/alienware-area-51-aa18250-gaming-laptop/spd/alienware-area-51-aa18250-gaming-laptop/useaa18250hbtsjdmp?redirectTo=SOC
Alienware 18 Area-51 Gaming Laptop,Dell,3999.99,USD,32,1024,specified,Intel Core Ultra 9 290HX,NVIDIA RTX 5070,NVIDIA,Dell,Intel,InStock,"Alienware 18 Area-51 Gaming Laptop, Laptops. Intel Core Ultra 9 290HX · 32 GB RAM · 1 TB · NVIDIA RTX 5070 · from $3,999.99. Specs, configurations, and where to buy on Plug PCs.",https://plugpcs.com/p/dell/alienware-18-area-51-gaming-laptop-useaa18250hcto02,,,laptops,useaa18250hcto02,specified,https://schema.org/InStock,https://www.dell.com/en-us/shop/dell-laptops/alienware-area-51-aa18250-gaming-laptop/spd/alienware-area-51-aa18250-gaming-laptop/useaa18250hcto02?redirectTo=SOC
Alienware 18 Area-51 Gaming Laptop,Dell,6149.99,USD,32,2048,specified,Intel Core Ultra 9 290HX,NVIDIA RTX 5090,NVIDIA,Dell,Intel,InStock,"Alienware 18 Area-51 Gaming Laptop, Laptops. Intel Core Ultra 9 290HX · 32 GB RAM · 2 TB · NVIDIA RTX 5090 · from $6,149.99. Specs, configurations, and where to buy on Plug PCs.",https://plugpcs.com/p/dell/alienware-18-area-51-gaming-laptop-useaa18250wmlkcto03,,,laptops,useaa18250wmlkcto03,specified,https://schema.org/InStock,https://www.dell.com/en-us/shop/dell-laptops/alienware-area-51-aa18250-gaming-laptop/spd/alienware-area-51-aa18250-gaming-laptop/useaa18250wmlkcto03?redirectTo=SOC
Aon L1,MALIBAL,2142,USD,8,500,specified,Intel Core i5 13500H,Intel Iris Xe,Intel,MALIBAL,Intel,InStock,"Aon L1, Laptops. Intel Core i5 13500H · 8 GB RAM · 500 GB · Intel Iris Xe · from $2,142. Specs, configurations, and where to buy on Plug PCs.",https://plugpcs.com/p/malibal/aon-l1,,,laptops,AON-L1,specified,https://schema.org/InStock,https://www.malibal.com/shop/laptops/aon-l1/
Aon S1,MALIBAL,2092,USD,16,500,specified,Intel Core i5 13500H,Intel Iris Xe,Intel,MALIBAL,Intel,InStock,"Aon S1, Laptops. Intel Core i5 13500H · 16 GB RAM · 500 GB · Intel Iris Xe · from $2,092. Specs, configurations, and where to buy on Plug PCs.",https://plugpcs.com/p/malibal/aon-s1,,,laptops,AON-S1,specified,https://schema.org/InStock,https://www.malibal.com/shop/laptops/aon-s1/
Aon X1,MALIBAL,2680,USD,8,500,specified,Intel Core Ultra 9 275HX,NVIDIA RTX 5070 Ti,NVIDIA,MALIBAL,Intel,InStock,"Aon X1, Laptops. Intel Core Ultra 9 275HX · 8 GB RAM · 500 GB · NVIDIA RTX 5070 Ti · from $2,680. Specs, configurations, and where to buy on Plug PCs.",https://plugpcs.com/p/malibal/aon-x1,,,laptops,AON-X1,specified,https://schema.org/InStock,https://www.malibal.com/shop/laptops/aon-x1/
Apex X2-5060,Apex Gaming,1669,USD,16,512,specified,AMD Ryzen 7 260,NVIDIA RTX 5060,NVIDIA,Apex Gaming,AMD,InStock,"Apex X2-5060, Laptops. AMD Ryzen 7 260 · 16 GB RAM · 512 GB · NVIDIA RTX 5060 · from $1,669. Specs, configurations, and where to buy on Plug PCs.",https://plugpcs.com/p/apex/apex-x2-5060,,,laptops,,specified,https://schema.org/InStock,https://www.apexgamingpcs.com/products/apex-x2-5060
Apex X2-6550M,Apex Gaming,1639,USD,16,512,specified,AMD Ryzen 5 7535HS,,Unknown,Apex Gaming,AMD,InStock,"Apex X2-6550M, Laptops. AMD Ryzen 5 7535HS · 16 GB RAM · 512 GB · AMD RX 6550M · from $1,639. Specs, configurations, and where to buy on Plug PCs.",https://plugpcs.com/p/apex/apex-x2-6550m,,,laptops,,specified,https://schema.org/InStock,https://www.apexgamingpcs.com/products/x2-6650m
Apex X3-5070,Apex Gaming,2209,USD,16,1024,specified,Intel 5 240H,NVIDIA RTX 5070,NVIDIA,Apex Gaming,Intel,InStock,"Apex X3-5070, Laptops. Intel 5 240H · 16 GB RAM · 1 TB · NVIDIA RTX 5070 · from $2,209. Specs, configurations, and where to buy on Plug PCs.",https://plugpcs.com/p/apex/apex-x3-5070,,,laptops,,specified,https://schema.org/InStock,https://www.apexgamingpcs.com/products/apex-x3-5070
Apex X3-5080,Apex Gaming,3779,USD,16,1024,specified,Intel Core Ultra 9 275HX,NVIDIA RTX 5080,NVIDIA,Apex Gaming,Intel,InStock,"Apex X3-5080, Laptops. Intel Core Ultra 9 275HX · 16 GB RAM · 1 TB · NVIDIA RTX 5080 · from $3,779. Specs, configurations, and where to buy on Plug PCs.",https://plugpcs.com/p/apex/apex-x3-5080,,,laptops,,specified,https://schema.org/InStock,https://www.apexgamingpcs.com/products/apex-x3-5080
Aspire Vero Green PC Laptop,Acer,499.99,USD,8,512,specified,Intel Core i5 1335U,Intel Iris Xe,Intel,Acer,Intel,InStock,"Aspire Vero Green PC Laptop, Laptops. Intel Core i5 1335U · 8 GB RAM · 512 GB · Intel Iris Xe · from $499.99. Specs, configurations, and where to buy on Plug PCs.",https://plugpcs.com/p/acer/aspire-vero-green-pc-laptop,,,laptops,NX.KJSAA.002,specified,https://schema.org/InStock,https://store.acer.com/en-us/aspire-vero-green-pc-laptop-av14-52p-5205
ASUS ExpertBook B1 (B1403),ASUS,497.99,USD,16,512,specified,Intel Core i7 1355U,Intel UHD Graphics,Intel,ASUS,Intel,InStock,"ASUS ExpertBook B1 (B1403), Laptops. Intel Core i7 1355U · 16 GB RAM · 512 GB · Intel UHD Graphics · from $497.99. Specs, configurations, and where to buy on Plug PCs.",https://plugpcs.com/p/asus/asus-expertbook-b1-b1403,,,laptops,26486,specified,https://schema.org/InStock,https://www.asus.com/us/laptops/for-work/expertbook/asus-expertbook-b1-b1403/
ASUS ExpertBook B1 (B1503),ASUS,497.99,USD,16,512,specified,Intel Core i7 1355U,Intel UHD Graphics,Intel,ASUS,Intel,InStock,"ASUS ExpertBook B1 (B1503), Laptops. Intel Core i7 1355U · 16 GB RAM · 512 GB · Intel UHD Graphics · from $497.99. Specs, configurations, and where to buy on Plug PCs.",https://plugpcs.com/p/asus/asus-expertbook-b1-b1503,,,laptops,26487,specified,https://schema.org/InStock,https://www.asus.com/us/laptops/for-work/expertbook/asus-expertbook-b1-b1503/
ASUS ExpertBook B3 (B3405),ASUS,1249.99,USD,16,512,specified,Intel Core Ultra 7 255H,Intel Graphics,Intel,ASUS,Intel,InStock,"ASUS ExpertBook B3 (B3405), Laptops. Intel Core Ultra 7 255H · 16 GB RAM · 512 GB · Intel Graphics · from $1,249.99. Specs, configurations, and where to buy on Plug PCs.",https://plugpcs.com/p/asus/asus-expertbook-b3-b3405,,,laptops,30738,specified,https://schema.org/InStock,https://www.asus.com/us/laptops/for-work/expertbook/asus-expertbook-b3-b3405/
ASUS ExpertBook B3 (B3605),ASUS,1269.99,USD,8,512,specified,Intel Core Ultra 7 255H,Intel Graphics,Intel,ASUS,Intel,InStock,"ASUS ExpertBook B3 (B3605), Laptops. Intel Core Ultra 7 255H · 8 GB RAM · 512 GB · Intel Graphics · from $1,269.99. Specs, configurations, and where to buy on Plug PCs.",https://plugpcs.com/p/asus/asus-expertbook-b3-b3605,,,laptops,30740,specified,https://schema.org/InStock,https://www.asus.com/us/laptops/for-work/expertbook/asus-expertbook-b3-b3605/
"ASUS ExpertBook B3 G1 (14"" Intel)",ASUS,1529.99,USD,16,512,specified,Intel Core Ultra 7 255H,Intel Graphics,Intel,ASUS,Intel,InStock,"ASUS ExpertBook B3 G1 (14"" Intel), Laptops. Intel Core Ultra 7 255H · 16 GB RAM · 512 GB · Intel Graphics · from $1,529.99. Specs, configurations, and where to buy on Plug PCs.",https://plugpcs.com/p/asus/asus-expertbook-b3-g1-14-intel,,,laptops,34682,specified,https://schema.org/InStock,https://www.asus.com/us/laptops/for-work/expertbook/asus-expertbook-b3-g1-14-intel/
"ASUS ExpertBook B3 G1 (16"" Intel)",ASUS,1549.99,USD,16,512,specified,Intel Core Ultra 7 255H,Intel Graphics,Intel,ASUS,Intel,InStock,"ASUS ExpertBook B3 G1 (16"" Intel), Laptops. Intel Core Ultra 7 255H · 16 GB RAM · 512 GB · Intel Graphics · from $1,549.99. Specs, configurations, and where to buy on Plug PCs.",https://plugpcs.com/p/asus/asus-expertbook-b3-g1-16-intel,,,laptops,34683,specified,https://schema.org/InStock,https://www.asus.com/us/laptops/for-work/expertbook/asus-expertbook-b3-g1-16-intel/
ASUS ExpertBook B3 G2 (14'' AMD),ASUS,2639.99,USD,32,1024,specified,AMD Ryzen AI 7 450,AMD Radeon 860M,AMD,ASUS,AMD,InStock,"ASUS ExpertBook B3 G2 (14'' AMD), Laptops. AMD Ryzen AI 7 450 · 32 GB RAM · 1 TB · AMD Radeon 860M · from $2,639.99. Specs, configurations, and where to buy on Plug PCs.",https://plugpcs.com/p/asus/asus-expertbook-b3-g2-14-amd,,,laptops,33369,specified,https://schema.org/InStock,https://www.asus.com/us/laptops/for-work/expertbook/asus-expertbook-b3-g2-14-amd/
ASUS ExpertBook B3 G2 (16'' AMD),ASUS,2679.99,USD,32,1024,specified,AMD Ryzen AI 7 450,AMD Radeon 860M,AMD,ASUS,AMD,InStock,"ASUS ExpertBook B3 G2 (16'' AMD), Laptops. AMD Ryzen AI 7 450 · 32 GB RAM · 1 TB · AMD Radeon 860M · from $2,679.99. Specs, configurations, and where to buy on Plug PCs.",https://plugpcs.com/p/asus/asus-expertbook-b3-g2-16-amd,,,laptops,33368,specified,https://schema.org/InStock,https://www.asus.com/us/laptops/for-work/expertbook/asus-expertbook-b3-g2-16-amd/
"ASUS ExpertBook B3 G2 (16"" Intel)",ASUS,2199.99,USD,16,512,specified,Intel Core Ultra 7 355,Intel Graphics,Intel,ASUS,Intel,InStock,"ASUS ExpertBook B3 G2 (16"" Intel), Laptops. Intel Core Ultra 7 355 · 16 GB RAM · 512 GB · Intel Graphics · from $2,199.99. Specs, configurations, and where to buy on Plug PCs.",https://plugpcs.com/p/asus/asus-expertbook-b3-g2-16-intel,,,laptops,34604,specified,https://schema.org/InStock,https://www.asus.com/us/laptops/for-work/expertbook/asus-expertbook-b3-g2-16-intel/
ASUS ExpertBook B5 (B5405),ASUS,1326.99,USD,16,512,specified,Intel Core Ultra 7 255H,Intel Graphics,Intel,ASUS,Intel,InStock,"ASUS ExpertBook B5 (B5405), Laptops. Intel Core Ultra 7 255H · 16 GB RAM · 512 GB · Intel Graphics · from $1,326.99. Specs, configurations, and where to buy on Plug PCs.",https://plugpcs.com/p/asus/asus-expertbook-b5-b5405,,,laptops,30752,specified,https://schema.org/InStock,https://www.asus.com/us/laptops/for-work/expertbook/asus-expertbook-b5-b5405/
"ASUS ExpertBook B5 G2 (14"" Intel)",ASUS,2939.99,USD,32,1024,specified,Intel Core Ultra 7 356H,Intel Graphics,Intel,ASUS,Intel,InStock,"ASUS ExpertBook B5 G2 (14"" Intel), Laptops. Intel Core Ultra 7 356H · 32 GB RAM · 1 TB · Intel Graphics · from $2,939.99. Specs, configurations, and where to buy on Plug PCs.",https://plugpcs.com/p/asus/asus-expertbook-b5-g2-14-intel,,,laptops,34595,specified,https://schema.org/InStock,https://www.asus.com/us/laptops/for-work/expertbook/asus-expertbook-b5-g2-14-intel/
"ASUS ExpertBook B5 G2 (16"" Intel)",ASUS,2959.99,USD,32,1024,specified,Intel Core Ultra 7 356H,Intel Graphics,Intel,ASUS,Intel,InStock,"ASUS ExpertBook B5 G2 (16"" Intel), Laptops. Intel Core Ultra 7 356H · 32 GB RAM · 1 TB · Intel Graphics · from $2,959.99. Specs, configurations, and where to buy on Plug PCs.",https://plugpcs.com/p/asus/asus-expertbook-b5-g2-16-intel,,,laptops,34596,specified,https://schema.org/InStock,https://www.asus.com/us/laptops/for-work/expertbook/asus-expertbook-b5-g2-16-intel/
ASUS ExpertBook BM1 (BM1403),ASUS,699.99,USD,8,256,specified,AMD Ryzen 5 7535U,AMD Radeon 660M,AMD,ASUS,AMD,InStock,"ASUS ExpertBook BM1 (BM1403), Laptops. AMD Ryzen 5 7535U · 8 GB RAM · 256 GB · AMD Radeon 660M · from $699.99. Specs, configurations, and where to buy on Plug PCs.",https://plugpcs.com/p/asus/asus-expertbook-bm1-bm1403,,,laptops,26512,specified,https://schema.org/InStock,https://www.asus.com/us/laptops/for-work/expertbook/asus-expertbook-bm1-bm1403/
ASUS ExpertBook BM1 (BM1503),ASUS,699.99,USD,8,256,specified,AMD Ryzen 5 7535U,AMD Radeon 660M,AMD,ASUS,AMD,InStock,"ASUS ExpertBook BM1 (BM1503), Laptops. AMD Ryzen 5 7535U · 8 GB RAM · 256 GB · AMD Radeon 660M · from $699.99. Specs, configurations, and where to buy on Plug PCs.",https://plugpcs.com/p/asus/asus-expertbook-bm1-bm1503,,,laptops,26513,specified,https://schema.org/InStock,https://www.asus.com/us/laptops/for-work/expertbook/asus-expertbook-bm1-bm1503/
ASUS ExpertBook P1 (PM1403),ASUS,1079.99,USD,16,512,specified,AMD Ryzen 7 170,AMD Radeon Graphics,AMD,ASUS,AMD,InStock,"ASUS ExpertBook P1 (PM1403), Laptops. AMD Ryzen 7 170 · 16 GB RAM · 512 GB · AMD Radeon Graphics · from $1,079.99. Specs, configurations, and where to buy on Plug PCs.",https://plugpcs.com/p/asus/asus-expertbook-p1-pm1403,,,laptops,30978,specified,https://schema.org/InStock,https://www.asus.com/us/laptops/for-work/expertbook/asus-expertbook-p1-pm1403/
ASUS ExpertBook P1 (PM1503),ASUS,1099.99,USD,16,512,specified,AMD Ryzen 7 170,AMD Radeon Graphics,AMD,ASUS,AMD,InStock,"ASUS ExpertBook P1 (PM1503), Laptops. AMD Ryzen 7 170 · 16 GB RAM · 512 GB · AMD Radeon Graphics · from $1,099.99. Specs, configurations, and where to buy on Plug PCs.",https://plugpcs.com/p/asus/asus-expertbook-p1-pm1503,,,laptops,30979,specified,https://schema.org/InStock,https://www.asus.com/us/laptops/for-work/expertbook/asus-expertbook-p1-pm1503/
ASUS ExpertBook P3 (PM3406),ASUS,1149.99,USD,16,1024,specified,AMD Ryzen AI 7 350,AMD Radeon 820M,AMD,ASUS,AMD,InStock,"ASUS ExpertBook P3 (PM3406), Laptops. AMD Ryzen AI 7 350 · 16 GB RAM · 1 TB · AMD Radeon 820M · from $1,149.99. Specs, configurations, and where to buy on Plug PCs.",https://plugpcs.com/p/asus/asus-expertbook-p3-pm3406,,,laptops,31167,specified,https://schema.org/InStock,https://www.asus.com/us/laptops/for-work/expertbook/asus-expertbook-p3-pm3406/
ASUS ExpertBook P3 (PM3606),ASUS,1179.99,USD,16,1024,specified,AMD Ryzen AI 7 350,AMD Radeon 820M,AMD,ASUS,AMD,InStock,"ASUS ExpertBook P3 (PM3606), Laptops. AMD Ryzen AI 7 350 · 16 GB RAM · 1 TB · AMD Radeon 820M · from $1,179.99. Specs, configurations, and where to buy on Plug PCs.",https://plugpcs.com/p/asus/asus-expertbook-p3-pm3606,,,laptops,31166,specified,https://schema.org/InStock,https://www.asus.com/us/laptops/for-work/expertbook/asus-expertbook-p3-pm3606/
ASUS ExpertBook P5 G2 (14'' Intel),ASUS,2979.99,USD,32,1024,specified,Intel Core Ultra 7 356H,Intel Graphics,Intel,ASUS,Intel,InStock,"ASUS ExpertBook P5 G2 (14'' Intel), Laptops. Intel Core Ultra 7 356H · 32 GB RAM · 1 TB · Intel Graphics · from $2,979.99. Specs, configurations, and where to buy on Plug PCs.",https://plugpcs.com/p/asus/asus-expertbook-p5-g2-14-intel,,,laptops,34603,specified,https://schema.org/InStock,https://www.asus.com/us/laptops/for-work/expertbook/asus-expertbook-p5-g2-14-intel/
"ASUS ExpertBook P5 G2 (14"" AMD)",ASUS,2629.99,USD,32,1024,specified,AMD Ryzen AI 9 HX 470,AMD Radeon 890M,AMD,ASUS,AMD,InStock,"ASUS ExpertBook P5 G2 (14"" AMD), Laptops. AMD Ryzen AI 9 HX 470 · 32 GB RAM · 1 TB · AMD Radeon 890M · from $2,629.99. Specs, configurations, and where to buy on Plug PCs.",https://plugpcs.com/p/asus/asus-expertbook-p5-g2-14-amd,,,laptops,33483,specified,https://schema.org/InStock,https://www.asus.com/us/laptops/for-work/expertbook/asus-expertbook-p5-g2-14-amd/
ASUS ExpertBook P5 G2 (16'' Intel),ASUS,2999.99,USD,32,1024,specified,Intel Core Ultra 7 356H,Intel Graphics,Intel,ASUS,Intel,InStock,"ASUS ExpertBook P5 G2 (16'' Intel), Laptops. Intel Core Ultra 7 356H · 32 GB RAM · 1 TB · Intel Graphics · from $2,999.99. Specs, configurations, and where to buy on Plug PCs.",https://plugpcs.com/p/asus/asus-expertbook-p5-g2-16-intel,,,laptops,34602,specified,https://schema.org/InStock,https://www.asus.com/us/laptops/for-work/expertbook/asus-expertbook-p5-g2-16-intel/
"ASUS ExpertBook P5 G2 (16"" AMD)",ASUS,2679.99,USD,32,1024,specified,AMD Ryzen AI 9 HX 470,AMD Radeon 890M,AMD,ASUS,AMD,InStock,"ASUS ExpertBook P5 G2 (16"" AMD), Laptops. AMD Ryzen AI 9 HX 470 · 32 GB RAM · 1 TB · AMD Radeon 890M · from $2,679.99. Specs, configurations, and where to buy on Plug PCs.",https://plugpcs.com/p/asus/asus-expertbook-p5-g2-16-amd,,,laptops,33484,specified,https://schema.org/InStock,https://www.asus.com/us/laptops/for-work/expertbook/asus-expertbook-p5-g2-16-amd/
ASUS ExpertBook Ultra,ASUS,3599.99,USD,32,1024,specified,Intel Core Ultra X7 358H,Intel Arc B390Intel Graphics,Intel,ASUS,Intel,InStock,"ASUS ExpertBook Ultra, Laptops. Intel Core Ultra X7 358H · 32 GB RAM · 1 TB · Intel Arc B390Intel Graphics · from $3,599.99. Specs, configurations, and where to buy on Plug PCs.",https://plugpcs.com/p/asus/asus-expertbook-ultra,,,laptops,32332,specified,https://schema.org/InStock,https://www.asus.com/us/laptops/for-work/expertbook/asus-expertbook-ultra/
ASUS Googlebook 14,ASUS,1299,USD,16,256,specified,Intel Core Ultra 5 325,Intel Graphics,Intel,ASUS,Intel,InStock,"ASUS Googlebook 14, Laptops. Intel Core Ultra 5 325 · 16 GB RAM · 256 GB · Intel Graphics · from $1,299. Specs, configurations, and where to buy on Plug PCs.",https://plugpcs.com/p/asus/asus-googlebook-14,,,laptops,39090,specified,https://schema.org/InStock,https://www.asus.com/us/laptops/for-home/googlebook/asus-googlebook-14/
ASUS TUF Gaming A14 (2025),ASUS,1699.99,USD,8,1024,specified,AMD Ryzen AI 7 350,NVIDIA RTX 5060 Laptop,NVIDIA,ASUS,AMD,InStock,"ASUS TUF Gaming A14 (2025), Laptops. AMD Ryzen AI 7 350 · 8 GB RAM · 1 TB · NVIDIA RTX 5060 Laptop · from $1,699.99. Specs, configurations, and where to buy on Plug PCs.",https://plugpcs.com/p/asus/asus-tuf-gaming-a14-2025,,,laptops,31165,specified,https://schema.org/InStock,https://www.asus.com/us/laptops/for-gaming/tuf-gaming/asus-tuf-gaming-a14-2025/
ASUS TUF Gaming A14 (2026) FA401EA,ASUS,2199.99,USD,32,1024,specified,AMD Ryzen AI Max+ 392,AMD Radeon 8060S,AMD,ASUS,AMD,InStock,"ASUS TUF Gaming A14 (2026) FA401EA, Laptops. AMD Ryzen AI Max+ 392 · 32 GB RAM · 1 TB · AMD Radeon 8060S · from $2,199.99. Specs, configurations, and where to buy on Plug PCs.",https://plugpcs.com/p/asus/asus-tuf-gaming-a14-2026-fa401ea,,,laptops,34660,specified,https://schema.org/InStock,https://www.asus.com/us/laptops/for-gaming/tuf-gaming/asus-tuf-gaming-a14-2026-fa401ea/
ASUS TUF Gaming A15,ASUS,999.99,USD,8,512,specified,AMD Ryzen 5 7535HS,NVIDIA RTX 3050 Laptop,NVIDIA,ASUS,AMD,InStock,"ASUS TUF Gaming A15, Laptops. AMD Ryzen 5 7535HS · 8 GB RAM · 512 GB · NVIDIA RTX 3050 Laptop · from $999.99. Specs, configurations, and where to buy on Plug PCs.",https://plugpcs.com/p/asus/asus-tuf-gaming-a15,,,laptops,15366,specified,https://schema.org/InStock,https://www.asus.com/us/laptops/for-gaming/tuf-gaming/asus-tuf-gaming-a15/
ASUS TUF Gaming A16 (2025),ASUS,1549.99,USD,16,1024,specified,AMD Ryzen 9 270,NVIDIA RTX 5070 Laptop,NVIDIA,ASUS,AMD,InStock,"ASUS TUF Gaming A16 (2025), Laptops. AMD Ryzen 9 270 · 16 GB RAM · 1 TB · NVIDIA RTX 5070 Laptop · from $1,549.99. Specs, configurations, and where to buy on Plug PCs.",https://plugpcs.com/p/asus/asus-tuf-gaming-a16-2025,,,laptops,30940,specified,https://schema.org/InStock,https://www.asus.com/us/laptops/for-gaming/tuf-gaming/asus-tuf-gaming-a16-2025/
ASUS TUF Gaming A18 (2025),ASUS,2199.99,USD,16,1024,specified,AMD Ryzen 9 8940HX,NVIDIA RTX 5070 Laptop,NVIDIA,ASUS,AMD,InStock,"ASUS TUF Gaming A18 (2025), Laptops. AMD Ryzen 9 8940HX · 16 GB RAM · 1 TB · NVIDIA RTX 5070 Laptop · from $2,199.99. Specs, configurations, and where to buy on Plug PCs.",https://plugpcs.com/p/asus/asus-tuf-gaming-a18-2025,,,laptops,30941,specified,https://schema.org/InStock,https://www.asus.com/us/laptops/for-gaming/tuf-gaming/asus-tuf-gaming-a18-2025/
ASUS TUF Gaming F16 (2024),ASUS,1199.99,USD,8,512,specified,Intel Core i7 13650HX,NVIDIA RTX 4060 Laptop,NVIDIA,ASUS,Intel,InStock,"ASUS TUF Gaming F16 (2024), Laptops. Intel Core i7 13650HX · 8 GB RAM · 512 GB · NVIDIA RTX 4060 Laptop · from $1,199.99. Specs, configurations, and where to buy on Plug PCs.",https://plugpcs.com/p/asus/asus-tuf-gaming-f16-2024,,,laptops,24075,specified,https://schema.org/InStock,https://www.asus.com/us/laptops/for-gaming/tuf-gaming/asus-tuf-gaming-f16-2024/
ASUS TUF Gaming F16 (2025),ASUS,1699.99,USD,16,1024,specified,Intel Core i7 14650HX,NVIDIA RTX 5070 Laptop,NVIDIA,ASUS,Intel,InStock,"ASUS TUF Gaming F16 (2025), Laptops. Intel Core i7 14650HX · 16 GB RAM · 1 TB · NVIDIA RTX 5070 Laptop · from $1,699.99. Specs, configurations, and where to buy on Plug PCs.",https://plugpcs.com/p/asus/asus-tuf-gaming-f16-2025,,,laptops,30939,specified,https://schema.org/InStock,https://www.asus.com/us/laptops/for-gaming/tuf-gaming/asus-tuf-gaming-f16-2025/
ASUS TUF Gaming F16 (2026),ASUS,2399.99,USD,16,1024,specified,Intel Core Ultra 9 290HX,NVIDIA RTX 5070 Laptop,NVIDIA,ASUS,Intel,InStock,"ASUS TUF Gaming F16 (2026), Laptops. Intel Core Ultra 9 290HX · 16 GB RAM · 1 TB · NVIDIA RTX 5070 Laptop · from $2,399.99. Specs, configurations, and where to buy on Plug PCs.",https://plugpcs.com/p/asus/asus-tuf-gaming-f16-2026,,,laptops,35850,specified,https://schema.org/InStock,https://www.asus.com/us/laptops/for-gaming/tuf-gaming/asus-tuf-gaming-f16-2026/
ASUS TUF Gaming F17 (2023),ASUS,1149.99,USD,8,1024,specified,Intel Core i7 13700H,NVIDIA RTX 4060 Laptop,NVIDIA,ASUS,Intel,InStock,"ASUS TUF Gaming F17 (2023), Laptops. Intel Core i7 13700H · 8 GB RAM · 1 TB · NVIDIA RTX 4060 Laptop · from $1,149.99. Specs, configurations, and where to buy on Plug PCs.",https://plugpcs.com/p/asus/asus-tuf-gaming-f17-2023,,,laptops,22279,specified,https://schema.org/InStock,https://www.asus.com/us/laptops/for-gaming/tuf-gaming/asus-tuf-gaming-f17-2023/
Asus V16 (V3607),ASUS,1299.99,USD,16,512,specified,Intel Core 7 240H,NVIDIA RTX 4050 Laptop,NVIDIA,ASUS,Intel,InStock,"Asus V16 (V3607), Laptops. Intel Core 7 240H · 16 GB RAM · 512 GB · NVIDIA RTX 4050 Laptop · from $1,299.99. Specs, configurations, and where to buy on Plug PCs.",https://plugpcs.com/p/asus/asus-v16-v3607,,,laptops,27558,specified,https://schema.org/InStock,https://www.asus.com/us/laptops/for-gaming/all-series/asus-v16-v3607/
ASUS Vivobook 14 (X1404),ASUS,649.99,USD,8,512,specified,Intel Core 5 120U,Intel Graphics,Intel,ASUS,Intel,InStock,"ASUS Vivobook 14 (X1404), Laptops. Intel Core 5 120U · 8 GB RAM · 512 GB · Intel Graphics · from $649.99. Specs, configurations, and where to buy on Plug PCs.",https://plugpcs.com/p/asus/asus-vivobook-14-x1404,,,laptops,20963,specified,https://schema.org/InStock,https://www.asus.com/us/laptops/for-home/vivobook/asus-vivobook-14-x1404/
ASUS Vivobook 14 (X1407Q),ASUS,899.99,USD,16,512,specified,Snapdragon X X1-26-100,Qualcomm Adreno,Qualcomm,ASUS,Qualcomm,InStock,"ASUS Vivobook 14 (X1407Q), Laptops. Snapdragon X X1-26-100 · 16 GB RAM · 512 GB · Qualcomm Adreno · from $899.99. Specs, configurations, and where to buy on Plug PCs.",https://plugpcs.com/p/asus/asus-vivobook-14-x1407q,,,laptops,30765,specified,https://schema.org/InStock,https://www.asus.com/us/laptops/for-home/vivobook/asus-vivobook-14-x1407q/
ASUS Vivobook 14 Flip (TP3407),ASUS,1899.99,USD,16,1024,specified,Intel Core Ultra 7 256V,Intel Arc Graphics,Intel,ASUS,Intel,InStock,"ASUS Vivobook 14 Flip (TP3407), Laptops. Intel Core Ultra 7 256V · 16 GB RAM · 1 TB · Intel Arc Graphics · from $1,899.99. Specs, configurations, and where to buy on Plug PCs.",https://plugpcs.com/p/asus/asus-vivobook-14-flip-tp3407,,,laptops,28573,specified,https://schema.org/InStock,https://www.asus.com/us/laptops/for-home/vivobook/asus-vivobook-14-flip-tp3407/
ASUS Vivobook 15 (X1504),ASUS,99.99,USD,8,512,specified,Intel Core i7 1255U,Intel UHD Graphics,Intel,ASUS,Intel,InStock,"ASUS Vivobook 15 (X1504), Laptops. Intel Core i7 1255U · 8 GB RAM · 512 GB · Intel UHD Graphics · from $99.99. Specs, configurations, and where to buy on Plug PCs.",https://plugpcs.com/p/asus/asus-vivobook-15-x1504,,,laptops,20953,specified,https://schema.org/InStock,https://www.asus.com/us/laptops/for-home/vivobook/asus-vivobook-15-x1504/
ASUS Vivobook 16 (F1607),ASUS,1399.99,USD,16,1024,specified,Intel Core Ultra 9 285H,Intel Graphics,Intel,ASUS,Intel,InStock,"ASUS Vivobook 16 (F1607), Laptops. Intel Core Ultra 9 285H · 16 GB RAM · 1 TB · Intel Graphics · from $1,399.99. Specs, configurations, and where to buy on Plug PCs.",https://plugpcs.com/p/asus/asus-vivobook-16-f1607,,,laptops,28613,specified,https://schema.org/InStock,https://www.asus.com/us/laptops/for-home/vivobook/asus-vivobook-16-f1607/
ASUS Vivobook 16 (M1607),ASUS,999.99,USD,16,1024,specified,AMD Ryzen AI 7 350,AMD Radeon Graphics,AMD,ASUS,AMD,InStock,"ASUS Vivobook 16 (M1607), Laptops. AMD Ryzen AI 7 350 · 16 GB RAM · 1 TB · AMD Radeon Graphics · from $999.99. Specs, configurations, and where to buy on Plug PCs.",https://plugpcs.com/p/asus/asus-vivobook-16-m1607,,,laptops,28617,specified,https://schema.org/InStock,https://www.asus.com/us/laptops/for-home/vivobook/asus-vivobook-16-m1607/
ASUS Vivobook 16 (X1607Q),ASUS,899.99,USD,16,1024,specified,Snapdragon X X1-26-100,Qualcomm Adreno,Qualcomm,ASUS,Qualcomm,InStock,"ASUS Vivobook 16 (X1607Q), Laptops. Snapdragon X X1-26-100 · 16 GB RAM · 1 TB · Qualcomm Adreno · from $899.99. Specs, configurations, and where to buy on Plug PCs.",https://plugpcs.com/p/asus/asus-vivobook-16-x1607q,,,laptops,30771,specified,https://schema.org/InStock,https://www.asus.com/us/laptops/for-home/vivobook/asus-vivobook-16-x1607q/
ASUS Vivobook 16 Flip (TP3607),ASUS,1099.99,USD,32,1024,specified,Intel Core Ultra 7 258V,Intel Arc Graphics,Intel,ASUS,Intel,InStock,"ASUS Vivobook 16 Flip (TP3607), Laptops. Intel Core Ultra 7 258V · 32 GB RAM · 1 TB · Intel Arc Graphics · from $1,099.99. Specs, configurations, and where to buy on Plug PCs.",https://plugpcs.com/p/asus/asus-vivobook-16-flip-tp3607,,,laptops,28576,specified,https://schema.org/InStock,https://www.asus.com/us/laptops/for-home/vivobook/asus-vivobook-16-flip-tp3607/
ASUS Vivobook 16 OLED (M1605),ASUS,599.99,USD,16,1024,specified,AMD Ryzen 7 7730U,AMD Radeon Graphics,AMD,ASUS,AMD,InStock,"ASUS Vivobook 16 OLED (M1605), Laptops. AMD Ryzen 7 7730U · 16 GB RAM · 1 TB · AMD Radeon Graphics · from $599.99. Specs, configurations, and where to buy on Plug PCs.",https://plugpcs.com/p/asus/asus-vivobook-16-oled-m1605,,,laptops,22409,specified,https://schema.org/InStock,https://www.asus.com/us/laptops/for-home/vivobook/asus-vivobook-16-oled-m1605/
ASUS Vivobook 18 (M1807),ASUS,1799.99,USD,16,1024,specified,AMD Ryzen 7 260,AMD Radeon Graphics,AMD,ASUS,AMD,InStock,"ASUS Vivobook 18 (M1807), Laptops. AMD Ryzen 7 260 · 16 GB RAM · 1 TB · AMD Radeon Graphics · from $1,799.99. Specs, configurations, and where to buy on Plug PCs.",https://plugpcs.com/p/asus/asus-vivobook-18-m1807,,,laptops,30785,specified,https://schema.org/InStock,https://www.asus.com/us/laptops/for-home/vivobook/asus-vivobook-18-m1807/
ASUS Vivobook Go 15 OLED (E1504G),ASUS,299.99,USD,8,256,specified,Intel Core i3 N305,Intel UHD Graphics,Intel,ASUS,Intel,InStock,"ASUS Vivobook Go 15 OLED (E1504G), Laptops. Intel Core i3 N305 · 8 GB RAM · 256 GB · Intel UHD Graphics · from $299.99. Specs, configurations, and where to buy on Plug PCs.",https://plugpcs.com/p/asus/asus-vivobook-go-15-oled-e1504g,,,laptops,21044,specified,https://schema.org/InStock,https://www.asus.com/us/laptops/for-home/vivobook/asus-vivobook-go-15-oled-e1504g/
ASUS Vivobook S 14 OLED (S5406),ASUS,1199.99,USD,16,1024,specified,Intel Core Ultra 9 185H,Intel Arc Graphics,Intel,ASUS,Intel,InStock,"ASUS Vivobook S 14 OLED (S5406), Laptops. Intel Core Ultra 9 185H · 16 GB RAM · 1 TB · Intel Arc Graphics · from $1,199.99. Specs, configurations, and where to buy on Plug PCs.",https://plugpcs.com/p/asus/asus-vivobook-s-14-oled-s5406,,,laptops,23980,specified,https://schema.org/InStock,https://www.asus.com/us/laptops/for-home/vivobook/asus-vivobook-s-14-oled-s5406/
ASUS Vivobook S14 (S3407),ASUS,1699.99,USD,16,1024,specified,Intel Core Ultra 7 355,Intel Graphics,Intel,ASUS,Intel,InStock,"ASUS Vivobook S14 (S3407), Laptops. Intel Core Ultra 7 355 · 16 GB RAM · 1 TB · Intel Graphics · from $1,699.99. Specs, configurations, and where to buy on Plug PCs.",https://plugpcs.com/p/asus/asus-vivobook-s14-s3407,,,laptops,30728,specified,https://schema.org/InStock,https://www.asus.com/us/laptops/for-home/vivobook/asus-vivobook-s14-s3407/
ASUS Vivobook S16 (M3607),ASUS,1599.99,USD,16,1024,specified,AMD Ryzen AI 9 465,AMD Radeon Graphics,AMD,ASUS,AMD,InStock,"ASUS Vivobook S16 (M3607), Laptops. AMD Ryzen AI 9 465 · 16 GB RAM · 1 TB · AMD Radeon Graphics · from $1,599.99. Specs, configurations, and where to buy on Plug PCs.",https://plugpcs.com/p/asus/asus-vivobook-s16-m3607,,,laptops,30779,specified,https://schema.org/InStock,https://www.asus.com/us/laptops/for-home/vivobook/asus-vivobook-s16-m3607/
ASUS Vivobook S16 (S3607),ASUS,1799.99,USD,16,1024,specified,Intel Core Ultra 9 386H,Intel Graphics,Intel,ASUS,Intel,InStock,"ASUS Vivobook S16 (S3607), Laptops. Intel Core Ultra 9 386H · 16 GB RAM · 1 TB · Intel Graphics · from $1,799.99. Specs, configurations, and where to buy on Plug PCs.",https://plugpcs.com/p/asus/asus-vivobook-s16-s3607,,,laptops,30781,specified,https://schema.org/InStock,https://www.asus.com/us/laptops/for-home/vivobook/asus-vivobook-s16-s3607/
ASUS Vivobook S16 (S3607Q),ASUS,1599.99,USD,32,1024,specified,Snapdragon X2 Elite,Qualcomm Adreno,Qualcomm,ASUS,Qualcomm,InStock,"ASUS Vivobook S16 (S3607Q), Laptops. Snapdragon X2 Elite · 32 GB RAM · 1 TB · Qualcomm Adreno · from $1,599.99. Specs, configurations, and where to buy on Plug PCs.",https://plugpcs.com/p/asus/asus-vivobook-s16-s3607q,,,laptops,30720,specified,https://schema.org/InStock,https://www.asus.com/us/laptops/for-home/vivobook/asus-vivobook-s16-s3607q/
ASUS X515 (11th Gen Intel),ASUS,99.99,USD,8,1024,specified,Intel Core i7 1165G7,Intel UHD Graphics,Intel,ASUS,Intel,InStock,"ASUS X515 (11th Gen Intel), Laptops. Intel Core i7 1165G7 · 8 GB RAM · 1 TB · Intel UHD Graphics · from $99.99. Specs, configurations, and where to buy on Plug PCs.",https://plugpcs.com/p/asus/asus-x515-11th-gen-intel,,,laptops,15329,specified,https://schema.org/InStock,https://www.asus.com/us/laptops/for-home/all-series/asus-x515-11th-gen-intel/
ASUS Zenbook 14 (UX3405),ASUS,1799.99,USD,32,1024,specified,Intel Core Ultra 9 185H,Intel Arc Graphics,Intel,ASUS,Intel,InStock,"ASUS Zenbook 14 (UX3405), Laptops. Intel Core Ultra 9 185H · 32 GB RAM · 1 TB · Intel Arc Graphics · from $1,799.99. Specs, configurations, and where to buy on Plug PCs.",https://plugpcs.com/p/asus/asus-zenbook-14-ux3405,,,laptops,22516,specified,https://schema.org/InStock,https://www.asus.com/us/laptops/for-home/zenbook/asus-zenbook-14-ux3405/
ASUS Zenbook 14 OLED (UM3406),ASUS,1499.99,USD,16,1024,specified,AMD Ryzen 7 8840HS,AMD Radeon Graphics,AMD,ASUS,AMD,InStock,"ASUS Zenbook 14 OLED (UM3406), Laptops. AMD Ryzen 7 8840HS · 16 GB RAM · 1 TB · AMD Radeon Graphics · from $1,499.99. Specs, configurations, and where to buy on Plug PCs.",https://plugpcs.com/p/asus/asus-zenbook-14-oled-um3406,,,laptops,23946,specified,https://schema.org/InStock,https://www.asus.com/us/laptops/for-home/zenbook/asus-zenbook-14-oled-um3406/
ASUS Zenbook A14 (UX3407),ASUS,1599.99,USD,32,1024,specified,Snapdragon X X1-26-100,Qualcomm Adreno,Qualcomm,ASUS,Qualcomm,InStock,"ASUS Zenbook A14 (UX3407), Laptops. Snapdragon X X1-26-100 · 32 GB RAM · 1 TB · Qualcomm Adreno · from $1,599.99. Specs, configurations, and where to buy on Plug PCs.",https://plugpcs.com/p/asus/asus-zenbook-a14-ux3407,,,laptops,30811,specified,https://schema.org/InStock,https://www.asus.com/us/laptops/for-home/zenbook/asus-zenbook-a14-ux3407/
ASUS Zenbook A16 (UX3607),ASUS,1799.99,USD,48,1024,specified,Snapdragon X2 Elite Extreme X2E-96-100 48 GB,Qualcomm Adreno,Qualcomm,ASUS,Qualcomm,InStock,"ASUS Zenbook A16 (UX3607), Laptops. Snapdragon X2 Elite Extreme X2E-96-100 48 GB · 48 GB RAM · 1 TB · Qualcomm Adreno · from $1,799.99. Specs, configurations, and where to buy on Plug PCs.",https://plugpcs.com/p/asus/asus-zenbook-a16-ux3607,,,laptops,33489,specified,https://schema.org/InStock,https://www.asus.com/us/laptops/for-home/zenbook/asus-zenbook-a16-ux3607/
ASUS Zenbook DUO (UX8407),ASUS,2699.99,USD,32,2048,specified,Intel Core Ultra X9 388H,Intel Arc Graphics,Intel,ASUS,Intel,InStock,"ASUS Zenbook DUO (UX8407), Laptops. Intel Core Ultra X9 388H · 32 GB RAM · 2 TB · Intel Arc Graphics · from $2,699.99. Specs, configurations, and where to buy on Plug PCs.",https://plugpcs.com/p/asus/asus-zenbook-duo-ux8407,,,laptops,33493,specified,https://schema.org/InStock,https://www.asus.com/us/laptops/for-home/zenbook/asus-zenbook-duo-ux8407/
ASUS Zenbook S 14 (UX5406),ASUS,1599.99,USD,32,1024,specified,Intel Core Ultra 7 258V,Intel Arc Graphics,Intel,ASUS,Intel,InStock,"ASUS Zenbook S 14 (UX5406), Laptops. Intel Core Ultra 7 258V · 32 GB RAM · 1 TB · Intel Arc Graphics · from $1,599.99. Specs, configurations, and where to buy on Plug PCs.",https://plugpcs.com/p/asus/asus-zenbook-s-14-ux5406,,,laptops,25385,specified,https://schema.org/InStock,https://www.asus.com/us/laptops/for-home/zenbook/asus-zenbook-s-14-ux5406/
ASUS Zenbook S 16 (UM5606),ASUS,1999.99,USD,32,1024,specified,AMD Ryzen AI 9 HX 370,AMD Radeon Graphics,AMD,ASUS,AMD,InStock,"ASUS Zenbook S 16 (UM5606), Laptops. AMD Ryzen AI 9 HX 370 · 32 GB RAM · 1 TB · AMD Radeon Graphics · from $1,999.99. Specs, configurations, and where to buy on Plug PCs.",https://plugpcs.com/p/asus/asus-zenbook-s-16-um5606,,,laptops,25316,specified,https://schema.org/InStock,https://www.asus.com/us/laptops/for-home/zenbook/asus-zenbook-s-16-um5606/
Bonobo WS,System76,4899,USD,192,4096,specified,Intel Core Ultra 9 290HX,NVIDIA RTX 5080,NVIDIA,System76,Intel,InStock,"Bonobo WS, Laptops. Intel Core Ultra 9 290HX · 192 GB RAM · 4 TB · NVIDIA RTX 5080 · from $4,899. Specs, configurations, and where to buy on Plug PCs.",https://plugpcs.com/p/system76/bonobo-ws,,,laptops,,specified,https://schema.org/InStock,https://system76.com/laptops/bonobo-ws
Business & AI Laptops,MSI,799,USD,16,512,specified,AMD Ryzen AI 5 340,,Unknown,MSI,AMD,InStock,"Business & AI Laptops, Laptops. AMD Ryzen AI 5 340 · 16 GB RAM · 512 GB · UMA · from $799. Specs, configurations, and where to buy on Plug PCs.",https://plugpcs.com/p/msi/business-ai-laptops,,,laptops,,specified,https://schema.org/InStock,https://us-store.msi.com/Laptops/business-productivity/Venture-series/Venture-A14-AI-A3HMTG-019US
"Clevo NP50RNJT 15.6"" Mid-end Performance",Laptop with Linux,1755.78,EUR,32,500,specified,Intel Core i7 13620H,NVIDIA GeForce RTX-3050 – DDR6 – NP50RNJT,NVIDIA,Laptop with Linux,Intel,InStock,"Clevo NP50RNJT 15.6"" Mid-end Performance, Laptops. Intel Core i7 13620H · 32 GB RAM · 500 GB · NVIDIA GeForce RTX-3050 – DDR6 – NP50RNJT · from ≈ $1,999. Specs, configurations, and where to buy on Plug PCs.",https://plugpcs.com/p/laptopwithlinux/clevo-np50rnjt-15-6-mid-end-performance,,,laptops,Clevo-NP50RNJT,specified,https://schema.org/InStock,https://laptopwithlinux.com/product/clevo-np50/
Clevo V560EU 16-inch AMD Linux Ultrabook,Laptop with Linux,1359.48,EUR,32,500,specified,AMD Ryzen 5 240,,Unknown,Laptop with Linux,AMD,InStock,"Clevo V560EU 16-inch AMD Linux Ultrabook, Laptops. AMD Ryzen 5 240 · 32 GB RAM · 500 GB · from ≈ $1,548. Specs, configurations, and where to buy on Plug PCs.",https://plugpcs.com/p/laptopwithlinux/clevo-v560eu-16-inch-amd-linux-ultrabook,,,laptops,CLEVO-V560EU,specified,https://schema.org/InStock,https://laptopwithlinux.com/product/clevo-v560eu/
Clevo V560TU 16-inch Linux Coreboot Ultrabook,Laptop with Linux,2064.07,EUR,32,500,specified,Intel Core Ultra 7 255H,Intel Arc Graphics,Intel,Laptop with Linux,Intel,InStock,"Clevo V560TU 16-inch Linux Coreboot Ultrabook, Laptops. Intel Core Ultra 7 255H · 32 GB RAM · 500 GB · Intel Arc Graphics · from ≈ $2,350. Specs, configurations, and where to buy on Plug PCs.",https://plugpcs.com/p/laptopwithlinux/clevo-v560tu-16-inch-linux-coreboot-ultrabook,,,laptops,CLEVO-V560TU-255H,specified,https://schema.org/InStock,https://laptopwithlinux.com/product/clevo-v560/
Clevo V640AU 14-inch Entry Notebook,Laptop with Linux,691.87,EUR,64,500,specified,Intel Core i5 1335U,Intel Iris Xe Graphics,Intel,Laptop with Linux,Intel,InStock,"Clevo V640AU 14-inch Entry Notebook, Laptops. Intel Core i5 1335U · 64 GB RAM · 500 GB · Intel Iris Xe Graphics · from ≈ $788. Specs, configurations, and where to buy on Plug PCs.",https://plugpcs.com/p/laptopwithlinux/clevo-v640au-14-inch-entry-notebook,,,laptops,CLEVO-V640AU2,specified,https://schema.org/InStock,https://laptopwithlinux.com/product/clevo-v640/
CLX Osiris 18 Gaming Laptop,CLX,3899,USD,8,1024,specified,Intel Core Ultra 9 275HX,NVIDIA RTX 5080,NVIDIA,CLX,Intel,InStock,"CLX Osiris 18 Gaming Laptop, Laptops. Intel Core Ultra 9 275HX · 8 GB RAM · 1 TB · NVIDIA RTX 5080 · from $3,899. Specs, configurations, and where to buy on Plug PCs.",https://plugpcs.com/p/clx/clx-osiris-18-gaming-laptop,,,laptops,,specified,https://schema.org/InStock,https://www.clxgaming.com/gaming-pc/nbosiris18iu9a/configure
Creative 15 AMD Ryzen AI9 365 RTX 5070,Slimbook,2042,EUR,128,8192,specified,AMD Ryzen AI 9 365,NVIDIA RTX 5070,NVIDIA,Slimbook,AMD,InStock,"Creative 15 AMD Ryzen AI9 365 RTX 5070, Laptops. AMD Ryzen AI 9 365 · 128 GB RAM · 8 TB · NVIDIA RTX 5070 · from ≈ $2,322. Specs, configurations, and where to buy on Plug PCs.",https://plugpcs.com/p/slimbook/creative-15-amd-ryzen-ai9-365-rtx-5070,,,laptops,,specified,https://schema.org/InStock,https://slimbook.com/en/shop/product/creative-15-amd-ryzen-ai9-365-rtx-5070-2019
Creator A16 AI+ Creator Laptop,MSI,1499,USD,32,1024,specified,AMD Ryzen AI 7 350,NVIDIA RTX 4060 Laptop,NVIDIA,MSI,AMD,InStock,"Creator A16 AI+ Creator Laptop, Laptops. AMD Ryzen AI 7 350 · 32 GB RAM · 1 TB · NVIDIA RTX 4060 Laptop · from $1,499. Specs, configurations, and where to buy on Plug PCs.",https://plugpcs.com/p/msi/creator-a16-ai-creator-laptop,,,laptops,,specified,https://schema.org/InStock,https://us-store.msi.com/Laptops/content-creation/creator-series/Creator-A16-AI-A3HVFG-286US
Creator M14 Laptop,MSI,999,USD,16,1024,specified,Intel Core i7 13620H,NVIDIA RTX 4050 Laptop,NVIDIA,MSI,Intel,InStock,"Creator M14 Laptop, Laptops. Intel Core i7 13620H · 16 GB RAM · 1 TB · NVIDIA RTX 4050 Laptop · from $999. Specs, configurations, and where to buy on Plug PCs.",https://plugpcs.com/p/msi/creator-m14-laptop,,,laptops,,specified,https://schema.org/InStock,https://us-store.msi.com/Laptops/content-creation/creator-series/Creator-M14-A13VE-083US
Cyborg 15,MSI,1299.99,USD,16,1024,specified,Intel Core 7 240H,NVIDIA RTX 5050 Laptop,NVIDIA,MSI,Intel,InStock,"Cyborg 15, Laptops. Intel Core 7 240H · 16 GB RAM · 1 TB · NVIDIA RTX 5050 Laptop · from $1,299.99. Specs, configurations, and where to buy on Plug PCs.",https://plugpcs.com/p/msi/cyborg-15,,,laptops,,specified,https://schema.org/InStock,https://us-store.msi.com/Laptops/Gaming-Series/Sword-Katana-GF-Series/Cyborg-15-B2RWEKG-292US
Cyborg A15 AI Gaming Laptop,MSI,1249,USD,16,1024,specified,AMD Ryzen 9 270,NVIDIA RTX 5060 Laptop,NVIDIA,MSI,AMD,InStock,"Cyborg A15 AI Gaming Laptop, Laptops. AMD Ryzen 9 270 · 16 GB RAM · 1 TB · NVIDIA RTX 5060 Laptop · from $1,249. Specs, configurations, and where to buy on Plug PCs.",https://plugpcs.com/p/msi/cyborg-a15-ai-gaming-laptop,,,laptops,,specified,https://schema.org/InStock,https://us-store.msi.com/Laptops/Gaming-Series/Sword-Katana-GF-Series/Cyborg-A15-AI-B2HWFKG-006US
Cyborg A17 AI Gaming Laptop,MSI,1499,USD,32,1024,specified,AMD Ryzen 9 270,NVIDIA RTX 5060 Laptop,NVIDIA,MSI,AMD,InStock,"Cyborg A17 AI Gaming Laptop, Laptops. AMD Ryzen 9 270 · 32 GB RAM · 1 TB · NVIDIA RTX 5060 Laptop · from $1,499. Specs, configurations, and where to buy on Plug PCs.",https://plugpcs.com/p/msi/cyborg-a17-ai-gaming-laptop,,,laptops,,specified,https://schema.org/InStock,https://us-store.msi.com/Laptops/Gaming-Series/Sword-Katana-GF-Series/Cyborg-A17-AI-B2HWFKG-002US
Cyborg A17 AI Gaming Laptop,MSI,1499,USD,16,1024,specified,AMD Ryzen 9 270,NVIDIA RTX 5060 Laptop,NVIDIA,MSI,AMD,InStock,"Cyborg A17 AI Gaming Laptop, Laptops. AMD Ryzen 9 270 · 16 GB RAM · 1 TB · NVIDIA RTX 5060 Laptop · from $1,499. Specs, configurations, and where to buy on Plug PCs.",https://plugpcs.com/p/msi/cyborg-a17-ai-gaming-laptop-cyborg-a17-ai-b2hwfkg-04,,,laptops,,specified,https://schema.org/InStock,https://us-store.msi.com/Laptops/Gaming-Series/Sword-Katana-GF-Series/Cyborg-A17-AI-B2HWFKG-046US
Darter Pro,System76,1799,USD,96,8192,specified,Intel Core Ultra 5 225H,Intel Arc 130T,Intel,System76,Intel,InStock,"Darter Pro, Laptops. Intel Core Ultra 5 225H · 96 GB RAM · 8 TB · Intel Arc 130T · from $1,799. Specs, configurations, and where to buy on Plug PCs.",https://plugpcs.com/p/system76/darter-pro,,,laptops,,specified,https://schema.org/InStock,https://system76.com/laptops/darter-pro
Dell 14 Laptop,Dell,1099.99,USD,16,512,specified,Intel Core 5 320,Intel Graphics,Intel,Dell,Intel,InStock,"Dell 14 Laptop, Laptops. Intel Core 5 320 · 16 GB RAM · 512 GB · Intel Graphics · from $1,099.99. Specs, configurations, and where to buy on Plug PCs.",https://plugpcs.com/p/dell/dell-14-laptop,,,laptops,used14261hcto02,specified,https://schema.org/InStock,https://www.dell.com/en-us/shop/dell-laptops/dell14d14261/spd/dell14d14261/used14261hcto02?redirectTo=SOC
Dell 14 Laptop,Dell,1199.99,USD,16,512,specified,Intel Core 7 350,Intel Graphics,Intel,Dell,Intel,InStock,"Dell 14 Laptop, Laptops. Intel Core 7 350 · 16 GB RAM · 512 GB · Intel Graphics · from $1,199.99. Specs, configurations, and where to buy on Plug PCs.",https://plugpcs.com/p/dell/dell-14-laptop-used14261hcto03,,,laptops,used14261hcto03,specified,https://schema.org/InStock,https://www.dell.com/en-us/shop/dell-laptops/dell14d14261/spd/dell14d14261/used14261hcto03?redirectTo=SOC
Dell 14 Laptop,Dell,999.99,USD,16,512,specified,AMD Ryzen 5 220,AMD Radeon Graphics,AMD,Dell,AMD,InStock,"Dell 14 Laptop, Laptops. AMD Ryzen 5 220 · 16 GB RAM · 512 GB · AMD Radeon Graphics · from $999.99. Specs, configurations, and where to buy on Plug PCs.",https://plugpcs.com/p/dell/dell-14-laptop-used14265hcto02,,,laptops,used14265hcto02,specified,https://schema.org/InStock,https://www.dell.com/en-us/shop/dell-laptops/dell14d14265/spd/dell14d14265/used14265hcto02?redirectTo=SOC
Dell 14 Laptop,Dell,1149.99,USD,16,512,specified,AMD Ryzen 7 250,AMD Radeon Graphics,AMD,Dell,AMD,InStock,"Dell 14 Laptop, Laptops. AMD Ryzen 7 250 · 16 GB RAM · 512 GB · AMD Radeon Graphics · from $1,149.99. Specs, configurations, and where to buy on Plug PCs.",https://plugpcs.com/p/dell/dell-14-laptop-used14265hcto03,,,laptops,used14265hcto03,specified,https://schema.org/InStock,https://www.dell.com/en-us/shop/dell-laptops/dell14d14265/spd/dell14d14265/used14265hcto03?redirectTo=SOC
Dell 14 Laptop,Dell,849.99,USD,16,512,specified,Intel Core 5 120U,Intel Graphics,Intel,Dell,Intel,InStock,"Dell 14 Laptop, Laptops. Intel Core 5 120U · 16 GB RAM · 512 GB · Intel Graphics · from $849.99. Specs, configurations, and where to buy on Plug PCs.",https://plugpcs.com/p/dell/dell-14-laptop-usedc14250hbtohrqb,,,laptops,usedc14250hbtohrqb,specified,https://schema.org/InStock,https://www.dell.com/en-us/shop/dell-laptops/dell-dc14250-laptop/spd/dell-dc14250-laptop/usedc14250hbtohrqb?redirectTo=SOC
Dell 14 Laptop,Dell,1749.99,USD,32,1024,specified,Intel Core 7 150U,Intel Graphics,Intel,Dell,Intel,InStock,"Dell 14 Laptop, Laptops. Intel Core 7 150U · 32 GB RAM · 1 TB · Intel Graphics · from $1,749.99. Specs, configurations, and where to buy on Plug PCs.",https://plugpcs.com/p/dell/dell-14-laptop-usedc14250hbtshtlr,,,laptops,usedc14250hbtshtlr,specified,https://schema.org/InStock,https://www.dell.com/en-us/shop/dell-laptops/dell-dc14250-laptop/spd/dell-dc14250-laptop/usedc14250hbtshtlr?redirectTo=SOC
Dell 14 Laptop,Dell,1861.99,USD,32,1024,specified,Intel Core 7 150U,Intel Graphics,Intel,Dell,Intel,InStock,"Dell 14 Laptop, Laptops. Intel Core 7 150U · 32 GB RAM · 1 TB · Intel Graphics · from $1,861.99. Specs, configurations, and where to buy on Plug PCs.",https://plugpcs.com/p/dell/dell-14-laptop-usedc14250hbtshtlr-q3,,,laptops,usedc14250hbtshtlr_q3,specified,https://schema.org/InStock,https://www.dell.com/en-us/shop/dell-laptops/dell-dc14250-laptop/spd/dell-dc14250-laptop/usedc14250hbtshtlr_q3?redirectTo=SOC
Dell 14 Laptop,Dell,1099.99,USD,16,512,specified,Intel Core 5 120U,Intel Graphics,Intel,Dell,Intel,InStock,"Dell 14 Laptop, Laptops. Intel Core 5 120U · 16 GB RAM · 512 GB · Intel Graphics · from $1,099.99. Specs, configurations, and where to buy on Plug PCs.",https://plugpcs.com/p/dell/dell-14-laptop-usedc14250hbtshtxy,,,laptops,usedc14250hbtshtxy,specified,https://schema.org/InStock,https://www.dell.com/en-us/shop/dell-laptops/dell-dc14250-laptop/spd/dell-dc14250-laptop/usedc14250hbtshtxy?redirectTo=SOC
Dell 14 Laptop,Dell,1349.99,USD,16,1024,specified,Intel Core 7 150U,Intel Graphics,Intel,Dell,Intel,InStock,"Dell 14 Laptop, Laptops. Intel Core 7 150U · 16 GB RAM · 1 TB · Intel Graphics · from $1,349.99. Specs, configurations, and where to buy on Plug PCs.",https://plugpcs.com/p/dell/dell-14-laptop-usedc14250hbtshtxz,,,laptops,usedc14250hbtshtxz,specified,https://schema.org/InStock,https://www.dell.com/en-us/shop/dell-laptops/dell-dc14250-laptop/spd/dell-dc14250-laptop/usedc14250hbtshtxz?redirectTo=SOC
Dell 14 Laptop,Dell,1461.99,USD,16,1024,specified,Intel Core 7 150U,Intel Graphics,Intel,Dell,Intel,InStock,"Dell 14 Laptop, Laptops. Intel Core 7 150U · 16 GB RAM · 1 TB · Intel Graphics · from $1,461.99. Specs, configurations, and where to buy on Plug PCs.",https://plugpcs.com/p/dell/dell-14-laptop-usedc14250hbtshtxz-q3,,,laptops,usedc14250hbtshtxz_q3,specified,https://schema.org/InStock,https://www.dell.com/en-us/shop/dell-laptops/dell-dc14250-laptop/spd/dell-dc14250-laptop/usedc14250hbtshtxz_q3?redirectTo=SOC
Dell 14 Plus 2-in-1 Laptop,Dell,1579.99,USD,16,1024,specified,Intel Core Ultra 7 256V,Intel Arc Graphics,Intel,Dell,Intel,InStock,"Dell 14 Plus 2-in-1 Laptop, Laptops. Intel Core Ultra 7 256V · 16 GB RAM · 1 TB · Intel Arc Graphics · from $1,579.99. Specs, configurations, and where to buy on Plug PCs.",https://plugpcs.com/p/dell/dell-14-plus-2-in-1-laptop-db04250-fixed-01,,,laptops,db04250_fixed_01,specified,https://schema.org/InStock,https://www.dell.com/en-us/shop/dell-laptops/dellplus142n1laptopdb04250/spd/dellplus142n1laptopdb04250/db04250_fixed_01?redirectTo=SOC
Dell 14 Plus 2-in-1 Laptop,Dell,1579.99,USD,16,1024,specified,Intel Core Ultra 7 256V,Intel Arc Graphics,Intel,Dell,Intel,InStock,"Dell 14 Plus 2-in-1 Laptop, Laptops. Intel Core Ultra 7 256V · 16 GB RAM · 1 TB · Intel Arc Graphics · from $1,579.99. Specs, configurations, and where to buy on Plug PCs.",https://plugpcs.com/p/dell/dell-14-plus-2-in-1-laptop,,,laptops,usedb04250hbtphksg,specified,https://schema.org/InStock,https://www.dell.com/en-us/shop/dell-laptops/dell-db04250-2-in-1-laptop/spd/dell-db04250-2-in-1-laptop/usedb04250hbtphksg?redirectTo=SOC
Dell 14 Plus 2-in-1 Laptop,Dell,1579.99,USD,16,1024,specified,Intel Core Ultra 7 256V,Intel Arc Graphics,Intel,Dell,Intel,InStock,"Dell 14 Plus 2-in-1 Laptop, Laptops. Intel Core Ultra 7 256V · 16 GB RAM · 1 TB · Intel Arc Graphics · from $1,579.99. Specs, configurations, and where to buy on Plug PCs.",https://plugpcs.com/p/dell/dell-14-plus-2-in-1-laptop-usedb04250hbtshksf,,,laptops,usedb04250hbtshksf,specified,https://schema.org/InStock,https://www.dell.com/en-us/shop/dell-laptops/dell-db04250-2-in-1-laptop/spd/dell-db04250-2-in-1-laptop/usedb04250hbtshksf?redirectTo=SOC
Dell 14 Plus 2-in-1 Laptop,Dell,1379.99,USD,16,512,specified,Intel Core Ultra 5 226V,Intel Arc Graphics,Intel,Dell,Intel,InStock,"Dell 14 Plus 2-in-1 Laptop, Laptops. Intel Core Ultra 5 226V · 16 GB RAM · 512 GB · Intel Arc Graphics · from $1,379.99. Specs, configurations, and where to buy on Plug PCs.",https://plugpcs.com/p/dell/dell-14-plus-2-in-1-laptop-usedb04250hbtshkvc,,,laptops,usedb04250hbtshkvc,specified,https://schema.org/InStock,https://www.dell.com/en-us/shop/dell-laptops/dell-db04250-2-in-1-laptop/spd/dell-db04250-2-in-1-laptop/usedb04250hbtshkvc?redirectTo=SOC
Dell 14 Plus 2-in-1 Laptop,Dell,1489.98,USD,16,512,specified,Intel Core Ultra 5 226V,Intel Arc Graphics,Intel,Dell,Intel,InStock,"Dell 14 Plus 2-in-1 Laptop, Laptops. Intel Core Ultra 5 226V · 16 GB RAM · 512 GB · Intel Arc Graphics · from $1,489.98. Specs, configurations, and where to buy on Plug PCs.",https://plugpcs.com/p/dell/dell-14-plus-2-in-1-laptop-usedb04250hbtshkvc-q32,,,laptops,usedb04250hbtshkvc_q32,specified,https://schema.org/InStock,https://www.dell.com/en-us/shop/dell-laptops/dell-db04250-2-in-1-laptop/spd/dell-db04250-2-in-1-laptop/usedb04250hbtshkvc_q32?redirectTo=SOC
Dell 14 Plus 2-in-1 Laptop,Dell,2179.99,USD,32,1024,specified,Intel Core Ultra 9 288V,Intel Arc Graphics,Intel,Dell,Intel,InStock,"Dell 14 Plus 2-in-1 Laptop, Laptops. Intel Core Ultra 9 288V · 32 GB RAM · 1 TB · Intel Arc Graphics · from $2,179.99. Specs, configurations, and where to buy on Plug PCs.",https://plugpcs.com/p/dell/dell-14-plus-2-in-1-laptop-usedb04250hbtshkvd,,,laptops,usedb04250hbtshkvd,specified,https://schema.org/InStock,https://www.dell.com/en-us/shop/dell-laptops/dell-db04250-2-in-1-laptop/spd/dell-db04250-2-in-1-laptop/usedb04250hbtshkvd?redirectTo=SOC
Dell 14 Plus 2-in-1 Laptop,Dell,1299.99,USD,16,1024,specified,AMD Ryzen AI 7 350,AMD Radeon Graphics,AMD,Dell,AMD,InStock,"Dell 14 Plus 2-in-1 Laptop, Laptops. AMD Ryzen AI 7 350 · 16 GB RAM · 1 TB · AMD Radeon Graphics · from $1,299.99. Specs, configurations, and where to buy on Plug PCs.",https://plugpcs.com/p/dell/dell-14-plus-2-in-1-laptop-usedb04255hbtshpdy,,,laptops,usedb04255hbtshpdy,specified,https://schema.org/InStock,https://www.dell.com/en-us/shop/dell-laptops/dell-db04255-2-in-1-laptop/spd/dell-db04255-2-in-1-laptop/usedb04255hbtshpdy?redirectTo=SOC
Dell 14 Plus 2-in-1 Laptop,Dell,1549.99,USD,16,1024,specified,AMD Ryzen AI 7 350,AMD Radeon Graphics,AMD,Dell,AMD,InStock,"Dell 14 Plus 2-in-1 Laptop, Laptops. AMD Ryzen AI 7 350 · 16 GB RAM · 1 TB · AMD Radeon Graphics · from $1,549.99. Specs, configurations, and where to buy on Plug PCs.",https://plugpcs.com/p/dell/dell-14-plus-2-in-1-laptop-usedb04255hbtshpfb,,,laptops,usedb04255hbtshpfb,specified,https://schema.org/InStock,https://www.dell.com/en-us/shop/dell-laptops/dell-db04255-2-in-1-laptop/spd/dell-db04255-2-in-1-laptop/usedb04255hbtshpfb?redirectTo=SOC
Dell 14 Plus Laptop,Dell,1109.99,USD,16,512,specified,Intel Core Ultra 5 226V,Intel Arc Graphics,Intel,Dell,Intel,InStock,"Dell 14 Plus Laptop, Laptops. Intel Core Ultra 5 226V · 16 GB RAM · 512 GB · Intel Arc Graphics · from $1,109.99. Specs, configurations, and where to buy on Plug PCs.",https://plugpcs.com/p/dell/dell-14-plus-laptop-db14250-fixed-16,,,laptops,db14250_fixed_16,specified,https://schema.org/InStock,https://www.dell.com/en-us/shop/dell-laptops/dellplus14laptopdb14250/spd/dellplus14laptopdb14250/db14250_fixed_16?redirectTo=SOC
Dell 14 Plus Laptop,Dell,1249.99,USD,16,512,specified,AMD Ryzen AI 5 340,AMD Radeon Graphics,AMD,Dell,AMD,InStock,"Dell 14 Plus Laptop, Laptops. AMD Ryzen AI 5 340 · 16 GB RAM · 512 GB · AMD Radeon Graphics · from $1,249.99. Specs, configurations, and where to buy on Plug PCs.",https://plugpcs.com/p/dell/dell-14-plus-laptop-db14255-fixed-03,,,laptops,db14255_fixed_03,specified,https://schema.org/InStock,https://www.dell.com/en-us/shop/dell-laptops/dellplus14laptopdb14255/spd/dellplus14laptopdb14255/db14255_fixed_03?redirectTo=SOC
Dell 14 Plus Laptop,Dell,1579.99,USD,16,512,specified,Intel Core Ultra 5 226V,Intel Arc Graphics,Intel,Dell,Intel,InStock,"Dell 14 Plus Laptop, Laptops. Intel Core Ultra 5 226V · 16 GB RAM · 512 GB · Intel Arc Graphics · from $1,579.99. Specs, configurations, and where to buy on Plug PCs.",https://plugpcs.com/p/dell/dell-14-plus-laptop,,,laptops,usedb14250hbtshksm,specified,https://schema.org/InStock,https://www.dell.com/en-us/shop/dell-laptops/dell-db14250-laptop/spd/dell-db14250-laptop/usedb14250hbtshksm?redirectTo=SOC
Dell 14 Plus Laptop,Dell,1779.98,USD,16,1024,specified,Intel Core Ultra 7 256V,Intel Arc Graphics,Intel,Dell,Intel,InStock,"Dell 14 Plus Laptop, Laptops. Intel Core Ultra 7 256V · 16 GB RAM · 1 TB · Intel Arc Graphics · from $1,779.98. Specs, configurations, and where to buy on Plug PCs.",https://plugpcs.com/p/dell/dell-14-plus-laptop-usedb14250hbtshksm-q3,,,laptops,usedb14250hbtshksm_q3,specified,https://schema.org/InStock,https://www.dell.com/en-us/shop/dell-laptops/dell-db14250-laptop/spd/dell-db14250-laptop/usedb14250hbtshksm_q3?redirectTo=SOC
Dell 14 Plus Laptop,Dell,2029.99,USD,32,1024,specified,Intel Core Ultra 7 258V,Intel Arc Graphics,Intel,Dell,Intel,InStock,"Dell 14 Plus Laptop, Laptops. Intel Core Ultra 7 258V · 32 GB RAM · 1 TB · Intel Arc Graphics · from $2,029.99. Specs, configurations, and where to buy on Plug PCs.",https://plugpcs.com/p/dell/dell-14-plus-laptop-usedb14250hbtshksp,,,laptops,usedb14250hbtshksp,specified,https://schema.org/InStock,https://www.dell.com/en-us/shop/dell-laptops/dell-db14250-laptop/spd/dell-db14250-laptop/usedb14250hbtshksp?redirectTo=SOC
Dell 14 Plus Laptop,Dell,2229.98,USD,32,1024,specified,Intel Core Ultra 7 258V,Intel Arc Graphics,Intel,Dell,Intel,InStock,"Dell 14 Plus Laptop, Laptops. Intel Core Ultra 7 258V · 32 GB RAM · 1 TB · Intel Arc Graphics · from $2,229.98. Specs, configurations, and where to buy on Plug PCs.",https://plugpcs.com/p/dell/dell-14-plus-laptop-usedb14250hbtshksp-q3,,,laptops,usedb14250hbtshksp_q3,specified,https://schema.org/InStock,https://www.dell.com/en-us/shop/dell-laptops/dell-db14250-laptop/spd/dell-db14250-laptop/usedb14250hbtshksp_q3?redirectTo=SOC
Dell 14 Plus Laptop,Dell,1379.99,USD,16,512,specified,Intel Core Ultra 5 226V,Intel Arc Graphics,Intel,Dell,Intel,InStock,"Dell 14 Plus Laptop, Laptops. Intel Core Ultra 5 226V · 16 GB RAM · 512 GB · Intel Arc Graphics · from $1,379.99. Specs, configurations, and where to buy on Plug PCs.",https://plugpcs.com/p/dell/dell-14-plus-laptop-usedb14250hbtshpjm,,,laptops,usedb14250hbtshpjm,specified,https://schema.org/InStock,https://www.dell.com/en-us/shop/dell-laptops/dell-db14250-laptop/spd/dell-db14250-laptop/usedb14250hbtshpjm?redirectTo=SOC
Dell 14 Plus Laptop,Dell,2129.99,USD,32,1024,specified,Intel Core Ultra 7 258V,Intel Arc Graphics,Intel,Dell,Intel,InStock,"Dell 14 Plus Laptop, Laptops. Intel Core Ultra 7 258V · 32 GB RAM · 1 TB · Intel Arc Graphics · from $2,129.99. Specs, configurations, and where to buy on Plug PCs.",https://plugpcs.com/p/dell/dell-14-plus-laptop-usedb14250pbtshksq,,,laptops,usedb14250pbtshksq,specified,https://schema.org/InStock,https://www.dell.com/en-us/shop/dell-laptops/dell-db14250-laptop/spd/dell-db14250-laptop/usedb14250pbtshksq?redirectTo=SOC
Dell 14 Plus Laptop,Dell,1499.99,USD,16,512,specified,AMD Ryzen AI 5 340,AMD Radeon Graphics,AMD,Dell,AMD,InStock,"Dell 14 Plus Laptop, Laptops. AMD Ryzen AI 5 340 · 16 GB RAM · 512 GB · AMD Radeon Graphics · from $1,499.99. Specs, configurations, and where to buy on Plug PCs.",https://plugpcs.com/p/dell/dell-14-plus-laptop-usedb14255hbtshpjn,,,laptops,usedb14255hbtshpjn,specified,https://schema.org/InStock,https://www.dell.com/en-us/shop/dell-laptops/dell-db14255-laptop/spd/dell-db14255-laptop/usedb14255hbtshpjn?redirectTo=SOC
Dell 14 Plus Laptop,Dell,1631.99,USD,16,1024,specified,AMD Ryzen AI 7 350,AMD Radeon Graphics,AMD,Dell,AMD,InStock,"Dell 14 Plus Laptop, Laptops. AMD Ryzen AI 7 350 · 16 GB RAM · 1 TB · AMD Radeon Graphics · from $1,631.99. Specs, configurations, and where to buy on Plug PCs.",https://plugpcs.com/p/dell/dell-14-plus-laptop-usedb14255hbtshpjn-q3,,,laptops,usedb14255hbtshpjn_q3,specified,https://schema.org/InStock,https://www.dell.com/en-us/shop/dell-laptops/dell-db14255-laptop/spd/dell-db14255-laptop/usedb14255hbtshpjn_q3?redirectTo=SOC
Dell 14 Plus Laptop,Dell,1949.99,USD,32,1024,specified,AMD Ryzen AI 7 350,AMD Radeon Graphics,AMD,Dell,AMD,InStock,"Dell 14 Plus Laptop, Laptops. AMD Ryzen AI 7 350 · 32 GB RAM · 1 TB · AMD Radeon Graphics · from $1,949.99. Specs, configurations, and where to buy on Plug PCs.",https://plugpcs.com/p/dell/dell-14-plus-laptop-usedb14255hbtshpjq,,,laptops,usedb14255hbtshpjq,specified,https://schema.org/InStock,https://www.dell.com/en-us/shop/dell-laptops/dell-db14255-laptop/spd/dell-db14255-laptop/usedb14255hbtshpjq?redirectTo=SOC
Dell 14 Plus Laptop,Dell,2149.98,USD,32,1024,specified,AMD Ryzen AI 7 350,AMD Radeon Graphics,AMD,Dell,AMD,InStock,"Dell 14 Plus Laptop, Laptops. AMD Ryzen AI 7 350 · 32 GB RAM · 1 TB · AMD Radeon Graphics · from $2,149.98. Specs, configurations, and where to buy on Plug PCs.",https://plugpcs.com/p/dell/dell-14-plus-laptop-usedb14255hbtshpjq-q3,,,laptops,usedb14255hbtshpjq_q3,specified,https://schema.org/InStock,https://www.dell.com/en-us/shop/dell-laptops/dell-db14255-laptop/spd/dell-db14255-laptop/usedb14255hbtshpjq_q3?redirectTo=SOC
Dell 14 Plus Laptop,Dell,1249.99,USD,16,512,specified,AMD Ryzen AI 5 340,AMD Radeon Graphics,AMD,Dell,AMD,InStock,"Dell 14 Plus Laptop, Laptops. AMD Ryzen AI 5 340 · 16 GB RAM · 512 GB · AMD Radeon Graphics · from $1,249.99. Specs, configurations, and where to buy on Plug PCs.",https://plugpcs.com/p/dell/dell-14-plus-laptop-usedb14255hbtshpjr,,,laptops,usedb14255hbtshpjr,specified,https://schema.org/InStock,https://www.dell.com/en-us/shop/dell-laptops/dell-db14255-laptop/spd/dell-db14255-laptop/usedb14255hbtshpjr?redirectTo=SOC
Dell 14S Laptop,Dell,1399.99,USD,16,512,specified,Intel Core Ultra 5 322,Intel Graphics,Intel,Dell,Intel,InStock,"Dell 14S Laptop, Laptops. Intel Core Ultra 5 322 · 16 GB RAM · 512 GB · Intel Graphics · from $1,399.99. Specs, configurations, and where to buy on Plug PCs.",https://plugpcs.com/p/dell/dell-14s-laptop,,,laptops,useds14260hcto01,specified,https://schema.org/InStock,https://www.dell.com/en-us/shop/dell-laptops/dell-ds14260-laptop/spd/dell-ds14260-laptop/useds14260hcto01?redirectTo=SOC
Dell 14S Laptop,Dell,1449.99,USD,16,512,specified,Intel Core Ultra 5 322,Intel Graphics,Intel,Dell,Intel,InStock,"Dell 14S Laptop, Laptops. Intel Core Ultra 5 322 · 16 GB RAM · 512 GB · Intel Graphics · from $1,449.99. Specs, configurations, and where to buy on Plug PCs.",https://plugpcs.com/p/dell/dell-14s-laptop-useds14260hcto02,,,laptops,useds14260hcto02,specified,https://schema.org/InStock,https://www.dell.com/en-us/shop/dell-laptops/dell-ds14260-laptop/spd/dell-ds14260-laptop/useds14260hcto02?redirectTo=SOC
Dell 14S Laptop,Dell,1549.99,USD,16,512,specified,Intel Core Ultra 7 355,Intel Graphics,Intel,Dell,Intel,InStock,"Dell 14S Laptop, Laptops. Intel Core Ultra 7 355 · 16 GB RAM · 512 GB · Intel Graphics · from $1,549.99. Specs, configurations, and where to buy on Plug PCs.",https://plugpcs.com/p/dell/dell-14s-laptop-useds14260hcto03,,,laptops,useds14260hcto03,specified,https://schema.org/InStock,https://www.dell.com/en-us/shop/dell-laptops/dell-ds14260-laptop/spd/dell-ds14260-laptop/useds14260hcto03?redirectTo=SOC
Dell 14S Laptop,Dell,1549.99,USD,16,512,specified,Intel Core Ultra 7 355,Intel Graphics,Intel,Dell,Intel,InStock,"Dell 14S Laptop, Laptops. Intel Core Ultra 7 355 · 16 GB RAM · 512 GB · Intel Graphics · from $1,549.99. Specs, configurations, and where to buy on Plug PCs.",https://plugpcs.com/p/dell/dell-14s-laptop-useds14260hcto04,,,laptops,useds14260hcto04,specified,https://schema.org/InStock,https://www.dell.com/en-us/shop/dell-laptops/dell-ds14260-laptop/spd/dell-ds14260-laptop/useds14260hcto04?redirectTo=SOC
Dell 14S Laptop,Dell,1699.99,USD,16,1024,specified,Intel Core Ultra 7 355,Intel Graphics,Intel,Dell,Intel,InStock,"Dell 14S Laptop, Laptops. Intel Core Ultra 7 355 · 16 GB RAM · 1 TB · Intel Graphics · from $1,699.99. Specs, configurations, and where to buy on Plug PCs.",https://plugpcs.com/p/dell/dell-14s-laptop-useds14260hcto05,,,laptops,useds14260hcto05,specified,https://schema.org/InStock,https://www.dell.com/en-us/shop/dell-laptops/dell-ds14260-laptop/spd/dell-ds14260-laptop/useds14260hcto05?redirectTo=SOC
Dell 14S Laptop,Dell,1799.98,USD,16,1024,specified,Intel Core Ultra 7 355,Intel Graphics,Intel,Dell,Intel,InStock,"Dell 14S Laptop, Laptops. Intel Core Ultra 7 355 · 16 GB RAM · 1 TB · Intel Graphics · from $1,799.98. Specs, configurations, and where to buy on Plug PCs.",https://plugpcs.com/p/dell/dell-14s-laptop-useds14260hcto05-q32,,,laptops,useds14260hcto05_q32,specified,https://schema.org/InStock,https://www.dell.com/en-us/shop/dell-laptops/dell-ds14260-laptop/spd/dell-ds14260-laptop/useds14260hcto05_q32?redirectTo=SOC
Dell 14S Laptop,Dell,1599.99,USD,16,512,specified,Intel Core Ultra 7 355,Intel Graphics,Intel,Dell,Intel,InStock,"Dell 14S Laptop, Laptops. Intel Core Ultra 7 355 · 16 GB RAM · 512 GB · Intel Graphics · from $1,599.99. Specs, configurations, and where to buy on Plug PCs.",https://plugpcs.com/p/dell/dell-14s-laptop-useds14260hcto06,,,laptops,useds14260hcto06,specified,https://schema.org/InStock,https://www.dell.com/en-us/shop/dell-laptops/dell-ds14260-laptop/spd/dell-ds14260-laptop/useds14260hcto06?redirectTo=SOC
Dell 14S Laptop,Dell,2299.99,USD,32,1024,specified,Intel Core Ultra X7 358H,Intel Arc Graphics,Intel,Dell,Intel,InStock,"Dell 14S Laptop, Laptops. Intel Core Ultra X7 358H · 32 GB RAM · 1 TB · Intel Arc Graphics · from $2,299.99. Specs, configurations, and where to buy on Plug PCs.",https://plugpcs.com/p/dell/dell-14s-laptop-useds14260hcto07,,,laptops,useds14260hcto07,specified,https://schema.org/InStock,https://www.dell.com/en-us/shop/dell-laptops/dell-ds14260-laptop/spd/dell-ds14260-laptop/useds14260hcto07?redirectTo=SOC
Dell 14S Laptop,Dell,2199.99,USD,32,512,specified,Intel Core Ultra 9 386H,Intel Graphics,Intel,Dell,Intel,InStock,"Dell 14S Laptop, Laptops. Intel Core Ultra 9 386H · 32 GB RAM · 512 GB · Intel Graphics · from $2,199.99. Specs, configurations, and where to buy on Plug PCs.",https://plugpcs.com/p/dell/dell-14s-laptop-useds14260hcto08,,,laptops,useds14260hcto08,specified,https://schema.org/InStock,https://www.dell.com/en-us/shop/dell-laptops/dell-ds14260-laptop/spd/dell-ds14260-laptop/useds14260hcto08?redirectTo=SOC
Dell 14S Laptop,Dell,1349.99,USD,16,1024,specified,AMD Ryzen AI 7 445,AMD Radeon,AMD,Dell,AMD,InStock,"Dell 14S Laptop, Laptops. AMD Ryzen AI 7 445 · 16 GB RAM · 1 TB · AMD Radeon · from $1,349.99. Specs, configurations, and where to buy on Plug PCs.",https://plugpcs.com/p/dell/dell-14s-laptop-useds14265hcto01,,,laptops,useds14265hcto01,specified,https://schema.org/InStock,https://www.dell.com/en-us/shop/dell-laptops/dell-ds14265-laptop/spd/dell-ds14265-laptop/useds14265hcto01?redirectTo=SOC
Dell 14S Laptop,Dell,1449.99,USD,16,1024,specified,AMD Ryzen AI 7 445,AMD Radeon Graphics,AMD,Dell,AMD,InStock,"Dell 14S Laptop, Laptops. AMD Ryzen AI 7 445 · 16 GB RAM · 1 TB · AMD Radeon Graphics · from $1,449.99. Specs, configurations, and where to buy on Plug PCs.",https://plugpcs.com/p/dell/dell-14s-laptop-useds14265hcto02,,,laptops,useds14265hcto02,specified,https://schema.org/InStock,https://www.dell.com/en-us/shop/dell-laptops/dell-ds14265-laptop/spd/dell-ds14265-laptop/useds14265hcto02?redirectTo=SOC
Dell 14S Laptop,Dell,2049.99,USD,32,1024,specified,AMD Ryzen AI 7 445,AMD Radeon Graphics,AMD,Dell,AMD,InStock,"Dell 14S Laptop, Laptops. AMD Ryzen AI 7 445 · 32 GB RAM · 1 TB · AMD Radeon Graphics · from $2,049.99. Specs, configurations, and where to buy on Plug PCs.",https://plugpcs.com/p/dell/dell-14s-laptop-useds14265hcto03,,,laptops,useds14265hcto03,specified,https://schema.org/InStock,https://www.dell.com/en-us/shop/dell-laptops/dell-ds14265-laptop/spd/dell-ds14265-laptop/useds14265hcto03?redirectTo=SOC
Dell 14S Laptop,Dell,2149.98,USD,32,1024,specified,AMD Ryzen AI 7 445,AMD Radeon Graphics,AMD,Dell,AMD,InStock,"Dell 14S Laptop, Laptops. AMD Ryzen AI 7 445 · 32 GB RAM · 1 TB · AMD Radeon Graphics · from $2,149.98. Specs, configurations, and where to buy on Plug PCs.",https://plugpcs.com/p/dell/dell-14s-laptop-useds14265hcto03-q32,,,laptops,useds14265hcto03_q32,specified,https://schema.org/InStock,https://www.dell.com/en-us/shop/dell-laptops/dell-ds14265-laptop/spd/dell-ds14265-laptop/useds14265hcto03_q32?redirectTo=SOC
Dell 14S Laptop,Dell,1359.99,USD,16,512,specified,AMD Ryzen AI 7 445,AMD Radeon Graphics,AMD,Dell,AMD,InStock,"Dell 14S Laptop, Laptops. AMD Ryzen AI 7 445 · 16 GB RAM · 512 GB · AMD Radeon Graphics · from $1,359.99. Specs, configurations, and where to buy on Plug PCs.",https://plugpcs.com/p/dell/dell-14s-laptop-useds14265hcto04,,,laptops,useds14265hcto04,specified,https://schema.org/InStock,https://www.dell.com/en-us/shop/dell-laptops/dell-ds14265-laptop/spd/dell-ds14265-laptop/useds14265hcto04?redirectTo=SOC
Dell 14S Laptop,Dell,1499.99,USD,16,1024,specified,AMD Ryzen AI 7 445,AMD Radeon Graphics,AMD,Dell,AMD,InStock,"Dell 14S Laptop, Laptops. AMD Ryzen AI 7 445 · 16 GB RAM · 1 TB · AMD Radeon Graphics · from $1,499.99. Specs, configurations, and where to buy on Plug PCs.",https://plugpcs.com/p/dell/dell-14s-laptop-useds14265hcto05,,,laptops,useds14265hcto05,specified,https://schema.org/InStock,https://www.dell.com/en-us/shop/dell-laptops/dell-ds14265-laptop/spd/dell-ds14265-laptop/useds14265hcto05?redirectTo=SOC
Dell 15 Laptop,Dell,799.99,USD,8,512,specified,Intel Core 5 320,Intel Graphics,Intel,Dell,Intel,InStock,"Dell 15 Laptop, Laptops. Intel Core 5 320 · 8 GB RAM · 512 GB · Intel Graphics · from $799.99. Specs, configurations, and where to buy on Plug PCs.",https://plugpcs.com/p/dell/dell-15-laptop-used15261hcto02,,,laptops,used15261hcto02,specified,https://schema.org/InStock,https://www.dell.com/en-us/shop/dell-laptops/dell15d15261/spd/dell15d15261/used15261hcto02?redirectTo=SOC
Dell 15 Laptop,Dell,999.99,USD,16,512,specified,Intel Core 5 320,Intel Graphics,Intel,Dell,Intel,InStock,"Dell 15 Laptop, Laptops. Intel Core 5 320 · 16 GB RAM · 512 GB · Intel Graphics · from $999.99. Specs, configurations, and where to buy on Plug PCs.",https://plugpcs.com/p/dell/dell-15-laptop-used15261hcto03,,,laptops,used15261hcto03,specified,https://schema.org/InStock,https://www.dell.com/en-us/shop/dell-laptops/dell15d15261/spd/dell15d15261/used15261hcto03?redirectTo=SOC
Dell 15 Laptop,Dell,1099.99,USD,16,512,specified,Intel Core 7 350,Intel Graphics,Intel,Dell,Intel,InStock,"Dell 15 Laptop, Laptops. Intel Core 7 350 · 16 GB RAM · 512 GB · Intel Graphics · from $1,099.99. Specs, configurations, and where to buy on Plug PCs.",https://plugpcs.com/p/dell/dell-15-laptop-used15261hcto04,,,laptops,used15261hcto04,specified,https://schema.org/InStock,https://www.dell.com/en-us/shop/dell-laptops/dell15d15261/spd/dell15d15261/used15261hcto04?redirectTo=SOC
Dell 15 Laptop,Dell,749.99,USD,8,512,specified,AMD Ryzen 5 40,AMD Radeon Graphics,AMD,Dell,AMD,InStock,"Dell 15 Laptop, Laptops. AMD Ryzen 5 40 · 8 GB RAM · 512 GB · AMD Radeon Graphics · from $749.99. Specs, configurations, and where to buy on Plug PCs.",https://plugpcs.com/p/dell/dell-15-laptop-used15266hcto02,,,laptops,used15266hcto02,specified,https://schema.org/InStock,https://www.dell.com/en-us/shop/dell-laptops/dell15d15266/spd/dell15d15266/used15266hcto02?redirectTo=SOC
Dell 15 Laptop,Dell,949.99,USD,8,512,specified,Intel Core 3 100U,Intel UHD Graphics,Intel,Dell,Intel,InStock,"Dell 15 Laptop, Laptops. Intel Core 3 100U · 8 GB RAM · 512 GB · Intel UHD Graphics · from $949.99. Specs, configurations, and where to buy on Plug PCs.",https://plugpcs.com/p/dell/dell-15-laptop-usedc15250hbtphwrk,,,laptops,usedc15250hbtphwrk,specified,https://schema.org/InStock,https://www.dell.com/en-us/shop/dell-laptops/dell-dc15250-laptop/spd/dell-dc15250-laptop/usedc15250hbtphwrk?redirectTo=SOC
Dell 15 Laptop,Dell,699.99,USD,8,512,specified,Intel Core 3 100U,Intel UHD Graphics,Intel,Dell,Intel,InStock,"Dell 15 Laptop, Laptops. Intel Core 3 100U · 8 GB RAM · 512 GB · Intel UHD Graphics · from $699.99. Specs, configurations, and where to buy on Plug PCs.",https://plugpcs.com/p/dell/dell-15-laptop-usedc15250hbtshxhf,,,laptops,usedc15250hbtshxhf,specified,https://schema.org/InStock,https://www.dell.com/en-us/shop/dell-laptops/dell-dc15250-laptop/spd/dell-dc15250-laptop/usedc15250hbtshxhf?redirectTo=SOC
Dell 15 Laptop,Dell,1099.99,USD,16,512,specified,Intel Core i7 1355U,Intel UHD Graphics,Intel,Dell,Intel,InStock,"Dell 15 Laptop, Laptops. Intel Core i7 1355U · 16 GB RAM · 512 GB · Intel UHD Graphics · from $1,099.99. Specs, configurations, and where to buy on Plug PCs.",https://plugpcs.com/p/dell/dell-15-laptop-usedc15250hbtshxhk,,,laptops,usedc15250hbtshxhk,specified,https://schema.org/InStock,https://www.dell.com/en-us/shop/dell-laptops/dell-dc15250-laptop/spd/dell-dc15250-laptop/usedc15250hbtshxhk?redirectTo=SOC
Dell 15 Laptop,Dell,1249.99,USD,16,1024,specified,Intel Core i7 1355U,Intel UHD Graphics,Intel,Dell,Intel,InStock,"Dell 15 Laptop, Laptops. Intel Core i7 1355U · 16 GB RAM · 1 TB · Intel UHD Graphics · from $1,249.99. Specs, configurations, and where to buy on Plug PCs.",https://plugpcs.com/p/dell/dell-15-laptop-usedc15250hbtshxhl,,,laptops,usedc15250hbtshxhl,specified,https://schema.org/InStock,https://www.dell.com/en-us/shop/dell-laptops/dell-dc15250-laptop/spd/dell-dc15250-laptop/usedc15250hbtshxhl?redirectTo=SOC
Dell 15 Laptop,Dell,1359.98,USD,16,1024,specified,Intel Core i7 1355U,Intel UHD Graphics,Intel,Dell,Intel,InStock,"Dell 15 Laptop, Laptops. Intel Core i7 1355U · 16 GB RAM · 1 TB · Intel UHD Graphics · from $1,359.98. Specs, configurations, and where to buy on Plug PCs.",https://plugpcs.com/p/dell/dell-15-laptop-usedc15250hbtshxhl-q1,,,laptops,usedc15250hbtshxhl_q1,specified,https://schema.org/InStock,https://www.dell.com/en-us/shop/dell-laptops/dell-dc15250-laptop/spd/dell-dc15250-laptop/usedc15250hbtshxhl_q1?redirectTo=SOC
Dell 15 Laptop,Dell,899.99,USD,8,512,specified,Intel Core i7 1355U,Intel UHD Graphics,Intel,Dell,Intel,InStock,"Dell 15 Laptop, Laptops. Intel Core i7 1355U · 8 GB RAM · 512 GB · Intel UHD Graphics · from $899.99. Specs, configurations, and where to buy on Plug PCs.",https://plugpcs.com/p/dell/dell-15-laptop-usedc15250hbtsjbrs,,,laptops,usedc15250hbtsjbrs,specified,https://schema.org/InStock,https://www.dell.com/en-us/shop/dell-laptops/dell-dc15250-laptop/spd/dell-dc15250-laptop/usedc15250hbtsjbrs?redirectTo=SOC
Dell 15 Laptop,Dell,849.99,USD,8,512,specified,Intel Core i7 1355U,Intel UHD Graphics,Intel,Dell,Intel,InStock,"Dell 15 Laptop, Laptops. Intel Core i7 1355U · 8 GB RAM · 512 GB · Intel UHD Graphics · from $849.99. Specs, configurations, and where to buy on Plug PCs.",https://plugpcs.com/p/dell/dell-15-laptop-usedc15250hbtsjchf,,,laptops,usedc15250hbtsjchf,specified,https://schema.org/InStock,https://www.dell.com/en-us/shop/dell-laptops/dell-dc15250-laptop/spd/dell-dc15250-laptop/usedc15250hbtsjchf?redirectTo=SOC
Dell 15 Laptop,Dell,699.99,USD,8,512,specified,AMD Ryzen 5 7520U,AMD Radeon Graphics AMD Radeon Graphics,AMD,Dell,AMD,InStock,"Dell 15 Laptop, Laptops. AMD Ryzen 5 7520U · 8 GB RAM · 512 GB · AMD Radeon Graphics AMD Radeon Graphics · from $699.99. Specs, configurations, and where to buy on Plug PCs.",https://plugpcs.com/p/dell/dell-15-laptop-usedc15255hbtshqzj,,,laptops,usedc15255hbtshqzj,specified,https://schema.org/InStock,https://www.dell.com/en-us/shop/dell-laptops/dell-dc15255-laptop/spd/dell-dc15255-laptop/usedc15255hbtshqzj?redirectTo=SOC
Dell 15 Laptop,Dell,629.99,USD,8,512,specified,AMD Ryzen 3 7320U,AMD Radeon 610M,AMD,Dell,AMD,InStock,"Dell 15 Laptop, Laptops. AMD Ryzen 3 7320U · 8 GB RAM · 512 GB · AMD Radeon 610M · from $629.99. Specs, configurations, and where to buy on Plug PCs.",https://plugpcs.com/p/dell/dell-15-laptop-usedc15255hbtshqzk,,,laptops,usedc15255hbtshqzk,specified,https://schema.org/InStock,https://www.dell.com/en-us/shop/dell-laptops/dell-dc15255-laptop/spd/dell-dc15255-laptop/usedc15255hbtshqzk?redirectTo=SOC
Dell 15 Laptop,Dell,1149.99,USD,16,1024,specified,AMD Ryzen 7 7730U,AMD Radeon Graphics,AMD,Dell,AMD,InStock,"Dell 15 Laptop, Laptops. AMD Ryzen 7 7730U · 16 GB RAM · 1 TB · AMD Radeon Graphics · from $1,149.99. Specs, configurations, and where to buy on Plug PCs.",https://plugpcs.com/p/dell/dell-15-laptop-usedc15255hbtshqzm,,,laptops,usedc15255hbtshqzm,specified,https://schema.org/InStock,https://www.dell.com/en-us/shop/dell-laptops/dell-dc15255-laptop/spd/dell-dc15255-laptop/usedc15255hbtshqzm?redirectTo=SOC
Dell 16 Laptop,Dell,1099.99,USD,16,512,specified,Intel Core 5 120U,Intel Graphics,Intel,Dell,Intel,InStock,"Dell 16 Laptop, Laptops. Intel Core 5 120U · 16 GB RAM · 512 GB · Intel Graphics · from $1,099.99. Specs, configurations, and where to buy on Plug PCs.",https://plugpcs.com/p/dell/dell-16-laptop-dc16250-fixed-16,,,laptops,dc16250_fixed_16,specified,https://schema.org/InStock,https://www.dell.com/en-us/shop/dell-laptops/dell16laptopdc16250/spd/dell16laptopdc16250/dc16250_fixed_16?redirectTo=SOC
Dell 16 Laptop,Dell,1219.99,USD,16,1024,specified,Intel Core 7 150U,Intel Graphics,Intel,Dell,Intel,InStock,"Dell 16 Laptop, Laptops. Intel Core 7 150U · 16 GB RAM · 1 TB · Intel Graphics · from $1,219.99. Specs, configurations, and where to buy on Plug PCs.",https://plugpcs.com/p/dell/dell-16-laptop-dc16251-fixed-05,,,laptops,dc16251_fixed_05,specified,https://schema.org/InStock,https://www.dell.com/en-us/shop/dell-laptops/dell16laptopdc16251/spd/dell16laptopdc16251/dc16251_fixed_05?redirectTo=SOC
Dell 16 Laptop,Dell,799.99,USD,8,512,specified,AMD Ryzen 5 220,AMD Radeon Graphics,AMD,Dell,AMD,InStock,"Dell 16 Laptop, Laptops. AMD Ryzen 5 220 · 8 GB RAM · 512 GB · AMD Radeon Graphics · from $799.99. Specs, configurations, and where to buy on Plug PCs.",https://plugpcs.com/p/dell/dell-16-laptop-dc16255-fixed-07,,,laptops,dc16255_fixed_07,specified,https://schema.org/InStock,https://www.dell.com/en-us/shop/dell-laptops/dell16laptopdc16255/spd/dell16laptopdc16255/dc16255_fixed_07?redirectTo=SOC
Dell 16 Laptop,Dell,1099.99,USD,16,512,specified,Intel Core 5 120U,Intel Graphics,Intel,Dell,Intel,InStock,"Dell 16 Laptop, Laptops. Intel Core 5 120U · 16 GB RAM · 512 GB · Intel Graphics · from $1,099.99. Specs, configurations, and where to buy on Plug PCs.",https://plugpcs.com/p/dell/dell-16-laptop,,,laptops,usedc16250hbtshwvs,specified,https://schema.org/InStock,https://www.dell.com/en-us/shop/dell-laptops/dell-dc16250-laptop/spd/dell-dc16250-laptop/usedc16250hbtshwvs?redirectTo=SOC
Dell 16 Laptop,Dell,1349.99,USD,16,1024,specified,Intel Core 7 150U,Intel Graphics,Intel,Dell,Intel,InStock,"Dell 16 Laptop, Laptops. Intel Core 7 150U · 16 GB RAM · 1 TB · Intel Graphics · from $1,349.99. Specs, configurations, and where to buy on Plug PCs.",https://plugpcs.com/p/dell/dell-16-laptop-usedc16250hbtshwvt,,,laptops,usedc16250hbtshwvt,specified,https://schema.org/InStock,https://www.dell.com/en-us/shop/dell-laptops/dell-dc16250-laptop/spd/dell-dc16250-laptop/usedc16250hbtshwvt?redirectTo=SOC
Dell 16 Laptop,Dell,1559.98,USD,16,1024,specified,Intel Core 7 150U,Intel Graphics,Intel,Dell,Intel,InStock,"Dell 16 Laptop, Laptops. Intel Core 7 150U · 16 GB RAM · 1 TB · Intel Graphics · from $1,559.98. Specs, configurations, and where to buy on Plug PCs.",https://plugpcs.com/p/dell/dell-16-laptop-usedc16250hbtshwvt-q1,,,laptops,usedc16250hbtshwvt_q1,specified,https://schema.org/InStock,https://www.dell.com/en-us/shop/dell-laptops/dell-dc16250-laptop/spd/dell-dc16250-laptop/usedc16250hbtshwvt_q1?redirectTo=SOC
Dell 16 Laptop,Dell,1449.99,USD,16,1024,specified,Intel Core 7 150U,Intel Graphics,Intel,Dell,Intel,InStock,"Dell 16 Laptop, Laptops. Intel Core 7 150U · 16 GB RAM · 1 TB · Intel Graphics · from $1,449.99. Specs, configurations, and where to buy on Plug PCs.",https://plugpcs.com/p/dell/dell-16-laptop-usedc16250pbtshwvv,,,laptops,usedc16250pbtshwvv,specified,https://schema.org/InStock,https://www.dell.com/en-us/shop/dell-laptops/dell-dc16250-laptop/spd/dell-dc16250-laptop/usedc16250pbtshwvv?redirectTo=SOC
Dell 16 Laptop,Dell,1799.99,USD,16,1024,specified,Intel Core 7 150U,Intel Graphics,Intel,Dell,Intel,InStock,"Dell 16 Laptop, Laptops. Intel Core 7 150U · 16 GB RAM · 1 TB · Intel Graphics · from $1,799.99. Specs, configurations, and where to buy on Plug PCs.",https://plugpcs.com/p/dell/dell-16-laptop-usedc16251hbtshtfy,,,laptops,usedc16251hbtshtfy,specified,https://schema.org/InStock,https://www.dell.com/en-us/shop/dell-laptops/dell-dc16251-laptop/spd/dell-dc16251-laptop/usedc16251hbtshtfy?redirectTo=SOC
Dell 16 Laptop,Dell,1939.99,USD,32,1024,specified,Intel Core 7 150U,Intel Graphics,Intel,Dell,Intel,InStock,"Dell 16 Laptop, Laptops. Intel Core 7 150U · 32 GB RAM · 1 TB · Intel Graphics · from $1,939.99. Specs, configurations, and where to buy on Plug PCs.",https://plugpcs.com/p/dell/dell-16-laptop-usedc16251hbtshtfy-q3,,,laptops,usedc16251hbtshtfy_q3,specified,https://schema.org/InStock,https://www.dell.com/en-us/shop/dell-laptops/dell-dc16251-laptop/spd/dell-dc16251-laptop/usedc16251hbtshtfy_q3?redirectTo=SOC
Dell 16 Laptop,Dell,1349.99,USD,16,1024,specified,Intel Core 7 150U,Intel Graphics,Intel,Dell,Intel,InStock,"Dell 16 Laptop, Laptops. Intel Core 7 150U · 16 GB RAM · 1 TB · Intel Graphics · from $1,349.99. Specs, configurations, and where to buy on Plug PCs.",https://plugpcs.com/p/dell/dell-16-laptop-usedc16251hbtshvjf,,,laptops,usedc16251hbtshvjf,specified,https://schema.org/InStock,https://www.dell.com/en-us/shop/dell-laptops/dell-dc16251-laptop/spd/dell-dc16251-laptop/usedc16251hbtshvjf?redirectTo=SOC
Dell 16 Laptop,Dell,1489.99,USD,16,1024,specified,Intel Core 7 150U,Intel Graphics,Intel,Dell,Intel,InStock,"Dell 16 Laptop, Laptops. Intel Core 7 150U · 16 GB RAM · 1 TB · Intel Graphics · from $1,489.99. Specs, configurations, and where to buy on Plug PCs.",https://plugpcs.com/p/dell/dell-16-laptop-usedc16251hbtshvjf-q3,,,laptops,usedc16251hbtshvjf_q3,specified,https://schema.org/InStock,https://www.dell.com/en-us/shop/dell-laptops/dell-dc16251-laptop/spd/dell-dc16251-laptop/usedc16251hbtshvjf_q3?redirectTo=SOC
Dell 16 Laptop,Dell,1399.99,USD,16,1024,specified,Intel Core 7 150U,Intel Graphics,Intel,Dell,Intel,InStock,"Dell 16 Laptop, Laptops. Intel Core 7 150U · 16 GB RAM · 1 TB · Intel Graphics · from $1,399.99. Specs, configurations, and where to buy on Plug PCs.",https://plugpcs.com/p/dell/dell-16-laptop-usedc16251hbtshvjg,,,laptops,usedc16251hbtshvjg,specified,https://schema.org/InStock,https://www.dell.com/en-us/shop/dell-laptops/dell-dc16251-laptop/spd/dell-dc16251-laptop/usedc16251hbtshvjg?redirectTo=SOC
Dell 16 Laptop,Dell,1899.99,USD,32,1024,specified,Intel Core 7 150U,Intel Graphics,Intel,Dell,Intel,InStock,"Dell 16 Laptop, Laptops. Intel Core 7 150U · 32 GB RAM · 1 TB · Intel Graphics · from $1,899.99. Specs, configurations, and where to buy on Plug PCs.",https://plugpcs.com/p/dell/dell-16-laptop-usedc16251pbtshtgl,,,laptops,usedc16251pbtshtgl,specified,https://schema.org/InStock,https://www.dell.com/en-us/shop/dell-laptops/dell-dc16251-laptop/spd/dell-dc16251-laptop/usedc16251pbtshtgl?redirectTo=SOC
Dell 16 Laptop,Dell,1099.99,USD,8,512,specified,AMD Ryzen 5 220,AMD Radeon Graphics,AMD,Dell,AMD,InStock,"Dell 16 Laptop, Laptops. AMD Ryzen 5 220 · 8 GB RAM · 512 GB · AMD Radeon Graphics · from $1,099.99. Specs, configurations, and where to buy on Plug PCs.",https://plugpcs.com/p/dell/dell-16-laptop-usedc16255hbtshvcc,,,laptops,usedc16255hbtshvcc,specified,https://schema.org/InStock,https://www.dell.com/en-us/shop/dell-laptops/dell-dc16255-laptop/spd/dell-dc16255-laptop/usedc16255hbtshvcc?redirectTo=SOC
Dell 16 Laptop,Dell,1149.99,USD,16,512,specified,AMD Ryzen 7 250,AMD Radeon Graphics,AMD,Dell,AMD,InStock,"Dell 16 Laptop, Laptops. AMD Ryzen 7 250 · 16 GB RAM · 512 GB · AMD Radeon Graphics · from $1,149.99. Specs, configurations, and where to buy on Plug PCs.",https://plugpcs.com/p/dell/dell-16-laptop-usedc16255hbtshvcd,,,laptops,usedc16255hbtshvcd,specified,https://schema.org/InStock,https://www.dell.com/en-us/shop/dell-laptops/dell-dc16255-laptop/spd/dell-dc16255-laptop/usedc16255hbtshvcd?redirectTo=SOC
Dell 16 Plus 2-in-1 Laptop,Dell,2429.99,USD,32,1024,specified,Intel Core Ultra 9 288V,Intel Arc Graphics,Intel,Dell,Intel,InStock,"Dell 16 Plus 2-in-1 Laptop, Laptops. Intel Core Ultra 9 288V · 32 GB RAM · 1 TB · Intel Arc Graphics · from $2,429.99. Specs, configurations, and where to buy on Plug PCs.",https://plugpcs.com/p/dell/dell-16-plus-2-in-1-laptop-db06250-fixed-15,,,laptops,db06250_fixed_15,specified,https://schema.org/InStock,https://www.dell.com/en-us/shop/dell-laptops/dellplus162n1laptopdb06250/spd/dellplus162n1laptopdb06250/db06250_fixed_15?redirectTo=SOC
Dell 16 Plus 2-in-1 Laptop,Dell,1429.99,USD,32,1024,specified,Intel Core Ultra 9 288V,Intel Arc Graphics,Intel,Dell,Intel,InStock,"Dell 16 Plus 2-in-1 Laptop, Laptops. Intel Core Ultra 9 288V · 32 GB RAM · 1 TB · Intel Arc Graphics · from $1,429.99. Specs, configurations, and where to buy on Plug PCs.",https://plugpcs.com/p/dell/dell-16-plus-2-in-1-laptop-usedb06250hbtphldb,,,laptops,usedb06250hbtphldb,specified,https://schema.org/InStock,https://www.dell.com/en-us/shop/dell-laptops/dell-db06250-2-in-1-laptop/spd/dell-db06250-2-in-1-laptop/usedb06250hbtphldb?redirectTo=SOC
Dell 16 Plus 2-in-1 Laptop,Dell,1629.99,USD,16,1024,specified,Intel Core Ultra 7 256V,Intel Arc Graphics,Intel,Dell,Intel,InStock,"Dell 16 Plus 2-in-1 Laptop, Laptops. Intel Core Ultra 7 256V · 16 GB RAM · 1 TB · Intel Arc Graphics · from $1,629.99. Specs, configurations, and where to buy on Plug PCs.",https://plugpcs.com/p/dell/dell-16-plus-2-in-1-laptop,,,laptops,usedb06250hbtshksj,specified,https://schema.org/InStock,https://www.dell.com/en-us/shop/dell-laptops/dell-db06250-2-in-1-laptop/spd/dell-db06250-2-in-1-laptop/usedb06250hbtshksj?redirectTo=SOC
Dell 16 Plus 2-in-1 Laptop,Dell,1739.98,USD,16,1024,specified,Intel Core Ultra 7 256V,Intel Arc Graphics,Intel,Dell,Intel,InStock,"Dell 16 Plus 2-in-1 Laptop, Laptops. Intel Core Ultra 7 256V · 16 GB RAM · 1 TB · Intel Arc Graphics · from $1,739.98. Specs, configurations, and where to buy on Plug PCs.",https://plugpcs.com/p/dell/dell-16-plus-2-in-1-laptop-usedb06250hbtshksj-q32,,,laptops,usedb06250hbtshksj_q32,specified,https://schema.org/InStock,https://www.dell.com/en-us/shop/dell-laptops/dell-db06250-2-in-1-laptop/spd/dell-db06250-2-in-1-laptop/usedb06250hbtshksj_q32?redirectTo=SOC
Dell 16 Plus 2-in-1 Laptop,Dell,2429.99,USD,32,1024,specified,Intel Core Ultra 9 288V,Intel Arc Graphics,Intel,Dell,Intel,InStock,"Dell 16 Plus 2-in-1 Laptop, Laptops. Intel Core Ultra 9 288V · 32 GB RAM · 1 TB · Intel Arc Graphics · from $2,429.99. Specs, configurations, and where to buy on Plug PCs.",https://plugpcs.com/p/dell/dell-16-plus-2-in-1-laptop-usedb06250hbtshkvf,,,laptops,usedb06250hbtshkvf,specified,https://schema.org/InStock,https://www.dell.com/en-us/shop/dell-laptops/dell-db06250-2-in-1-laptop/spd/dell-db06250-2-in-1-laptop/usedb06250hbtshkvf?redirectTo=SOC
Dell 16 Plus 2-in-1 Laptop,Dell,2279.99,USD,32,1024,specified,Intel Core Ultra 7 258V,Intel Arc Graphics,Intel,Dell,Intel,InStock,"Dell 16 Plus 2-in-1 Laptop, Laptops. Intel Core Ultra 7 258V · 32 GB RAM · 1 TB · Intel Arc Graphics · from $2,279.99. Specs, configurations, and where to buy on Plug PCs.",https://plugpcs.com/p/dell/dell-16-plus-2-in-1-laptop-usedb06250hbtshlwb,,,laptops,usedb06250hbtshlwb,specified,https://schema.org/InStock,https://www.dell.com/en-us/shop/dell-laptops/dell-db06250-2-in-1-laptop/spd/dell-db06250-2-in-1-laptop/usedb06250hbtshlwb?redirectTo=SOC
Dell 16 Plus Laptop,Dell,1559.99,USD,16,1024,specified,Intel Core Ultra 7 256V,Intel Arc Graphics,Intel,Dell,Intel,InStock,"Dell 16 Plus Laptop, Laptops. Intel Core Ultra 7 256V · 16 GB RAM · 1 TB · Intel Arc Graphics · from $1,559.99. Specs, configurations, and where to buy on Plug PCs.",https://plugpcs.com/p/dell/dell-16-plus-laptop-db16250-fixed-20,,,laptops,db16250_fixed_20,specified,https://schema.org/InStock,https://www.dell.com/en-us/shop/dell-laptops/dellplus16laptopdb16250/spd/dellplus16laptopdb16250/db16250_fixed_20?redirectTo=SOC
Dell 16 Plus Laptop,Dell,1299.99,USD,16,512,specified,AMD Ryzen AI 5 340,AMD Radeon Graphics,AMD,Dell,AMD,InStock,"Dell 16 Plus Laptop, Laptops. AMD Ryzen AI 5 340 · 16 GB RAM · 512 GB · AMD Radeon Graphics · from $1,299.99. Specs, configurations, and where to buy on Plug PCs.",https://plugpcs.com/p/dell/dell-16-plus-laptop-db16255-fixed-03,,,laptops,db16255_fixed_03,specified,https://schema.org/InStock,https://www.dell.com/en-us/shop/dell-laptops/dellplus16laptopdb16255/spd/dellplus16laptopdb16255/db16255_fixed_03?redirectTo=SOC
Dell 16 Plus Laptop,Dell,1629.99,USD,16,1024,specified,Intel Core Ultra 7 256V,Intel Arc Graphics,Intel,Dell,Intel,InStock,"Dell 16 Plus Laptop, Laptops. Intel Core Ultra 7 256V · 16 GB RAM · 1 TB · Intel Arc Graphics · from $1,629.99. Specs, configurations, and where to buy on Plug PCs.",https://plugpcs.com/p/dell/dell-16-plus-laptop,,,laptops,usedb16250hbtshmgx,specified,https://schema.org/InStock,https://www.dell.com/en-us/shop/dell-laptops/dell-db16250-laptop/spd/dell-db16250-laptop/usedb16250hbtshmgx?redirectTo=SOC
Dell 16 Plus Laptop,Dell,1804.98,USD,16,1024,specified,Intel Core Ultra 7 256V,Intel Arc Graphics,Intel,Dell,Intel,InStock,"Dell 16 Plus Laptop, Laptops. Intel Core Ultra 7 256V · 16 GB RAM · 1 TB · Intel Arc Graphics · from $1,804.98. Specs, configurations, and where to buy on Plug PCs.",https://plugpcs.com/p/dell/dell-16-plus-laptop-usedb16250hbtshmgx-q3,,,laptops,usedb16250hbtshmgx_q3,specified,https://schema.org/InStock,https://www.dell.com/en-us/shop/dell-laptops/dell-db16250-laptop/spd/dell-db16250-laptop/usedb16250hbtshmgx_q3?redirectTo=SOC
Dell 16 Plus Laptop,Dell,2079.99,USD,32,1024,specified,Intel Core Ultra 7 258V,Intel Arc Graphics,Intel,Dell,Intel,InStock,"Dell 16 Plus Laptop, Laptops. Intel Core Ultra 7 258V · 32 GB RAM · 1 TB · Intel Arc Graphics · from $2,079.99. Specs, configurations, and where to buy on Plug PCs.",https://plugpcs.com/p/dell/dell-16-plus-laptop-usedb16250hbtshmhc,,,laptops,usedb16250hbtshmhc,specified,https://schema.org/InStock,https://www.dell.com/en-us/shop/dell-laptops/dell-db16250-laptop/spd/dell-db16250-laptop/usedb16250hbtshmhc?redirectTo=SOC
Dell 16 Plus Laptop,Dell,2279.98,USD,32,1024,specified,Intel Core Ultra 7 258V,Intel Arc Graphics,Intel,Dell,Intel,InStock,"Dell 16 Plus Laptop, Laptops. Intel Core Ultra 7 258V · 32 GB RAM · 1 TB · Intel Arc Graphics · from $2,279.98. Specs, configurations, and where to buy on Plug PCs.",https://plugpcs.com/p/dell/dell-16-plus-laptop-usedb16250hbtshmhc-q3,,,laptops,usedb16250hbtshmhc_q3,specified,https://schema.org/InStock,https://www.dell.com/en-us/shop/dell-laptops/dell-db16250-laptop/spd/dell-db16250-laptop/usedb16250hbtshmhc_q3?redirectTo=SOC
Dell 16 Plus Laptop,Dell,2229.99,USD,32,1024,specified,Intel Core Ultra 7 258V,Intel Arc Graphics,Intel,Dell,Intel,InStock,"Dell 16 Plus Laptop, Laptops. Intel Core Ultra 7 258V · 32 GB RAM · 1 TB · Intel Arc Graphics · from $2,229.99. Specs, configurations, and where to buy on Plug PCs.",https://plugpcs.com/p/dell/dell-16-plus-laptop-usedb16250hbtshmhp,,,laptops,usedb16250hbtshmhp,specified,https://schema.org/InStock,https://www.dell.com/en-us/shop/dell-laptops/dell-db16250-laptop/spd/dell-db16250-laptop/usedb16250hbtshmhp?redirectTo=SOC
Dell 16 Plus Laptop,Dell,2429.98,USD,32,1024,specified,Intel Core Ultra 7 258V,Intel Arc Graphics,Intel,Dell,Intel,InStock,"Dell 16 Plus Laptop, Laptops. Intel Core Ultra 7 258V · 32 GB RAM · 1 TB · Intel Arc Graphics · from $2,429.98. Specs, configurations, and where to buy on Plug PCs.",https://plugpcs.com/p/dell/dell-16-plus-laptop-usedb16250hbtshmhp-q3,,,laptops,usedb16250hbtshmhp_q3,specified,https://schema.org/InStock,https://www.dell.com/en-us/shop/dell-laptops/dell-db16250-laptop/spd/dell-db16250-laptop/usedb16250hbtshmhp_q3?redirectTo=SOC
Dell 16 Plus Laptop,Dell,2629.99,USD,32,2048,specified,Intel Core Ultra 9 288V,Intel Arc Graphics,Intel,Dell,Intel,InStock,"Dell 16 Plus Laptop, Laptops. Intel Core Ultra 9 288V · 32 GB RAM · 2 TB · Intel Arc Graphics · from $2,629.99. Specs, configurations, and where to buy on Plug PCs.",https://plugpcs.com/p/dell/dell-16-plus-laptop-usedb16250hbtshmht,,,laptops,usedb16250hbtshmht,specified,https://schema.org/InStock,https://www.dell.com/en-us/shop/dell-laptops/dell-db16250-laptop/spd/dell-db16250-laptop/usedb16250hbtshmht?redirectTo=SOC
Dell 16 Plus Laptop,Dell,2848.98,USD,32,2048,specified,Intel Core Ultra 9 288V,Intel Arc Graphics,Intel,Dell,Intel,InStock,"Dell 16 Plus Laptop, Laptops. Intel Core Ultra 9 288V · 32 GB RAM · 2 TB · Intel Arc Graphics · from $2,848.98. Specs, configurations, and where to buy on Plug PCs.",https://plugpcs.com/p/dell/dell-16-plus-laptop-usedb16250hbtshmht-q3,,,laptops,usedb16250hbtshmht_q3,specified,https://schema.org/InStock,https://www.dell.com/en-us/shop/dell-laptops/dell-db16250-laptop/spd/dell-db16250-laptop/usedb16250hbtshmht_q3?redirectTo=SOC
Dell 16 Plus Laptop,Dell,1729.99,USD,16,1024,specified,Intel Core Ultra 7 256V,Intel Arc Graphics,Intel,Dell,Intel,InStock,"Dell 16 Plus Laptop, Laptops. Intel Core Ultra 7 256V · 16 GB RAM · 1 TB · Intel Arc Graphics · from $1,729.99. Specs, configurations, and where to buy on Plug PCs.",https://plugpcs.com/p/dell/dell-16-plus-laptop-usedb16250pbtshmgy,,,laptops,usedb16250pbtshmgy,specified,https://schema.org/InStock,https://www.dell.com/en-us/shop/dell-laptops/dell-db16250-laptop/spd/dell-db16250-laptop/usedb16250pbtshmgy?redirectTo=SOC
Dell 16 Plus Laptop,Dell,1299.99,USD,16,512,specified,AMD Ryzen AI 5 340,AMD Radeon Graphics,AMD,Dell,AMD,InStock,"Dell 16 Plus Laptop, Laptops. AMD Ryzen AI 5 340 · 16 GB RAM · 512 GB · AMD Radeon Graphics · from $1,299.99. Specs, configurations, and where to buy on Plug PCs.",https://plugpcs.com/p/dell/dell-16-plus-laptop-usedb16255hbtshptp,,,laptops,usedb16255hbtshptp,specified,https://schema.org/InStock,https://www.dell.com/en-us/shop/dell-laptops/dell-db16255-laptop/spd/dell-db16255-laptop/usedb16255hbtshptp?redirectTo=SOC
Dell 16 Plus Laptop,Dell,1549.99,USD,16,1024,specified,AMD Ryzen AI 7 350,AMD Radeon Graphics,AMD,Dell,AMD,InStock,"Dell 16 Plus Laptop, Laptops. AMD Ryzen AI 7 350 · 16 GB RAM · 1 TB · AMD Radeon Graphics · from $1,549.99. Specs, configurations, and where to buy on Plug PCs.",https://plugpcs.com/p/dell/dell-16-plus-laptop-usedb16255hbtshptq,,,laptops,usedb16255hbtshptq,specified,https://schema.org/InStock,https://www.dell.com/en-us/shop/dell-laptops/dell-db16255-laptop/spd/dell-db16255-laptop/usedb16255hbtshptq?redirectTo=SOC
Dell 16 Plus Laptop,Dell,1999.99,USD,32,1024,specified,AMD Ryzen AI 7 350,AMD Radeon Graphics,AMD,Dell,AMD,InStock,"Dell 16 Plus Laptop, Laptops. AMD Ryzen AI 7 350 · 32 GB RAM · 1 TB · AMD Radeon Graphics · from $1,999.99. Specs, configurations, and where to buy on Plug PCs.",https://plugpcs.com/p/dell/dell-16-plus-laptop-usedb16255hbtshptr,,,laptops,usedb16255hbtshptr,specified,https://schema.org/InStock,https://www.dell.com/en-us/shop/dell-laptops/dell-db16255-laptop/spd/dell-db16255-laptop/usedb16255hbtshptr?redirectTo=SOC
Dell 16 Plus Laptop,Dell,2199.98,USD,32,1024,specified,AMD Ryzen AI 7 350,AMD Radeon Graphics,AMD,Dell,AMD,InStock,"Dell 16 Plus Laptop, Laptops. AMD Ryzen AI 7 350 · 32 GB RAM · 1 TB · AMD Radeon Graphics · from $2,199.98. Specs, configurations, and where to buy on Plug PCs.",https://plugpcs.com/p/dell/dell-16-plus-laptop-usedb16255hbtshptr-q3,,,laptops,usedb16255hbtshptr_q3,specified,https://schema.org/InStock,https://www.dell.com/en-us/shop/dell-laptops/dell-db16255-laptop/spd/dell-db16255-laptop/usedb16255hbtshptr_q3?redirectTo=SOC
Dell 16S Laptop,Dell,1449.99,USD,32,512,specified,Intel Core Ultra 9 386H,Intel Graphics Intel Graphics Intel Arc Graphics,Intel,Dell,Intel,InStock,"Dell 16S Laptop, Laptops. Intel Core Ultra 9 386H · 32 GB RAM · 512 GB · Intel Graphics Intel Graphics Intel Arc Graphics · from $1,449.99. Specs, configurations, and where to buy on Plug PCs.",https://plugpcs.com/p/dell/dell-16s-laptop,,,laptops,useds16260hcto01,specified,https://schema.org/InStock,https://www.dell.com/en-us/shop/dell-laptops/dell-ds16260-laptop/spd/dell-ds16260-laptop/useds16260hcto01?redirectTo=SOC
Dell 16S Laptop,Dell,1649.99,USD,16,1024,specified,Intel Core Ultra 7 355,Intel Graphics,Intel,Dell,Intel,InStock,"Dell 16S Laptop, Laptops. Intel Core Ultra 7 355 · 16 GB RAM · 1 TB · Intel Graphics · from $1,649.99. Specs, configurations, and where to buy on Plug PCs.",https://plugpcs.com/p/dell/dell-16s-laptop-useds16260hcto02,,,laptops,useds16260hcto02,specified,https://schema.org/InStock,https://www.dell.com/en-us/shop/dell-laptops/dell-ds16260-laptop/spd/dell-ds16260-laptop/useds16260hcto02?redirectTo=SOC
Dell 16S Laptop,Dell,1549.99,USD,16,512,specified,Intel Core Ultra 7 355,Intel Graphics,Intel,Dell,Intel,InStock,"Dell 16S Laptop, Laptops. Intel Core Ultra 7 355 · 16 GB RAM · 512 GB · Intel Graphics · from $1,549.99. Specs, configurations, and where to buy on Plug PCs.",https://plugpcs.com/p/dell/dell-16s-laptop-useds16260hcto03,,,laptops,useds16260hcto03,specified,https://schema.org/InStock,https://www.dell.com/en-us/shop/dell-laptops/dell-ds16260-laptop/spd/dell-ds16260-laptop/useds16260hcto03?redirectTo=SOC
Dell 16S Laptop,Dell,1549.99,USD,16,512,specified,Intel Core Ultra 7 355,Intel Graphics,Intel,Dell,Intel,InStock,"Dell 16S Laptop, Laptops. Intel Core Ultra 7 355 · 16 GB RAM · 512 GB · Intel Graphics · from $1,549.99. Specs, configurations, and where to buy on Plug PCs.",https://plugpcs.com/p/dell/dell-16s-laptop-useds16260hcto04,,,laptops,useds16260hcto04,specified,https://schema.org/InStock,https://www.dell.com/en-us/shop/dell-laptops/dell-ds16260-laptop/spd/dell-ds16260-laptop/useds16260hcto04?redirectTo=SOC
Dell 16S Laptop,Dell,1849.99,USD,16,1024,specified,Intel Core Ultra 7 355,Intel Graphics,Intel,Dell,Intel,InStock,"Dell 16S Laptop, Laptops. Intel Core Ultra 7 355 · 16 GB RAM · 1 TB · Intel Graphics · from $1,849.99. Specs, configurations, and where to buy on Plug PCs.",https://plugpcs.com/p/dell/dell-16s-laptop-useds16260hcto05,,,laptops,useds16260hcto05,specified,https://schema.org/InStock,https://www.dell.com/en-us/shop/dell-laptops/dell-ds16260-laptop/spd/dell-ds16260-laptop/useds16260hcto05?redirectTo=SOC
Dell 16S Laptop,Dell,2149.99,USD,32,512,specified,Intel Core Ultra 9 386H,Intel Graphics,Intel,Dell,Intel,InStock,"Dell 16S Laptop, Laptops. Intel Core Ultra 9 386H · 32 GB RAM · 512 GB · Intel Graphics · from $2,149.99. Specs, configurations, and where to buy on Plug PCs.",https://plugpcs.com/p/dell/dell-16s-laptop-useds16260hcto06,,,laptops,useds16260hcto06,specified,https://schema.org/InStock,https://www.dell.com/en-us/shop/dell-laptops/dell-ds16260-laptop/spd/dell-ds16260-laptop/useds16260hcto06?redirectTo=SOC
Dell 16S Laptop,Dell,2299.99,USD,32,512,specified,Intel Core Ultra 9 386H,Intel Graphics,Intel,Dell,Intel,InStock,"Dell 16S Laptop, Laptops. Intel Core Ultra 9 386H · 32 GB RAM · 512 GB · Intel Graphics · from $2,299.99. Specs, configurations, and where to buy on Plug PCs.",https://plugpcs.com/p/dell/dell-16s-laptop-useds16260hcto07,,,laptops,useds16260hcto07,specified,https://schema.org/InStock,https://www.dell.com/en-us/shop/dell-laptops/dell-ds16260-laptop/spd/dell-ds16260-laptop/useds16260hcto07?redirectTo=SOC
Dell 16S Laptop,Dell,2249.99,USD,32,1024,specified,Intel Core Ultra X7 358H,Intel Arc Graphics,Intel,Dell,Intel,InStock,"Dell 16S Laptop, Laptops. Intel Core Ultra X7 358H · 32 GB RAM · 1 TB · Intel Arc Graphics · from $2,249.99. Specs, configurations, and where to buy on Plug PCs.",https://plugpcs.com/p/dell/dell-16s-laptop-useds16260hcto08,,,laptops,useds16260hcto08,specified,https://schema.org/InStock,https://www.dell.com/en-us/shop/dell-laptops/dell-ds16260-laptop/spd/dell-ds16260-laptop/useds16260hcto08?redirectTo=SOC
Dell 16S Laptop,Dell,2349.98,USD,32,1024,specified,Intel Core Ultra X7 358H,Intel Arc Graphics,Intel,Dell,Intel,InStock,"Dell 16S Laptop, Laptops. Intel Core Ultra X7 358H · 32 GB RAM · 1 TB · Intel Arc Graphics · from $2,349.98. Specs, configurations, and where to buy on Plug PCs.",https://plugpcs.com/p/dell/dell-16s-laptop-useds16260hcto08-q32,,,laptops,useds16260hcto08_q32,specified,https://schema.org/InStock,https://www.dell.com/en-us/shop/dell-laptops/dell-ds16260-laptop/spd/dell-ds16260-laptop/useds16260hcto08_q32?redirectTo=SOC
Dell 16S Laptop,Dell,1299.99,USD,16,512,specified,AMD Ryzen AI 5 430,AMD Radeon,AMD,Dell,AMD,InStock,"Dell 16S Laptop, Laptops. AMD Ryzen AI 5 430 · 16 GB RAM · 512 GB · AMD Radeon · from $1,299.99. Specs, configurations, and where to buy on Plug PCs.",https://plugpcs.com/p/dell/dell-16s-laptop-useds16265hcto01,,,laptops,useds16265hcto01,specified,https://schema.org/InStock,https://www.dell.com/en-us/shop/dell-laptops/dell-ds16265-laptop/spd/dell-ds16265-laptop/useds16265hcto01?redirectTo=SOC
Dell 16S Laptop,Dell,1549.99,USD,16,1024,specified,AMD Ryzen AI 7 445,AMD Radeon Graphics,AMD,Dell,AMD,InStock,"Dell 16S Laptop, Laptops. AMD Ryzen AI 7 445 · 16 GB RAM · 1 TB · AMD Radeon Graphics · from $1,549.99. Specs, configurations, and where to buy on Plug PCs.",https://plugpcs.com/p/dell/dell-16s-laptop-useds16265hcto02,,,laptops,useds16265hcto02,specified,https://schema.org/InStock,https://www.dell.com/en-us/shop/dell-laptops/dell-ds16265-laptop/spd/dell-ds16265-laptop/useds16265hcto02?redirectTo=SOC
Dell 16S Laptop,Dell,1449.99,USD,16,512,specified,AMD Ryzen AI 7 445,AMD Radeon Graphics,AMD,Dell,AMD,InStock,"Dell 16S Laptop, Laptops. AMD Ryzen AI 7 445 · 16 GB RAM · 512 GB · AMD Radeon Graphics · from $1,449.99. Specs, configurations, and where to buy on Plug PCs.",https://plugpcs.com/p/dell/dell-16s-laptop-useds16265hcto03,,,laptops,useds16265hcto03,specified,https://schema.org/InStock,https://www.dell.com/en-us/shop/dell-laptops/dell-ds16265-laptop/spd/dell-ds16265-laptop/useds16265hcto03?redirectTo=SOC
Dell 16S Laptop,Dell,1899.99,USD,32,512,specified,AMD Ryzen AI 7 445,AMD Radeon Graphics,AMD,Dell,AMD,InStock,"Dell 16S Laptop, Laptops. AMD Ryzen AI 7 445 · 32 GB RAM · 512 GB · AMD Radeon Graphics · from $1,899.99. Specs, configurations, and where to buy on Plug PCs.",https://plugpcs.com/p/dell/dell-16s-laptop-useds16265hcto04,,,laptops,useds16265hcto04,specified,https://schema.org/InStock,https://www.dell.com/en-us/shop/dell-laptops/dell-ds16265-laptop/spd/dell-ds16265-laptop/useds16265hcto04?redirectTo=SOC
Dell 16S Laptop,Dell,2049.99,USD,32,1024,specified,AMD Ryzen AI 7 445,AMD Radeon Graphics,AMD,Dell,AMD,InStock,"Dell 16S Laptop, Laptops. AMD Ryzen AI 7 445 · 32 GB RAM · 1 TB · AMD Radeon Graphics · from $2,049.99. Specs, configurations, and where to buy on Plug PCs.",https://plugpcs.com/p/dell/dell-16s-laptop-useds16265hcto05,,,laptops,useds16265hcto05,specified,https://schema.org/InStock,https://www.dell.com/en-us/shop/dell-laptops/dell-ds16265-laptop/spd/dell-ds16265-laptop/useds16265hcto05?redirectTo=SOC
Dell 16S Laptop,Dell,1599.99,USD,16,1024,specified,AMD Ryzen AI 7 445,AMD Radeon Graphics,AMD,Dell,AMD,InStock,"Dell 16S Laptop, Laptops. AMD Ryzen AI 7 445 · 16 GB RAM · 1 TB · AMD Radeon Graphics · from $1,599.99. Specs, configurations, and where to buy on Plug PCs.",https://plugpcs.com/p/dell/dell-16s-laptop-useds16265hcto06,,,laptops,useds16265hcto06,specified,https://schema.org/InStock,https://www.dell.com/en-us/shop/dell-laptops/dell-ds16265-laptop/spd/dell-ds16265-laptop/useds16265hcto06?redirectTo=SOC
Dell 16S Laptop,Dell,2049.99,USD,32,1024,specified,AMD Ryzen AI 7 445,AMD Radeon Graphics,AMD,Dell,AMD,InStock,"Dell 16S Laptop, Laptops. AMD Ryzen AI 7 445 · 32 GB RAM · 1 TB · AMD Radeon Graphics · from $2,049.99. Specs, configurations, and where to buy on Plug PCs.",https://plugpcs.com/p/dell/dell-16s-laptop-useds16265hcto07,,,laptops,useds16265hcto07,specified,https://schema.org/InStock,https://www.dell.com/en-us/shop/dell-laptops/dell-ds16265-laptop/spd/dell-ds16265-laptop/useds16265hcto07?redirectTo=SOC
Dell 16S Laptop,Dell,2149.98,USD,32,1024,specified,AMD Ryzen AI 7 445,AMD Radeon Graphics,AMD,Dell,AMD,InStock,"Dell 16S Laptop, Laptops. AMD Ryzen AI 7 445 · 32 GB RAM · 1 TB · AMD Radeon Graphics · from $2,149.98. Specs, configurations, and where to buy on Plug PCs.",https://plugpcs.com/p/dell/dell-16s-laptop-useds16265hcto07-q32,,,laptops,useds16265hcto07_q32,specified,https://schema.org/InStock,https://www.dell.com/en-us/shop/dell-laptops/dell-ds16265-laptop/spd/dell-ds16265-laptop/useds16265hcto07_q32?redirectTo=SOC
Dell Pro 13 Plus Laptop or 2-in-1,Dell,2919.68,USD,32,512,specified,Intel Core Ultra 7 265U,,Unknown,Dell,Intel,InStock,"Dell Pro 13 Plus Laptop or 2-in-1, Laptops. Intel Core Ultra 7 265U · 32 GB RAM · 512 GB · from $2,919.68. Specs, configurations, and where to buy on Plug PCs.",https://plugpcs.com/p/dell/dell-pro-13-plus-laptop-or-2-in-1-bts114-pb13250-usx,,,laptops,bts114_pb13250_usx,specified,https://schema.org/InStock,https://www.dell.com/en-us/shop/dell-laptops/dell-pro-pb13250-2-in-1-laptop/spd/dell-pro-pb13250-2-in-1-laptop/bts114_pb13250_usx?redirectTo=SOC
Dell Pro 13 Plus Laptop or 2-in-1,Dell,1858.73,USD,16,512,specified,Intel Core Ultra 5 236V,,Unknown,Dell,Intel,InStock,"Dell Pro 13 Plus Laptop or 2-in-1, Laptops. Intel Core Ultra 5 236V · 16 GB RAM · 512 GB · from $1,858.73. Specs, configurations, and where to buy on Plug PCs.",https://plugpcs.com/p/dell/dell-pro-13-plus-laptop-or-2-in-1-bts202-pb13250-usx,,,laptops,bts202_pb13250_usx,specified,https://schema.org/InStock,https://www.dell.com/en-us/shop/dell-laptops/dell-pro-pb13250-2-in-1-laptop/spd/dell-pro-pb13250-2-in-1-laptop/bts202_pb13250_usx?redirectTo=SOC
Dell Pro 13 Plus Laptop or 2-in-1,Dell,1646.56,USD,16,512,specified,Intel Core Ultra 7 266V,,Unknown,Dell,Intel,InStock,"Dell Pro 13 Plus Laptop or 2-in-1, Laptops. Intel Core Ultra 7 266V · 16 GB RAM · 512 GB · from $1,646.56. Specs, configurations, and where to buy on Plug PCs.",https://plugpcs.com/p/dell/dell-pro-13-plus-laptop-or-2-in-1-bts206-pb13250-usx,,,laptops,bts206_pb13250_usx,specified,https://schema.org/InStock,https://www.dell.com/en-us/shop/dell-laptops/dell-pro-pb13250-2-in-1-laptop/spd/dell-pro-pb13250-2-in-1-laptop/bts206_pb13250_usx?redirectTo=SOC
Dell Pro 13 Plus Laptop or 2-in-1,Dell,1751.18,USD,16,512,specified,Intel Core Ultra 5 236V,,Unknown,Dell,Intel,InStock,"Dell Pro 13 Plus Laptop or 2-in-1, Laptops. Intel Core Ultra 5 236V · 16 GB RAM · 512 GB · from $1,751.18. Specs, configurations, and where to buy on Plug PCs.",https://plugpcs.com/p/dell/dell-pro-13-plus-laptop-or-2-in-1-gcto-pb13250-usx,,,laptops,gcto_pb13250_usx,specified,https://schema.org/InStock,https://www.dell.com/en-us/shop/dell-laptops/dell-pro-pb13250-2-in-1-laptop/spd/dell-pro-pb13250-2-in-1-laptop/gcto_pb13250_usx?redirectTo=SOC
Dell Pro 13 Plus Laptop or 2-in-1,Dell,2036,USD,16,512,specified,Intel Core Ultra 5 236V,Intel Arc Graphics,Intel,Dell,Intel,InStock,"Dell Pro 13 Plus Laptop or 2-in-1, Laptops. Intel Core Ultra 5 236V · 16 GB RAM · 512 GB · Intel Arc Graphics · from $2,036. Specs, configurations, and where to buy on Plug PCs.",https://plugpcs.com/p/dell/dell-pro-13-plus-laptop-or-2-in-1-pb13250-so-2,,,laptops,pb13250_so_2,specified,https://schema.org/InStock,https://www.dell.com/en-us/shop/dell-laptops/dellproplus13laptoppb13250/spd/dellproplus13laptoppb13250/pb13250_so_2?redirectTo=SOC
Dell Pro 13 Plus Laptop or 2-in-1,Dell,1878,USD,16,512,specified,AMD Ryzen 5 220,,Unknown,Dell,AMD,InStock,"Dell Pro 13 Plus Laptop or 2-in-1, Laptops. AMD Ryzen 5 220 · 16 GB RAM · 512 GB · from $1,878. Specs, configurations, and where to buy on Plug PCs.",https://plugpcs.com/p/dell/dell-pro-13-plus-laptop-or-2-in-1-pb13255-reg-01,,,laptops,pb13255_reg_01,specified,https://schema.org/InStock,https://www.dell.com/en-us/shop/dell-laptops/dellproplus13laptoppb13255/spd/dellproplus13laptoppb13255/pb13255_reg_01?redirectTo=SOC
Dell Pro 13 Premium Laptop,Dell,2085.99,USD,16,512,specified,Intel Core Ultra 5 236V,Intel Arc Graphics,Intel,Dell,Intel,InStock,"Dell Pro 13 Premium Laptop, Laptops. Intel Core Ultra 5 236V · 16 GB RAM · 512 GB · Intel Arc Graphics · from $2,085.99. Specs, configurations, and where to buy on Plug PCs.",https://plugpcs.com/p/dell/dell-pro-13-premium-laptop,,,laptops,gcto_pa13250_usx,specified,https://schema.org/InStock,https://www.dell.com/en-us/shop/dell-laptops/dell-pro-pa13250-laptop/spd/dell-pro-pa13250-laptop/gcto_pa13250_usx?redirectTo=SOC
Dell Pro 13 Premium Laptop,Dell,2159,USD,16,512,specified,Intel Core Ultra 5 236V,Intel Arc Graphics,Intel,Dell,Intel,InStock,"Dell Pro 13 Premium Laptop, Laptops. Intel Core Ultra 5 236V · 16 GB RAM · 512 GB · Intel Arc Graphics · from $2,159. Specs, configurations, and where to buy on Plug PCs.",https://plugpcs.com/p/dell/dell-pro-13-premium-laptop-pa13250-reg-01,,,laptops,pa13250_reg_01,specified,https://schema.org/InStock,https://www.dell.com/en-us/shop/dell-laptops/dellpropremium13laptoppa13250/spd/dellpropremium13laptoppa13250/pa13250_reg_01?redirectTo=SOC
Dell Pro 14 Essential Laptop,Dell,1080.44,USD,16,512,specified,AMD Ryzen 5 220,AMD Radeon Graphics,AMD,Dell,AMD,InStock,"Dell Pro 14 Essential Laptop, Laptops. AMD Ryzen 5 220 · 16 GB RAM · 512 GB · AMD Radeon Graphics · from $1,080.44. Specs, configurations, and where to buy on Plug PCs.",https://plugpcs.com/p/dell/dell-pro-14-essential-laptop-btohvjs-pv14255-us,,,laptops,btohvjs_pv14255_us,specified,https://schema.org/InStock,https://www.dell.com/en-us/shop/dell-laptops/dell-pro-pv14255-laptop/spd/dell-pro-pv14255-laptop/btohvjs_pv14255_us?redirectTo=SOC
Dell Pro 14 Essential Laptop,Dell,879.24,USD,8,512,specified,AMD Ryzen 5 220,AMD Radeon Graphics,AMD,Dell,AMD,InStock,"Dell Pro 14 Essential Laptop, Laptops. AMD Ryzen 5 220 · 8 GB RAM · 512 GB · AMD Radeon Graphics · from $879.24. Specs, configurations, and where to buy on Plug PCs.",https://plugpcs.com/p/dell/dell-pro-14-essential-laptop-btohvjt-pv14255-us,,,laptops,btohvjt_pv14255_us,specified,https://schema.org/InStock,https://www.dell.com/en-us/shop/dell-laptops/dell-pro-pv14255-laptop/spd/dell-pro-pv14255-laptop/btohvjt_pv14255_us?redirectTo=SOC
Dell Pro 14 Essential Laptop,Dell,1400.2,USD,16,1024,specified,Intel Core 7 150U,Intel Graphics,Intel,Dell,Intel,InStock,"Dell Pro 14 Essential Laptop, Laptops. Intel Core 7 150U · 16 GB RAM · 1 TB · Intel Graphics · from $1,400.20. Specs, configurations, and where to buy on Plug PCs.",https://plugpcs.com/p/dell/dell-pro-14-essential-laptop-btohvkk-pv14250-us,,,laptops,btohvkk_pv14250_us,specified,https://schema.org/InStock,https://www.dell.com/en-us/shop/dell-laptops/dell-pro-pv14250-laptop/spd/dell-pro-pv14250-laptop/btohvkk_pv14250_us?redirectTo=SOC
Dell Pro 14 Essential Laptop,Dell,1058,USD,8,512,specified,Intel Core 5 120U,Intel Graphics,Intel,Dell,Intel,InStock,"Dell Pro 14 Essential Laptop, Laptops. Intel Core 5 120U · 8 GB RAM · 512 GB · Intel Graphics · from $1,058. Specs, configurations, and where to buy on Plug PCs.",https://plugpcs.com/p/dell/dell-pro-14-essential-laptop-pv14250-reg-01,,,laptops,pv14250_reg_01,specified,https://schema.org/InStock,https://www.dell.com/en-us/shop/dell-laptops/dellproessential14laptoppv14250/spd/dellproessential14laptoppv14250/pv14250_reg_01?redirectTo=SOC
Dell Pro 14 Essential Laptop,Dell,1275,USD,16,512,specified,AMD Ryzen 7 250,AMD Radeon Graphics,AMD,Dell,AMD,InStock,"Dell Pro 14 Essential Laptop, Laptops. AMD Ryzen 7 250 · 16 GB RAM · 512 GB · AMD Radeon Graphics · from $1,275. Specs, configurations, and where to buy on Plug PCs.",https://plugpcs.com/p/dell/dell-pro-14-essential-laptop-pv14255-fixed-06,,,laptops,pv14255_fixed_06,specified,https://schema.org/InStock,https://www.dell.com/en-us/shop/dell-laptops/dellproessential14laptoppv14255/spd/dellproessential14laptoppv14255/pv14255_fixed_06?redirectTo=SOC
Dell Pro 14 Laptop,Dell,1178.97,USD,16,512,specified,Intel Core 5 120U,,Unknown,Dell,Intel,InStock,"Dell Pro 14 Laptop, Laptops. Intel Core 5 120U · 16 GB RAM · 512 GB · from $1,178.97. Specs, configurations, and where to buy on Plug PCs.",https://plugpcs.com/p/dell/dell-pro-14-laptop-bts010-pc14250-usx,,,laptops,bts010_pc14250_usx,specified,https://schema.org/InStock,https://www.dell.com/en-us/shop/dell-laptops/dell-pro-pc14250-laptop/spd/dell-pro-pc14250-laptop/bts010_pc14250_usx?redirectTo=SOC
Dell Pro 14 Laptop,Dell,1508.97,USD,16,512,specified,Intel Core 7 150U,,Unknown,Dell,Intel,InStock,"Dell Pro 14 Laptop, Laptops. Intel Core 7 150U · 16 GB RAM · 512 GB · from $1,508.97. Specs, configurations, and where to buy on Plug PCs.",https://plugpcs.com/p/dell/dell-pro-14-laptop-bts016-pc14250-usx,,,laptops,bts016_pc14250_usx,specified,https://schema.org/InStock,https://www.dell.com/en-us/shop/dell-laptops/dell-pro-pc14250-laptop/spd/dell-pro-pc14250-laptop/bts016_pc14250_usx?redirectTo=SOC
Dell Pro 14 Laptop,Dell,988.97,USD,8,256,specified,Intel Core 5 120U,,Unknown,Dell,Intel,InStock,"Dell Pro 14 Laptop, Laptops. Intel Core 5 120U · 8 GB RAM · 256 GB · from $988.97. Specs, configurations, and where to buy on Plug PCs.",https://plugpcs.com/p/dell/dell-pro-14-laptop-bts017-pc14250-usx,,,laptops,bts017_pc14250_usx,specified,https://schema.org/InStock,https://www.dell.com/en-us/shop/dell-laptops/dell-pro-pc14250-laptop/spd/dell-pro-pc14250-laptop/bts017_pc14250_usx?redirectTo=SOC
Dell Pro 14 Laptop,Dell,1588.97,USD,16,256,specified,Intel Core 5 120U,,Unknown,Dell,Intel,InStock,"Dell Pro 14 Laptop, Laptops. Intel Core 5 120U · 16 GB RAM · 256 GB · from $1,588.97. Specs, configurations, and where to buy on Plug PCs.",https://plugpcs.com/p/dell/dell-pro-14-laptop-bts024-pc14250-usx,,,laptops,bts024_pc14250_usx,specified,https://schema.org/InStock,https://www.dell.com/en-us/shop/dell-laptops/dell-pro-pc14250-laptop/spd/dell-pro-pc14250-laptop/bts024_pc14250_usx?redirectTo=SOC
Dell Pro 14 Laptop,Dell,1238.96,USD,16,512,specified,Intel Core Ultra 5 235U,,Unknown,Dell,Intel,InStock,"Dell Pro 14 Laptop, Laptops. Intel Core Ultra 5 235U · 16 GB RAM · 512 GB · from $1,238.96. Specs, configurations, and where to buy on Plug PCs.",https://plugpcs.com/p/dell/dell-pro-14-laptop-bts106-pc14250-usx,,,laptops,bts106_pc14250_usx,specified,https://schema.org/InStock,https://www.dell.com/en-us/shop/dell-laptops/dell-pro-pc14250-laptop/spd/dell-pro-pc14250-laptop/bts106_pc14250_usx?redirectTo=SOC
Dell Pro 14 Laptop,Dell,1574.45,USD,16,512,specified,Intel Core Ultra 7 255U,,Unknown,Dell,Intel,InStock,"Dell Pro 14 Laptop, Laptops. Intel Core Ultra 7 255U · 16 GB RAM · 512 GB · from $1,574.45. Specs, configurations, and where to buy on Plug PCs.",https://plugpcs.com/p/dell/dell-pro-14-laptop-bts107-pc14250-usx,,,laptops,bts107_pc14250_usx,specified,https://schema.org/InStock,https://www.dell.com/en-us/shop/dell-laptops/dell-pro-pc14250-laptop/spd/dell-pro-pc14250-laptop/bts107_pc14250_usx?redirectTo=SOC
Dell Pro 14 Laptop,Dell,2159.44,USD,16,512,specified,Intel Core Ultra 7 265U,,Unknown,Dell,Intel,InStock,"Dell Pro 14 Laptop, Laptops. Intel Core Ultra 7 265U · 16 GB RAM · 512 GB · from $2,159.44. Specs, configurations, and where to buy on Plug PCs.",https://plugpcs.com/p/dell/dell-pro-14-laptop-bts110-pc14250-usx,,,laptops,bts110_pc14250_usx,specified,https://schema.org/InStock,https://www.dell.com/en-us/shop/dell-laptops/dell-pro-pc14250-laptop/spd/dell-pro-pc14250-laptop/bts110_pc14250_usx?redirectTo=SOC
Dell Pro 14 Laptop,Dell,1628.96,USD,16,256,specified,Intel Core Ultra 5 235U,,Unknown,Dell,Intel,InStock,"Dell Pro 14 Laptop, Laptops. Intel Core Ultra 5 235U · 16 GB RAM · 256 GB · from $1,628.96. Specs, configurations, and where to buy on Plug PCs.",https://plugpcs.com/p/dell/dell-pro-14-laptop-bts111-pc14250-usx,,,laptops,bts111_pc14250_usx,specified,https://schema.org/InStock,https://www.dell.com/en-us/shop/dell-laptops/dell-pro-pc14250-laptop/spd/dell-pro-pc14250-laptop/bts111_pc14250_usx?redirectTo=SOC
Dell Pro 14 Laptop,Dell,1348.97,USD,16,512,specified,Intel Core Ultra 5 225U,,Unknown,Dell,Intel,InStock,"Dell Pro 14 Laptop, Laptops. Intel Core Ultra 5 225U · 16 GB RAM · 512 GB · from $1,348.97. Specs, configurations, and where to buy on Plug PCs.",https://plugpcs.com/p/dell/dell-pro-14-laptop-bts124b-pc14250-usx,,,laptops,bts124b_pc14250_usx,specified,https://schema.org/InStock,https://www.dell.com/en-us/shop/dell-laptops/dell-pro-pc14250-laptop/spd/dell-pro-pc14250-laptop/bts124b_pc14250_usx?redirectTo=SOC
Dell Pro 14 Laptop,Dell,1618.97,USD,16,256,specified,Intel Core Ultra 5 225U,,Unknown,Dell,Intel,InStock,"Dell Pro 14 Laptop, Laptops. Intel Core Ultra 5 225U · 16 GB RAM · 256 GB · from $1,618.97. Specs, configurations, and where to buy on Plug PCs.",https://plugpcs.com/p/dell/dell-pro-14-laptop-bts128b-pc14250-usx,,,laptops,bts128b_pc14250_usx,specified,https://schema.org/InStock,https://www.dell.com/en-us/shop/dell-laptops/dell-pro-pc14250-laptop/spd/dell-pro-pc14250-laptop/bts128b_pc14250_usx?redirectTo=SOC
Dell Pro 14 Laptop,Dell,1318.97,USD,16,512,specified,Intel Core Ultra 5 225U,,Unknown,Dell,Intel,InStock,"Dell Pro 14 Laptop, Laptops. Intel Core Ultra 5 225U · 16 GB RAM · 512 GB · from $1,318.97. Specs, configurations, and where to buy on Plug PCs.",https://plugpcs.com/p/dell/dell-pro-14-laptop-bts129b-pc14250-usx,,,laptops,bts129b_pc14250_usx,specified,https://schema.org/InStock,https://www.dell.com/en-us/shop/dell-laptops/dell-pro-pc14250-laptop/spd/dell-pro-pc14250-laptop/bts129b_pc14250_usx?redirectTo=SOC
Dell Pro 14 Laptop,Dell,2059.69,USD,16,256,specified,Intel Core Ultra 7 255U,,Unknown,Dell,Intel,InStock,"Dell Pro 14 Laptop, Laptops. Intel Core Ultra 7 255U · 16 GB RAM · 256 GB · from $2,059.69. Specs, configurations, and where to buy on Plug PCs.",https://plugpcs.com/p/dell/dell-pro-14-laptop-bts130-pc14250-usx,,,laptops,bts130_pc14250_usx,specified,https://schema.org/InStock,https://www.dell.com/en-us/shop/dell-laptops/dell-pro-pc14250-laptop/spd/dell-pro-pc14250-laptop/bts130_pc14250_usx?redirectTo=SOC
Dell Pro 14 Laptop,Dell,1989.69,USD,32,512,specified,Intel Core Ultra 7 265U,,Unknown,Dell,Intel,InStock,"Dell Pro 14 Laptop, Laptops. Intel Core Ultra 7 265U · 32 GB RAM · 512 GB · from $1,989.69. Specs, configurations, and where to buy on Plug PCs.",https://plugpcs.com/p/dell/dell-pro-14-laptop-bts131-pc14250-usx,,,laptops,bts131_pc14250_usx,specified,https://schema.org/InStock,https://www.dell.com/en-us/shop/dell-laptops/dell-pro-pc14250-laptop/spd/dell-pro-pc14250-laptop/bts131_pc14250_usx?redirectTo=SOC
Dell Pro 14 Laptop,Dell,1458.98,USD,16,256,specified,AMD Ryzen 5 220,AMD Radeon 740M,AMD,Dell,AMD,InStock,"Dell Pro 14 Laptop, Laptops. AMD Ryzen 5 220 · 16 GB RAM · 256 GB · AMD Radeon 740M · from $1,458.98. Specs, configurations, and where to buy on Plug PCs.",https://plugpcs.com/p/dell/dell-pro-14-laptop-bts505-pc14255-usx,,,laptops,bts505_pc14255_usx,specified,https://schema.org/InStock,https://www.dell.com/en-us/shop/dell-laptops/dell-pro-pc14255-laptop/spd/dell-pro-pc14255-laptop/bts505_pc14255_usx?redirectTo=SOC
Dell Pro 14 Laptop,Dell,1348.96,USD,16,512,specified,AMD Ryzen 5 230,AMD Radeon 760M,AMD,Dell,AMD,InStock,"Dell Pro 14 Laptop, Laptops. AMD Ryzen 5 230 · 16 GB RAM · 512 GB · AMD Radeon 760M · from $1,348.96. Specs, configurations, and where to buy on Plug PCs.",https://plugpcs.com/p/dell/dell-pro-14-laptop-bts509-pc14255-usx,,,laptops,bts509_pc14255_usx,specified,https://schema.org/InStock,https://www.dell.com/en-us/shop/dell-laptops/dell-pro-pc14255-laptop/spd/dell-pro-pc14255-laptop/bts509_pc14255_usx?redirectTo=SOC
Dell Pro 14 Laptop,Dell,1198.96,USD,16,512,specified,AMD Ryzen AI 7 350,AMD Radeon 860M,AMD,Dell,AMD,InStock,"Dell Pro 14 Laptop, Laptops. AMD Ryzen AI 7 350 · 16 GB RAM · 512 GB · AMD Radeon 860M · from $1,198.96. Specs, configurations, and where to buy on Plug PCs.",https://plugpcs.com/p/dell/dell-pro-14-laptop-bts602-pc14255-usx,,,laptops,bts602_pc14255_usx,specified,https://schema.org/InStock,https://www.dell.com/en-us/shop/dell-laptops/dell-pro-pc14255-laptop/spd/dell-pro-pc14255-laptop/bts602_pc14255_usx?redirectTo=SOC
Dell Pro 14 Laptop,Dell,1600.8,USD,16,512,specified,Intel Core Ultra 5 225U,,Unknown,Dell,Intel,InStock,"Dell Pro 14 Laptop, Laptops. Intel Core Ultra 5 225U · 16 GB RAM · 512 GB · from $1,600.80. Specs, configurations, and where to buy on Plug PCs.",https://plugpcs.com/p/dell/dell-pro-14-laptop-gcto-pc14250-usx,,,laptops,gcto_pc14250_usx,specified,https://schema.org/InStock,https://www.dell.com/en-us/shop/dell-laptops/dell-pro-pc14250-laptop/spd/dell-pro-pc14250-laptop/gcto_pc14250_usx?redirectTo=SOC
Dell Pro 14 Laptop,Dell,1508.97,USD,16,512,specified,AMD Ryzen 5 220,AMD Radeon 740M,AMD,Dell,AMD,InStock,"Dell Pro 14 Laptop, Laptops. AMD Ryzen 5 220 · 16 GB RAM · 512 GB · AMD Radeon 740M · from $1,508.97. Specs, configurations, and where to buy on Plug PCs.",https://plugpcs.com/p/dell/dell-pro-14-laptop-gcto-pc14255-usx,,,laptops,gcto_pc14255_usx,specified,https://schema.org/InStock,https://www.dell.com/en-us/shop/dell-laptops/dell-pro-pc14255-laptop/spd/dell-pro-pc14255-laptop/gcto_pc14255_usx?redirectTo=SOC
Dell Pro 14 Laptop,Dell,1680,USD,16,256,specified,Intel Core 5 120U,,Unknown,Dell,Intel,InStock,"Dell Pro 14 Laptop, Laptops. Intel Core 5 120U · 16 GB RAM · 256 GB · from $1,680. Specs, configurations, and where to buy on Plug PCs.",https://plugpcs.com/p/dell/dell-pro-14-laptop-pc14250-fixed-20,,,laptops,pc14250_fixed_20,specified,https://schema.org/InStock,https://www.dell.com/en-us/shop/dell-laptops/dellpro14laptoppc14250/spd/dellpro14laptoppc14250/pc14250_fixed_20?redirectTo=SOC
Dell Pro 14 Laptop,Dell,1255,USD,8,256,specified,AMD Ryzen 5 220,AMD Radeon 740M,AMD,Dell,AMD,InStock,"Dell Pro 14 Laptop, Laptops. AMD Ryzen 5 220 · 8 GB RAM · 256 GB · AMD Radeon 740M · from $1,255. Specs, configurations, and where to buy on Plug PCs.",https://plugpcs.com/p/dell/dell-pro-14-laptop-pc14255-fixed-04,,,laptops,pc14255_fixed_04,specified,https://schema.org/InStock,https://www.dell.com/en-us/shop/dell-laptops/dellpro14laptoppc14255/spd/dellpro14laptoppc14255/pc14255_fixed_04?redirectTo=SOC
Dell Pro 14 Plus Laptop or 2-in-1,Dell,1649.45,USD,16,512,specified,Intel Core Ultra 7 265U,,Unknown,Dell,Intel,InStock,"Dell Pro 14 Plus Laptop or 2-in-1, Laptops. Intel Core Ultra 7 265U · 16 GB RAM · 512 GB · from $1,649.45. Specs, configurations, and where to buy on Plug PCs.",https://plugpcs.com/p/dell/dell-pro-14-plus-laptop-or-2-in-1-bts111-pb14250-usx,,,laptops,bts111_pb14250_usx,specified,https://schema.org/InStock,https://www.dell.com/en-us/shop/dell-laptops/dell-pro-pb14250-2-in-1-laptop/spd/dell-pro-pb14250-2-in-1-laptop/bts111_pb14250_usx?redirectTo=SOC
Dell Pro 14 Plus Laptop or 2-in-1,Dell,2029.69,USD,32,512,specified,Intel Core Ultra 7 265U,,Unknown,Dell,Intel,InStock,"Dell Pro 14 Plus Laptop or 2-in-1, Laptops. Intel Core Ultra 7 265U · 32 GB RAM · 512 GB · from $2,029.69. Specs, configurations, and where to buy on Plug PCs.",https://plugpcs.com/p/dell/dell-pro-14-plus-laptop-or-2-in-1-bts113-pb14250-usx,,,laptops,bts113_pb14250_usx,specified,https://schema.org/InStock,https://www.dell.com/en-us/shop/dell-laptops/dell-pro-pb14250-2-in-1-laptop/spd/dell-pro-pb14250-2-in-1-laptop/bts113_pb14250_usx?redirectTo=SOC
Dell Pro 14 Plus Laptop or 2-in-1,Dell,3304.05,USD,32,512,specified,Intel Core Ultra 7 265U,,Unknown,Dell,Intel,InStock,"Dell Pro 14 Plus Laptop or 2-in-1, Laptops. Intel Core Ultra 7 265U · 32 GB RAM · 512 GB · from $3,304.05. Specs, configurations, and where to buy on Plug PCs.",https://plugpcs.com/p/dell/dell-pro-14-plus-laptop-or-2-in-1-bts113-pb14250-usx-cc2,,,laptops,bts113_pb14250_usx_cc2,specified,https://schema.org/InStock,https://www.dell.com/en-us/shop/dell-laptops/dell-pro-pb14250-2-in-1-laptop/spd/dell-pro-pb14250-2-in-1-laptop/bts113_pb14250_usx_cc2?redirectTo=SOC
Dell Pro 14 Plus Laptop or 2-in-1,Dell,1428.97,USD,16,256,specified,Intel Core Ultra 5 235U,,Unknown,Dell,Intel,InStock,"Dell Pro 14 Plus Laptop or 2-in-1, Laptops. Intel Core Ultra 5 235U · 16 GB RAM · 256 GB · from $1,428.97. Specs, configurations, and where to buy on Plug PCs.",https://plugpcs.com/p/dell/dell-pro-14-plus-laptop-or-2-in-1-bts115-pb14250-usx,,,laptops,bts115_pb14250_usx,specified,https://schema.org/InStock,https://www.dell.com/en-us/shop/dell-laptops/dell-pro-pb14250-2-in-1-laptop/spd/dell-pro-pb14250-2-in-1-laptop/bts115_pb14250_usx?redirectTo=SOC
Dell Pro 14 Plus Laptop or 2-in-1,Dell,1729.21,USD,16,256,specified,Intel Core Ultra 5 236V,,Unknown,Dell,Intel,InStock,"Dell Pro 14 Plus Laptop or 2-in-1, Laptops. Intel Core Ultra 5 236V · 16 GB RAM · 256 GB · from $1,729.21. Specs, configurations, and where to buy on Plug PCs.",https://plugpcs.com/p/dell/dell-pro-14-plus-laptop-or-2-in-1-bts201-pb14250-usx,,,laptops,bts201_pb14250_usx,specified,https://schema.org/InStock,https://www.dell.com/en-us/shop/dell-laptops/dell-pro-pb14250-2-in-1-laptop/spd/dell-pro-pb14250-2-in-1-laptop/bts201_pb14250_usx?redirectTo=SOC
Dell Pro 14 Plus Laptop or 2-in-1,Dell,1409.5,USD,16,512,specified,Intel Core Ultra 5 236V,,Unknown,Dell,Intel,InStock,"Dell Pro 14 Plus Laptop or 2-in-1, Laptops. Intel Core Ultra 5 236V · 16 GB RAM · 512 GB · from $1,409.50. Specs, configurations, and where to buy on Plug PCs.",https://plugpcs.com/p/dell/dell-pro-14-plus-laptop-or-2-in-1-bts203-pb14250-usx,,,laptops,bts203_pb14250_usx,specified,https://schema.org/InStock,https://www.dell.com/en-us/shop/dell-laptops/dell-pro-pb14250-2-in-1-laptop/spd/dell-pro-pb14250-2-in-1-laptop/bts203_pb14250_usx?redirectTo=SOC
Dell Pro 14 Plus Laptop or 2-in-1,Dell,3154.39,USD,32,512,specified,Intel Core Ultra 7 268V,,Unknown,Dell,Intel,InStock,"Dell Pro 14 Plus Laptop or 2-in-1, Laptops. Intel Core Ultra 7 268V · 32 GB RAM · 512 GB · from $3,154.39. Specs, configurations, and where to buy on Plug PCs.",https://plugpcs.com/p/dell/dell-pro-14-plus-laptop-or-2-in-1-bts209-pb14250-usx,,,laptops,bts209_pb14250_usx,specified,https://schema.org/InStock,https://www.dell.com/en-us/shop/dell-laptops/dell-pro-pb14250-2-in-1-laptop/spd/dell-pro-pb14250-2-in-1-laptop/bts209_pb14250_usx?redirectTo=SOC
Dell Pro 14 Plus Laptop or 2-in-1,Dell,3134.16,USD,32,512,specified,Intel Core Ultra 7 268V,,Unknown,Dell,Intel,InStock,"Dell Pro 14 Plus Laptop or 2-in-1, Laptops. Intel Core Ultra 7 268V · 32 GB RAM · 512 GB · from $3,134.16. Specs, configurations, and where to buy on Plug PCs.",https://plugpcs.com/p/dell/dell-pro-14-plus-laptop-or-2-in-1-bts210-pb14250-2n1usx,,,laptops,bts210_pb14250_2n1usx,specified,https://schema.org/InStock,https://www.dell.com/en-us/shop/dell-laptops/dell-pro-pb14250-2-in-1-laptop/spd/dell-pro-pb14250-2-in-1-laptop/bts210_pb14250_2n1usx?redirectTo=SOC
Dell Pro 14 Plus Laptop or 2-in-1,Dell,1517.04,USD,16,512,specified,Intel Core Ultra 7 266V,,Unknown,Dell,Intel,InStock,"Dell Pro 14 Plus Laptop or 2-in-1, Laptops. Intel Core Ultra 7 266V · 16 GB RAM · 512 GB · from $1,517.04. Specs, configurations, and where to buy on Plug PCs.",https://plugpcs.com/p/dell/dell-pro-14-plus-laptop-or-2-in-1-bts214-pb14250-usx,,,laptops,bts214_pb14250_usx,specified,https://schema.org/InStock,https://www.dell.com/en-us/shop/dell-laptops/dell-pro-pb14250-2-in-1-laptop/spd/dell-pro-pb14250-2-in-1-laptop/bts214_pb14250_usx?redirectTo=SOC
Dell Pro 14 Plus Laptop or 2-in-1,Dell,1539.22,USD,16,512,specified,Intel Core Ultra 5 236V,,Unknown,Dell,Intel,InStock,"Dell Pro 14 Plus Laptop or 2-in-1, Laptops. Intel Core Ultra 5 236V · 16 GB RAM · 512 GB · from $1,539.22. Specs, configurations, and where to buy on Plug PCs.",https://plugpcs.com/p/dell/dell-pro-14-plus-laptop-or-2-in-1-bts219-pb14250-2n1usx,,,laptops,bts219_pb14250_2n1usx,specified,https://schema.org/InStock,https://www.dell.com/en-us/shop/dell-laptops/dell-pro-pb14250-2-in-1-laptop/spd/dell-pro-pb14250-2-in-1-laptop/bts219_pb14250_2n1usx?redirectTo=SOC
Dell Pro 14 Plus Laptop or 2-in-1,Dell,1279.22,USD,16,512,specified,Intel Core Ultra 5 236V,,Unknown,Dell,Intel,InStock,"Dell Pro 14 Plus Laptop or 2-in-1, Laptops. Intel Core Ultra 5 236V · 16 GB RAM · 512 GB · from $1,279.22. Specs, configurations, and where to buy on Plug PCs.",https://plugpcs.com/p/dell/dell-pro-14-plus-laptop-or-2-in-1-bts220-pb14250-usx,,,laptops,bts220_pb14250_usx,specified,https://schema.org/InStock,https://www.dell.com/en-us/shop/dell-laptops/dell-pro-pb14250-2-in-1-laptop/spd/dell-pro-pb14250-2-in-1-laptop/bts220_pb14250_usx?redirectTo=SOC
Dell Pro 14 Plus Laptop or 2-in-1,Dell,1597.05,USD,16,512,specified,Intel Core Ultra 7 266V,,Unknown,Dell,Intel,InStock,"Dell Pro 14 Plus Laptop or 2-in-1, Laptops. Intel Core Ultra 7 266V · 16 GB RAM · 512 GB · from $1,597.05. Specs, configurations, and where to buy on Plug PCs.",https://plugpcs.com/p/dell/dell-pro-14-plus-laptop-or-2-in-1-bts221-pb14250-usx,,,laptops,bts221_pb14250_usx,specified,https://schema.org/InStock,https://www.dell.com/en-us/shop/dell-laptops/dell-pro-pb14250-2-in-1-laptop/spd/dell-pro-pb14250-2-in-1-laptop/bts221_pb14250_usx?redirectTo=SOC
Dell Pro 14 Plus Laptop or 2-in-1,Dell,1269.21,USD,16,512,specified,AMD Ryzen 5 230,AMD Radeon 760M,AMD,Dell,AMD,InStock,"Dell Pro 14 Plus Laptop or 2-in-1, Laptops. AMD Ryzen 5 230 · 16 GB RAM · 512 GB · AMD Radeon 760M · from $1,269.21. Specs, configurations, and where to buy on Plug PCs.",https://plugpcs.com/p/dell/dell-pro-14-plus-laptop-or-2-in-1-bts509-pb14255-usx,,,laptops,bts509_pb14255_usx,specified,https://schema.org/InStock,https://www.dell.com/en-us/shop/dell-laptops/dell-pro-pb14255-2-in-1-laptop/spd/dell-pro-pb14255-2-in-1-laptop/bts509_pb14255_usx?redirectTo=SOC
Dell Pro 14 Plus Laptop or 2-in-1,Dell,1959.49,USD,32,512,specified,AMD Ryzen AI PRO 7 350,AMD Radeon 860M,AMD,Dell,AMD,InStock,"Dell Pro 14 Plus Laptop or 2-in-1, Laptops. AMD Ryzen AI PRO 7 350 · 32 GB RAM · 512 GB · AMD Radeon 860M · from $1,959.49. Specs, configurations, and where to buy on Plug PCs.",https://plugpcs.com/p/dell/dell-pro-14-plus-laptop-bts604-pb14255-usx,,,laptops,bts604_pb14255_usx,specified,https://schema.org/InStock,https://www.dell.com/en-us/shop/dell-laptops/dell-pro-pb14255-2-in-1-laptop/spd/dell-pro-pb14255-2-in-1-laptop/bts604_pb14255_usx?redirectTo=SOC
Dell Pro 14 Plus Laptop or 2-in-1,Dell,1731.39,USD,16,512,specified,Intel Core Ultra 5 236V,,Unknown,Dell,Intel,InStock,"Dell Pro 14 Plus Laptop or 2-in-1, Laptops. Intel Core Ultra 5 236V · 16 GB RAM · 512 GB · from $1,731.39. Specs, configurations, and where to buy on Plug PCs.",https://plugpcs.com/p/dell/dell-pro-14-plus-laptop-or-2-in-1-gcto-pb14250-usx,,,laptops,gcto_pb14250_usx,specified,https://schema.org/InStock,https://www.dell.com/en-us/shop/dell-laptops/dell-pro-pb14250-2-in-1-laptop/spd/dell-pro-pb14250-2-in-1-laptop/gcto_pb14250_usx?redirectTo=SOC
Dell Pro 14 Plus Laptop or 2-in-1,Dell,1269.21,USD,16,512,specified,AMD Ryzen 5 230,AMD Radeon 760M,AMD,Dell,AMD,InStock,"Dell Pro 14 Plus Laptop or 2-in-1, Laptops. AMD Ryzen 5 230 · 16 GB RAM · 512 GB · AMD Radeon 760M · from $1,269.21. Specs, configurations, and where to buy on Plug PCs.",https://plugpcs.com/p/dell/dell-pro-14-plus-laptop-gcto-pb14255-usx,,,laptops,gcto_pb14255_usx,specified,https://schema.org/InStock,https://www.dell.com/en-us/shop/dell-laptops/dell-pro-pb14255-2-in-1-laptop/spd/dell-pro-pb14255-2-in-1-laptop/gcto_pb14255_usx?redirectTo=SOC
Dell Pro 14 Plus Laptop or 2-in-1,Dell,1878,USD,16,256,specified,Intel Core Ultra 5 236V,Intel Arc Graphics,Intel,Dell,Intel,InStock,"Dell Pro 14 Plus Laptop or 2-in-1, Laptops. Intel Core Ultra 5 236V · 16 GB RAM · 256 GB · Intel Arc Graphics · from $1,878. Specs, configurations, and where to buy on Plug PCs.",https://plugpcs.com/p/dell/dell-pro-14-plus-laptop-or-2-in-1-pb14250-fixed-61,,,laptops,pb14250_fixed_61,specified,https://schema.org/InStock,https://www.dell.com/en-us/shop/dell-laptops/dellproplus14laptoppb14250/spd/dellproplus14laptoppb14250/pb14250_fixed_61?redirectTo=SOC
Dell Pro 14 Premium Laptop,Dell,2438.5,USD,32,512,specified,Intel Core Ultra 7 365,Intel Arc Graphics,Intel,Dell,Intel,InStock,"Dell Pro 14 Premium Laptop, Laptops. Intel Core Ultra 7 365 · 32 GB RAM · 512 GB · Intel Arc Graphics · from $2,438.50. Specs, configurations, and where to buy on Plug PCs.",https://plugpcs.com/p/dell/dell-pro-14-premium-laptop,,,laptops,bts101_pa14260_usx,specified,https://schema.org/InStock,https://www.dell.com/en-us/shop/dell-laptops/dell-pro-pa14260-laptop/spd/dell-pro-pa14260-laptop/bts101_pa14260_usx?redirectTo=SOC
Dell Pro 14 Premium Laptop,Dell,3668.5,USD,32,512,specified,Intel Core Ultra 7 365,,Unknown,Dell,Intel,InStock,"Dell Pro 14 Premium Laptop, Laptops. Intel Core Ultra 7 365 · 32 GB RAM · 512 GB · from $3,668.50. Specs, configurations, and where to buy on Plug PCs.",https://plugpcs.com/p/dell/dell-pro-14-premium-laptop-bts102-pa14260-usx,,,laptops,bts102_pa14260_usx,specified,https://schema.org/InStock,https://www.dell.com/en-us/shop/dell-laptops/dell-pro-pa14260-laptop/spd/dell-pro-pa14260-laptop/bts102_pa14260_usx?redirectTo=SOC
Dell Pro 14 Premium Laptop,Dell,2521.28,USD,16,512,specified,Intel Core Ultra 5 236V,,Unknown,Dell,Intel,InStock,"Dell Pro 14 Premium Laptop, Laptops. Intel Core Ultra 5 236V · 16 GB RAM · 512 GB · from $2,521.28. Specs, configurations, and where to buy on Plug PCs.",https://plugpcs.com/p/dell/dell-pro-14-premium-laptop-bts201-pa14250-usx-cc2,,,laptops,bts201_pa14250_usx_cc2,specified,https://schema.org/InStock,https://www.dell.com/en-us/shop/dell-laptops/dell-pro-pa14250-laptop/spd/dell-pro-pa14250-laptop/bts201_pa14250_usx_cc2?redirectTo=SOC
Dell Pro 14 Premium Laptop,Dell,2568.5,USD,16,512,specified,Intel Core Ultra 7 266V,,Unknown,Dell,Intel,InStock,"Dell Pro 14 Premium Laptop, Laptops. Intel Core Ultra 7 266V · 16 GB RAM · 512 GB · from $2,568.50. Specs, configurations, and where to buy on Plug PCs.",https://plugpcs.com/p/dell/dell-pro-14-premium-laptop-bts204-pa14250-usx,,,laptops,bts204_pa14250_usx,specified,https://schema.org/InStock,https://www.dell.com/en-us/shop/dell-laptops/dell-pro-pa14250-laptop/spd/dell-pro-pa14250-laptop/bts204_pa14250_usx?redirectTo=SOC
Dell Pro 14 Premium Laptop,Dell,1748.51,USD,16,512,specified,Intel Core Ultra 5 236V,,Unknown,Dell,Intel,InStock,"Dell Pro 14 Premium Laptop, Laptops. Intel Core Ultra 5 236V · 16 GB RAM · 512 GB · from $1,748.51. Specs, configurations, and where to buy on Plug PCs.",https://plugpcs.com/p/dell/dell-pro-14-premium-laptop-gcto-pa14250-usx,,,laptops,gcto_pa14250_usx,specified,https://schema.org/InStock,https://www.dell.com/en-us/shop/dell-laptops/dell-pro-pa14250-laptop/spd/dell-pro-pa14250-laptop/gcto_pa14250_usx?redirectTo=SOC
Dell Pro 14 Premium Laptop,Dell,2458.5,USD,16,256,specified,Intel Core Ultra 5 335,,Unknown,Dell,Intel,InStock,"Dell Pro 14 Premium Laptop, Laptops. Intel Core Ultra 5 335 · 16 GB RAM · 256 GB · from $2,458.50. Specs, configurations, and where to buy on Plug PCs.",https://plugpcs.com/p/dell/dell-pro-14-premium-laptop-gcto-pa14260-usx,,,laptops,gcto_pa14260_usx,specified,https://schema.org/InStock,https://www.dell.com/en-us/shop/dell-laptops/dell-pro-pa14260-laptop/spd/dell-pro-pa14260-laptop/gcto_pa14260_usx?redirectTo=SOC
Dell Pro 14 Premium Laptop,Dell,2558.5,USD,16,512,specified,Intel Core Ultra 5 335,,Unknown,Dell,Intel,InStock,"Dell Pro 14 Premium Laptop, Laptops. Intel Core Ultra 5 335 · 16 GB RAM · 512 GB · from $2,558.50. Specs, configurations, and where to buy on Plug PCs.",https://plugpcs.com/p/dell/dell-pro-14-premium-laptop-gcto-pa14260-usx-ie,,,laptops,gcto_pa14260_usx_ie,specified,https://schema.org/InStock,https://www.dell.com/en-us/shop/dell-laptops/dell-pro-pa14260-laptop/spd/dell-pro-pa14260-laptop/gcto_pa14260_usx_ie?redirectTo=SOC
Dell Pro 14 Premium Laptop,Dell,2810.95,USD,16,512,specified,Intel Core Ultra 7 266V,Intel Arc Graphics,Intel,Dell,Intel,InStock,"Dell Pro 14 Premium Laptop, Laptops. Intel Core Ultra 7 266V · 16 GB RAM · 512 GB · Intel Arc Graphics · from $2,810.95. Specs, configurations, and where to buy on Plug PCs.",https://plugpcs.com/p/dell/dell-pro-14-premium-laptop-pa14250-fixed-61,,,laptops,pa14250_fixed_61,specified,https://schema.org/InStock,https://www.dell.com/en-us/shop/dell-laptops/dellpropremium14laptoppa14250/spd/dellpropremium14laptoppa14250/pa14250_fixed_61?redirectTo=SOC
Dell Pro 14 Premium Laptop,Dell,3671,USD,32,512,specified,Intel Core Ultra 7 365,Intel Arc Graphics,Intel,Dell,Intel,InStock,"Dell Pro 14 Premium Laptop, Laptops. Intel Core Ultra 7 365 · 32 GB RAM · 512 GB · Intel Arc Graphics · from $3,671. Specs, configurations, and where to buy on Plug PCs.",https://plugpcs.com/p/dell/dell-pro-14-premium-laptop-pa14260-fixed-106,,,laptops,pa14260_fixed_106,specified,https://schema.org/InStock,https://www.dell.com/en-us/shop/desktop-computers/dellpropremium14pa14260/spd/dellpropremium14pa14260/pa14260_fixed_106?redirectTo=SOC
Dell Pro 15 Essential Laptop,Dell,819.96,USD,8,512,specified,AMD Ryzen 3 7320U,AMD Radeon 610M,AMD,Dell,AMD,InStock,"Dell Pro 15 Essential Laptop, Laptops. AMD Ryzen 3 7320U · 8 GB RAM · 512 GB · AMD Radeon 610M · from $819.96. Specs, configurations, and where to buy on Plug PCs.",https://plugpcs.com/p/dell/dell-pro-15-essential-laptop-btohvjy-pv15255-us,,,laptops,btohvjy_pv15255_us,specified,https://schema.org/InStock,https://www.dell.com/en-us/shop/dell-laptops/dell-pro-pv15255-laptop/spd/dell-pro-pv15255-laptop/btohvjy_pv15255_us?redirectTo=SOC
Dell Pro 15 Essential Laptop,Dell,1100.44,USD,16,512,specified,Intel Core i5 1334U,Intel UHD Graphics,Intel,Dell,Intel,InStock,"Dell Pro 15 Essential Laptop, Laptops. Intel Core i5 1334U · 16 GB RAM · 512 GB · Intel UHD Graphics · from $1,100.44. Specs, configurations, and where to buy on Plug PCs.",https://plugpcs.com/p/dell/dell-pro-15-essential-laptop-btohvwv-pv15250-us,,,laptops,btohvwv_pv15250_us,specified,https://schema.org/InStock,https://www.dell.com/en-us/shop/dell-laptops/dell-pro-pv15250-laptop/spd/dell-pro-pv15250-laptop/btohvwv_pv15250_us?redirectTo=SOC
Dell Pro 15 Essential Laptop,Dell,1200.44,USD,16,512,specified,Intel Core i7 1355U,Intel UHD Graphics,Intel,Dell,Intel,InStock,"Dell Pro 15 Essential Laptop, Laptops. Intel Core i7 1355U · 16 GB RAM · 512 GB · Intel UHD Graphics · from $1,200.44. Specs, configurations, and where to buy on Plug PCs.",https://plugpcs.com/p/dell/dell-pro-15-essential-laptop-btohwbr-pv15250-us,,,laptops,btohwbr_pv15250_us,specified,https://schema.org/InStock,https://www.dell.com/en-us/shop/dell-laptops/dell-pro-pv15250-laptop/spd/dell-pro-pv15250-laptop/btohwbr_pv15250_us?redirectTo=SOC
Dell Pro 15 Essential Laptop,Dell,1354,USD,16,512,specified,Intel Core i7 1355U,Intel Arc Graphics,Intel,Dell,Intel,InStock,"Dell Pro 15 Essential Laptop, Laptops. Intel Core i7 1355U · 16 GB RAM · 512 GB · Intel Arc Graphics · from $1,354. Specs, configurations, and where to buy on Plug PCs.",https://plugpcs.com/p/dell/dell-pro-15-essential-laptop-pv15250-so-3,,,laptops,pv15250_so_3,specified,https://schema.org/InStock,https://www.dell.com/en-us/shop/dell-laptops/dellproessential15laptoppv15250/spd/dellproessential15laptoppv15250/pv15250_so_3?redirectTo=SOC
Dell Pro 15 Essential Laptop,Dell,939,USD,8,512,specified,AMD 7320U,AMD Radeon Graphics,AMD,Dell,AMD,InStock,"Dell Pro 15 Essential Laptop, Laptops. AMD 7320U · 8 GB RAM · 512 GB · AMD Radeon Graphics · from $939. Specs, configurations, and where to buy on Plug PCs.",https://plugpcs.com/p/dell/dell-pro-15-essential-laptop-pv15255-reg-01,,,laptops,pv15255_reg_01,specified,https://schema.org/InStock,https://www.dell.com/en-us/shop/dell-laptops/dellproessential15laptoppv15255/spd/dellproessential15laptoppv15255/pv15255_reg_01?redirectTo=SOC
Dell Pro 16 Laptop,Dell,1168.98,USD,16,256,specified,Intel Core 5 120U,,Unknown,Dell,Intel,InStock,"Dell Pro 16 Laptop, Laptops. Intel Core 5 120U · 16 GB RAM · 256 GB · from $1,168.98. Specs, configurations, and where to buy on Plug PCs.",https://plugpcs.com/p/dell/dell-pro-16-laptop-bts008-pc16250-usx,,,laptops,bts008_pc16250_usx,specified,https://schema.org/InStock,https://www.dell.com/en-us/shop/dell-laptops/dell-pro-pc16250-laptop/spd/dell-pro-pc16250-laptop/bts008_pc16250_usx?redirectTo=SOC
Dell Pro 16 Laptop,Dell,1178.97,USD,16,512,specified,Intel Core 5 120U,,Unknown,Dell,Intel,InStock,"Dell Pro 16 Laptop, Laptops. Intel Core 5 120U · 16 GB RAM · 512 GB · from $1,178.97. Specs, configurations, and where to buy on Plug PCs.",https://plugpcs.com/p/dell/dell-pro-16-laptop-bts010-pc16250-usx,,,laptops,bts010_pc16250_usx,specified,https://schema.org/InStock,https://www.dell.com/en-us/shop/dell-laptops/dell-pro-pc16250-laptop/spd/dell-pro-pc16250-laptop/bts010_pc16250_usx?redirectTo=SOC
Dell Pro 16 Laptop,Dell,1680.56,USD,16,256,specified,Intel Core 7 150U,,Unknown,Dell,Intel,InStock,"Dell Pro 16 Laptop, Laptops. Intel Core 7 150U · 16 GB RAM · 256 GB · from $1,680.56. Specs, configurations, and where to buy on Plug PCs.",https://plugpcs.com/p/dell/dell-pro-16-laptop-bts017-pc16250-usx,,,laptops,bts017_pc16250_usx,specified,https://schema.org/InStock,https://www.dell.com/en-us/shop/dell-laptops/dell-pro-pc16250-laptop/spd/dell-pro-pc16250-laptop/bts017_pc16250_usx?redirectTo=SOC
Dell Pro 16 Laptop,Dell,1508.97,USD,16,512,specified,Intel Core 7 150U,,Unknown,Dell,Intel,InStock,"Dell Pro 16 Laptop, Laptops. Intel Core 7 150U · 16 GB RAM · 512 GB · from $1,508.97. Specs, configurations, and where to buy on Plug PCs.",https://plugpcs.com/p/dell/dell-pro-16-laptop-bts018-pc16250-usx,,,laptops,bts018_pc16250_usx,specified,https://schema.org/InStock,https://www.dell.com/en-us/shop/dell-laptops/dell-pro-pc16250-laptop/spd/dell-pro-pc16250-laptop/bts018_pc16250_usx?redirectTo=SOC
Dell Pro 16 Laptop,Dell,1538.97,USD,16,512,specified,Intel Core 7 150U,,Unknown,Dell,Intel,InStock,"Dell Pro 16 Laptop, Laptops. Intel Core 7 150U · 16 GB RAM · 512 GB · from $1,538.97. Specs, configurations, and where to buy on Plug PCs.",https://plugpcs.com/p/dell/dell-pro-16-laptop-bts019-pc16250-usx,,,laptops,bts019_pc16250_usx,specified,https://schema.org/InStock,https://www.dell.com/en-us/shop/dell-laptops/dell-pro-pc16250-laptop/spd/dell-pro-pc16250-laptop/bts019_pc16250_usx?redirectTo=SOC
Dell Pro 16 Laptop,Dell,1159.21,USD,16,512,specified,Intel Core Ultra 5 235U,,Unknown,Dell,Intel,InStock,"Dell Pro 16 Laptop, Laptops. Intel Core Ultra 5 235U · 16 GB RAM · 512 GB · from $1,159.21. Specs, configurations, and where to buy on Plug PCs.",https://plugpcs.com/p/dell/dell-pro-16-laptop-bts105-pc16250-usx,,,laptops,bts105_pc16250_usx,specified,https://schema.org/InStock,https://www.dell.com/en-us/shop/dell-laptops/dell-pro-pc16250-laptop/spd/dell-pro-pc16250-laptop/bts105_pc16250_usx?redirectTo=SOC
Dell Pro 16 Laptop,Dell,2189.45,USD,32,512,specified,Intel Core Ultra 5 235U,,Unknown,Dell,Intel,InStock,"Dell Pro 16 Laptop, Laptops. Intel Core Ultra 5 235U · 32 GB RAM · 512 GB · from $2,189.45. Specs, configurations, and where to buy on Plug PCs.",https://plugpcs.com/p/dell/dell-pro-16-laptop-bts106-pc16250-usx,,,laptops,bts106_pc16250_usx,specified,https://schema.org/InStock,https://www.dell.com/en-us/shop/dell-laptops/dell-pro-pc16250-laptop/spd/dell-pro-pc16250-laptop/bts106_pc16250_usx?redirectTo=SOC
Dell Pro 16 Laptop,Dell,1439.68,USD,16,512,specified,Intel Core Ultra 7 255U,,Unknown,Dell,Intel,InStock,"Dell Pro 16 Laptop, Laptops. Intel Core Ultra 7 255U · 16 GB RAM · 512 GB · from $1,439.68. Specs, configurations, and where to buy on Plug PCs.",https://plugpcs.com/p/dell/dell-pro-16-laptop-bts107-pc16250-usx,,,laptops,bts107_pc16250_usx,specified,https://schema.org/InStock,https://www.dell.com/en-us/shop/dell-laptops/dell-pro-pc16250-laptop/spd/dell-pro-pc16250-laptop/bts107_pc16250_usx?redirectTo=SOC
Dell Pro 16 Laptop,Dell,1619.7,USD,16,512,specified,Intel Core Ultra 7 265U,,Unknown,Dell,Intel,InStock,"Dell Pro 16 Laptop, Laptops. Intel Core Ultra 7 265U · 16 GB RAM · 512 GB · from $1,619.70. Specs, configurations, and where to buy on Plug PCs.",https://plugpcs.com/p/dell/dell-pro-16-laptop-bts110-pc16250-usx,,,laptops,bts110_pc16250_usx,specified,https://schema.org/InStock,https://www.dell.com/en-us/shop/dell-laptops/dell-pro-pc16250-laptop/spd/dell-pro-pc16250-laptop/bts110_pc16250_usx?redirectTo=SOC
Dell Pro 16 Laptop,Dell,1639.21,USD,16,256,specified,Intel Core Ultra 5 235U,,Unknown,Dell,Intel,InStock,"Dell Pro 16 Laptop, Laptops. Intel Core Ultra 5 235U · 16 GB RAM · 256 GB · from $1,639.21. Specs, configurations, and where to buy on Plug PCs.",https://plugpcs.com/p/dell/dell-pro-16-laptop-bts111-pc16250-usx,,,laptops,bts111_pc16250_usx,specified,https://schema.org/InStock,https://www.dell.com/en-us/shop/dell-laptops/dell-pro-pc16250-laptop/spd/dell-pro-pc16250-laptop/bts111_pc16250_usx?redirectTo=SOC
Dell Pro 16 Laptop,Dell,1149.21,USD,16,256,specified,Intel Core Ultra 5 235U,,Unknown,Dell,Intel,InStock,"Dell Pro 16 Laptop, Laptops. Intel Core Ultra 5 235U · 16 GB RAM · 256 GB · from $1,149.21. Specs, configurations, and where to buy on Plug PCs.",https://plugpcs.com/p/dell/dell-pro-16-laptop-bts116-pc16250-usx,,,laptops,bts116_pc16250_usx,specified,https://schema.org/InStock,https://www.dell.com/en-us/shop/dell-laptops/dell-pro-pc16250-laptop/spd/dell-pro-pc16250-laptop/bts116_pc16250_usx?redirectTo=SOC
Dell Pro 16 Laptop,Dell,1648.97,USD,16,512,specified,Intel Core Ultra 5 225U,,Unknown,Dell,Intel,InStock,"Dell Pro 16 Laptop, Laptops. Intel Core Ultra 5 225U · 16 GB RAM · 512 GB · from $1,648.97. Specs, configurations, and where to buy on Plug PCs.",https://plugpcs.com/p/dell/dell-pro-16-laptop-bts124b-pc16250-usx,,,laptops,bts124b_pc16250_usx,specified,https://schema.org/InStock,https://www.dell.com/en-us/shop/dell-laptops/dell-pro-pc16250-laptop/spd/dell-pro-pc16250-laptop/bts124b_pc16250_usx?redirectTo=SOC
Dell Pro 16 Laptop,Dell,1158.97,USD,16,256,specified,Intel Core Ultra 5 225U,,Unknown,Dell,Intel,InStock,"Dell Pro 16 Laptop, Laptops. Intel Core Ultra 5 225U · 16 GB RAM · 256 GB · from $1,158.97. Specs, configurations, and where to buy on Plug PCs.",https://plugpcs.com/p/dell/dell-pro-16-laptop-bts129b-pc16250-usx,,,laptops,bts129b_pc16250_usx,specified,https://schema.org/InStock,https://www.dell.com/en-us/shop/dell-laptops/dell-pro-pc16250-laptop/spd/dell-pro-pc16250-laptop/bts129b_pc16250_usx?redirectTo=SOC
Dell Pro 16 Laptop,Dell,1178.97,USD,16,512,specified,Intel Core Ultra 5 225U,,Unknown,Dell,Intel,InStock,"Dell Pro 16 Laptop, Laptops. Intel Core Ultra 5 225U · 16 GB RAM · 512 GB · from $1,178.97. Specs, configurations, and where to buy on Plug PCs.",https://plugpcs.com/p/dell/dell-pro-16-laptop-bts130b-pc16250-usx,,,laptops,bts130b_pc16250_usx,specified,https://schema.org/InStock,https://www.dell.com/en-us/shop/dell-laptops/dell-pro-pc16250-laptop/spd/dell-pro-pc16250-laptop/bts130b_pc16250_usx?redirectTo=SOC
Dell Pro 16 Laptop,Dell,2059.69,USD,16,256,specified,Intel Core Ultra 7 255U,,Unknown,Dell,Intel,InStock,"Dell Pro 16 Laptop, Laptops. Intel Core Ultra 7 255U · 16 GB RAM · 256 GB · from $2,059.69. Specs, configurations, and where to buy on Plug PCs.",https://plugpcs.com/p/dell/dell-pro-16-laptop-bts131-pc16250-usx,,,laptops,bts131_pc16250_usx,specified,https://schema.org/InStock,https://www.dell.com/en-us/shop/dell-laptops/dell-pro-pc16250-laptop/spd/dell-pro-pc16250-laptop/bts131_pc16250_usx?redirectTo=SOC
Dell Pro 16 Laptop,Dell,1469.69,USD,16,512,specified,Intel Core Ultra 7 255U,,Unknown,Dell,Intel,InStock,"Dell Pro 16 Laptop, Laptops. Intel Core Ultra 7 255U · 16 GB RAM · 512 GB · from $1,469.69. Specs, configurations, and where to buy on Plug PCs.",https://plugpcs.com/p/dell/dell-pro-16-laptop-bts133-pc16250-usx,,,laptops,bts133_pc16250_usx,specified,https://schema.org/InStock,https://www.dell.com/en-us/shop/dell-laptops/dell-pro-pc16250-laptop/spd/dell-pro-pc16250-laptop/bts133_pc16250_usx?redirectTo=SOC
Dell Pro 16 Laptop,Dell,2629.93,USD,32,512,specified,Intel Core Ultra 7 265U,,Unknown,Dell,Intel,InStock,"Dell Pro 16 Laptop, Laptops. Intel Core Ultra 7 265U · 32 GB RAM · 512 GB · from $2,629.93. Specs, configurations, and where to buy on Plug PCs.",https://plugpcs.com/p/dell/dell-pro-16-laptop-bts134-pc16250-usx,,,laptops,bts134_pc16250_usx,specified,https://schema.org/InStock,https://www.dell.com/en-us/shop/dell-laptops/dell-pro-pc16250-laptop/spd/dell-pro-pc16250-laptop/bts134_pc16250_usx?redirectTo=SOC
Dell Pro 16 Laptop,Dell,1028.98,USD,16,256,specified,AMD Ryzen 5 220,AMD Radeon 740M,AMD,Dell,AMD,InStock,"Dell Pro 16 Laptop, Laptops. AMD Ryzen 5 220 · 16 GB RAM · 256 GB · AMD Radeon 740M · from $1,028.98. Specs, configurations, and where to buy on Plug PCs.",https://plugpcs.com/p/dell/dell-pro-16-laptop-bts505-pc16255-usx,,,laptops,bts505_pc16255_usx,specified,https://schema.org/InStock,https://www.dell.com/en-us/shop/dell-laptops/dell-pro-pc16255-laptop/spd/dell-pro-pc16255-laptop/bts505_pc16255_usx?redirectTo=SOC
Dell Pro 16 Laptop,Dell,1348.96,USD,16,512,specified,AMD Ryzen 5 230,AMD Radeon 760M,AMD,Dell,AMD,InStock,"Dell Pro 16 Laptop, Laptops. AMD Ryzen 5 230 · 16 GB RAM · 512 GB · AMD Radeon 760M · from $1,348.96. Specs, configurations, and where to buy on Plug PCs.",https://plugpcs.com/p/dell/dell-pro-16-laptop-bts509-pc16255-usx,,,laptops,bts509_pc16255_usx,specified,https://schema.org/InStock,https://www.dell.com/en-us/shop/dell-laptops/dell-pro-pc16255-laptop/spd/dell-pro-pc16255-laptop/bts509_pc16255_usx?redirectTo=SOC
Dell Pro 16 Laptop,Dell,1338.96,USD,16,512,specified,AMD Ryzen AI 7 350,AMD Radeon 860M,AMD,Dell,AMD,InStock,"Dell Pro 16 Laptop, Laptops. AMD Ryzen AI 7 350 · 16 GB RAM · 512 GB · AMD Radeon 860M · from $1,338.96. Specs, configurations, and where to buy on Plug PCs.",https://plugpcs.com/p/dell/dell-pro-16-laptop-bts603-pc16255-usx,,,laptops,bts603_pc16255_usx,specified,https://schema.org/InStock,https://www.dell.com/en-us/shop/dell-laptops/dell-pro-pc16255-laptop/spd/dell-pro-pc16255-laptop/bts603_pc16255_usx?redirectTo=SOC
Dell Pro 16 Laptop,Dell,1158.97,USD,16,512,specified,Intel Core 5 120U,,Unknown,Dell,Intel,InStock,"Dell Pro 16 Laptop, Laptops. Intel Core 5 120U · 16 GB RAM · 512 GB · from $1,158.97. Specs, configurations, and where to buy on Plug PCs.",https://plugpcs.com/p/dell/dell-pro-16-laptop-gcto-pc16250-usx,,,laptops,gcto_pc16250_usx,specified,https://schema.org/InStock,https://www.dell.com/en-us/shop/dell-laptops/dell-pro-pc16250-laptop/spd/dell-pro-pc16250-laptop/gcto_pc16250_usx?redirectTo=SOC
Dell Pro 16 Laptop,Dell,1508.97,USD,16,512,specified,AMD Ryzen 5 220,AMD Radeon 740M,AMD,Dell,AMD,InStock,"Dell Pro 16 Laptop, Laptops. AMD Ryzen 5 220 · 16 GB RAM · 512 GB · AMD Radeon 740M · from $1,508.97. Specs, configurations, and where to buy on Plug PCs.",https://plugpcs.com/p/dell/dell-pro-16-laptop-gcto-pc16255-usx,,,laptops,gcto_pc16255_usx,specified,https://schema.org/InStock,https://www.dell.com/en-us/shop/dell-laptops/dell-pro-pc16255-laptop/spd/dell-pro-pc16255-laptop/gcto_pc16255_usx?redirectTo=SOC
Dell Pro 16 Laptop,Dell,1690,USD,16,256,specified,Intel Core 5 120U,,Unknown,Dell,Intel,InStock,"Dell Pro 16 Laptop, Laptops. Intel Core 5 120U · 16 GB RAM · 256 GB · from $1,690. Specs, configurations, and where to buy on Plug PCs.",https://plugpcs.com/p/dell/dell-pro-16-laptop-pc16250-fixed-18,,,laptops,pc16250_fixed_18,specified,https://schema.org/InStock,https://www.dell.com/en-us/shop/dell-laptops/dellpro16laptoppc16250/spd/dellpro16laptoppc16250/pc16250_fixed_18?redirectTo=SOC
Dell Pro 16 Laptop,Dell,1581,USD,16,256,specified,AMD Ryzen 5 220,AMD Radeon 740M,AMD,Dell,AMD,InStock,"Dell Pro 16 Laptop, Laptops. AMD Ryzen 5 220 · 16 GB RAM · 256 GB · AMD Radeon 740M · from $1,581. Specs, configurations, and where to buy on Plug PCs.",https://plugpcs.com/p/dell/dell-pro-16-laptop-pc16255-fixed-04,,,laptops,pc16255_fixed_04,specified,https://schema.org/InStock,https://www.dell.com/en-us/shop/dell-laptops/dellpro16laptoppc16255/spd/dellpro16laptoppc16255/pc16255_fixed_04?redirectTo=SOC
Dell Pro 16 Plus Laptop,Dell,1688.96,USD,32,512,specified,Intel Core Ultra 5 235U,,Unknown,Dell,Intel,InStock,"Dell Pro 16 Plus Laptop, Laptops. Intel Core Ultra 5 235U · 32 GB RAM · 512 GB · from $1,688.96. Specs, configurations, and where to buy on Plug PCs.",https://plugpcs.com/p/dell/dell-pro-16-plus-laptop-bts104-pb16250-usx,,,laptops,bts104_pb16250_usx,specified,https://schema.org/InStock,https://www.dell.com/en-us/shop/dell-laptops/dell-pro-pb16250-laptop/spd/dell-pro-pb16250-laptop/bts104_pb16250_usx?redirectTo=SOC
Dell Pro 16 Plus Laptop,Dell,1629.21,USD,16,512,specified,Intel Core Ultra 7 265U,,Unknown,Dell,Intel,InStock,"Dell Pro 16 Plus Laptop, Laptops. Intel Core Ultra 7 265U · 16 GB RAM · 512 GB · from $1,629.21. Specs, configurations, and where to buy on Plug PCs.",https://plugpcs.com/p/dell/dell-pro-16-plus-laptop-bts106-pb16250-usx,,,laptops,bts106_pb16250_usx,specified,https://schema.org/InStock,https://www.dell.com/en-us/shop/dell-laptops/dell-pro-pb16250-laptop/spd/dell-pro-pb16250-laptop/bts106_pb16250_usx?redirectTo=SOC
Dell Pro 16 Plus Laptop,Dell,2029.45,USD,32,512,specified,Intel Core Ultra 7 265U,,Unknown,Dell,Intel,InStock,"Dell Pro 16 Plus Laptop, Laptops. Intel Core Ultra 7 265U · 32 GB RAM · 512 GB · from $2,029.45. Specs, configurations, and where to buy on Plug PCs.",https://plugpcs.com/p/dell/dell-pro-16-plus-laptop-bts109-pb16250-usx,,,laptops,bts109_pb16250_usx,specified,https://schema.org/InStock,https://www.dell.com/en-us/shop/dell-laptops/dell-pro-pb16250-laptop/spd/dell-pro-pb16250-laptop/bts109_pb16250_usx?redirectTo=SOC
Dell Pro 16 Plus Laptop,Dell,1308.73,USD,16,256,specified,Intel Core Ultra 5 235U,,Unknown,Dell,Intel,InStock,"Dell Pro 16 Plus Laptop, Laptops. Intel Core Ultra 5 235U · 16 GB RAM · 256 GB · from $1,308.73. Specs, configurations, and where to buy on Plug PCs.",https://plugpcs.com/p/dell/dell-pro-16-plus-laptop-bts110-pb16250-usx,,,laptops,bts110_pb16250_usx,specified,https://schema.org/InStock,https://www.dell.com/en-us/shop/dell-laptops/dell-pro-pb16250-laptop/spd/dell-pro-pb16250-laptop/bts110_pb16250_usx?redirectTo=SOC
Dell Pro 16 Plus Laptop,Dell,2165.25,USD,16,256,specified,Intel Core Ultra 5 235U,,Unknown,Dell,Intel,InStock,"Dell Pro 16 Plus Laptop, Laptops. Intel Core Ultra 5 235U · 16 GB RAM · 256 GB · from $2,165.25. Specs, configurations, and where to buy on Plug PCs.",https://plugpcs.com/p/dell/dell-pro-16-plus-laptop-bts110-pb16250-usx-cc2,,,laptops,bts110_pb16250_usx_cc2,specified,https://schema.org/InStock,https://www.dell.com/en-us/shop/dell-laptops/dell-pro-pb16250-laptop/spd/dell-pro-pb16250-laptop/bts110_pb16250_usx_cc2?redirectTo=SOC
Dell Pro 16 Plus Laptop,Dell,1409.03,USD,16,512,specified,Intel Core Ultra 5 236V,,Unknown,Dell,Intel,InStock,"Dell Pro 16 Plus Laptop, Laptops. Intel Core Ultra 5 236V · 16 GB RAM · 512 GB · from $1,409.03. Specs, configurations, and where to buy on Plug PCs.",https://plugpcs.com/p/dell/dell-pro-16-plus-laptop-bts201-pb16250-usx,,,laptops,bts201_pb16250_usx,specified,https://schema.org/InStock,https://www.dell.com/en-us/shop/dell-laptops/dell-pro-pb16250-laptop/spd/dell-pro-pb16250-laptop/bts201_pb16250_usx?redirectTo=SOC
Dell Pro 16 Plus Laptop,Dell,1646.56,USD,16,512,specified,Intel Core Ultra 7 266V,,Unknown,Dell,Intel,InStock,"Dell Pro 16 Plus Laptop, Laptops. Intel Core Ultra 7 266V · 16 GB RAM · 512 GB · from $1,646.56. Specs, configurations, and where to buy on Plug PCs.",https://plugpcs.com/p/dell/dell-pro-16-plus-laptop-bts202-pb16250-usx,,,laptops,bts202_pb16250_usx,specified,https://schema.org/InStock,https://www.dell.com/en-us/shop/dell-laptops/dell-pro-pb16250-laptop/spd/dell-pro-pb16250-laptop/bts202_pb16250_usx?redirectTo=SOC
Dell Pro 16 Plus Laptop,Dell,1536.56,USD,16,512,specified,Intel Core Ultra 7 266V,,Unknown,Dell,Intel,InStock,"Dell Pro 16 Plus Laptop, Laptops. Intel Core Ultra 7 266V · 16 GB RAM · 512 GB · from $1,536.56. Specs, configurations, and where to buy on Plug PCs.",https://plugpcs.com/p/dell/dell-pro-16-plus-laptop-bts204-pb16250-usx,,,laptops,bts204_pb16250_usx,specified,https://schema.org/InStock,https://www.dell.com/en-us/shop/dell-laptops/dell-pro-pb16250-laptop/spd/dell-pro-pb16250-laptop/bts204_pb16250_usx?redirectTo=SOC
Dell Pro 16 Plus Laptop,Dell,2243.67,USD,32,512,specified,Intel Core Ultra 7 268V,,Unknown,Dell,Intel,InStock,"Dell Pro 16 Plus Laptop, Laptops. Intel Core Ultra 7 268V · 32 GB RAM · 512 GB · from $2,243.67. Specs, configurations, and where to buy on Plug PCs.",https://plugpcs.com/p/dell/dell-pro-16-plus-laptop-bts206-pb16250-usx,,,laptops,bts206_pb16250_usx,specified,https://schema.org/InStock,https://www.dell.com/en-us/shop/dell-laptops/dell-pro-pb16250-laptop/spd/dell-pro-pb16250-laptop/bts206_pb16250_usx?redirectTo=SOC
Dell Pro 16 Plus Laptop,Dell,2403.68,USD,32,1024,specified,Intel Core Ultra 7 268V,,Unknown,Dell,Intel,InStock,"Dell Pro 16 Plus Laptop, Laptops. Intel Core Ultra 7 268V · 32 GB RAM · 1 TB · from $2,403.68. Specs, configurations, and where to buy on Plug PCs.",https://plugpcs.com/p/dell/dell-pro-16-plus-laptop-bts207-pb16250-usx,,,laptops,bts207_pb16250_usx,specified,https://schema.org/InStock,https://www.dell.com/en-us/shop/dell-laptops/dell-pro-pb16250-laptop/spd/dell-pro-pb16250-laptop/bts207_pb16250_usx?redirectTo=SOC
Dell Pro 16 Plus Laptop,Dell,1298.74,USD,16,256,specified,Intel Core Ultra 5 236V,,Unknown,Dell,Intel,InStock,"Dell Pro 16 Plus Laptop, Laptops. Intel Core Ultra 5 236V · 16 GB RAM · 256 GB · from $1,298.74. Specs, configurations, and where to buy on Plug PCs.",https://plugpcs.com/p/dell/dell-pro-16-plus-laptop-bts215-pb16250-usx,,,laptops,bts215_pb16250_usx,specified,https://schema.org/InStock,https://www.dell.com/en-us/shop/dell-laptops/dell-pro-pb16250-laptop/spd/dell-pro-pb16250-laptop/bts215_pb16250_usx?redirectTo=SOC
Dell Pro 16 Plus Laptop,Dell,2425.84,USD,32,512,specified,Intel Core Ultra 5 238V,,Unknown,Dell,Intel,InStock,"Dell Pro 16 Plus Laptop, Laptops. Intel Core Ultra 5 238V · 32 GB RAM · 512 GB · from $2,425.84. Specs, configurations, and where to buy on Plug PCs.",https://plugpcs.com/p/dell/dell-pro-16-plus-laptop-bts216-pb16250-usx,,,laptops,bts216_pb16250_usx,specified,https://schema.org/InStock,https://www.dell.com/en-us/shop/dell-laptops/dell-pro-pb16250-laptop/spd/dell-pro-pb16250-laptop/bts216_pb16250_usx?redirectTo=SOC
Dell Pro 16 Plus Laptop,Dell,1368.74,USD,16,512,specified,Intel Core Ultra 5 236V,,Unknown,Dell,Intel,InStock,"Dell Pro 16 Plus Laptop, Laptops. Intel Core Ultra 5 236V · 16 GB RAM · 512 GB · from $1,368.74. Specs, configurations, and where to buy on Plug PCs.",https://plugpcs.com/p/dell/dell-pro-16-plus-laptop-bts217-pb16250-usx,,,laptops,bts217_pb16250_usx,specified,https://schema.org/InStock,https://www.dell.com/en-us/shop/dell-laptops/dell-pro-pb16250-laptop/spd/dell-pro-pb16250-laptop/bts217_pb16250_usx?redirectTo=SOC
Dell Pro 16 Plus Laptop,Dell,2743.67,USD,32,512,specified,Intel Core Ultra 7 268V,,Unknown,Dell,Intel,InStock,"Dell Pro 16 Plus Laptop, Laptops. Intel Core Ultra 7 268V · 32 GB RAM · 512 GB · from $2,743.67. Specs, configurations, and where to buy on Plug PCs.",https://plugpcs.com/p/dell/dell-pro-16-plus-laptop-bts218-pb16250-usx,,,laptops,bts218_pb16250_usx,specified,https://schema.org/InStock,https://www.dell.com/en-us/shop/dell-laptops/dell-pro-pb16250-laptop/spd/dell-pro-pb16250-laptop/bts218_pb16250_usx?redirectTo=SOC
Dell Pro 16 Plus Laptop,Dell,1670.86,USD,16,512,specified,Intel Core Ultra 5 236V,,Unknown,Dell,Intel,InStock,"Dell Pro 16 Plus Laptop, Laptops. Intel Core Ultra 5 236V · 16 GB RAM · 512 GB · from $1,670.86. Specs, configurations, and where to buy on Plug PCs.",https://plugpcs.com/p/dell/dell-pro-16-plus-laptop-gcto-pb16250-usx,,,laptops,gcto_pb16250_usx,specified,https://schema.org/InStock,https://www.dell.com/en-us/shop/dell-laptops/dell-pro-pb16250-laptop/spd/dell-pro-pb16250-laptop/gcto_pb16250_usx?redirectTo=SOC
Dell Pro 16 Plus Laptop,Dell,1868,USD,16,256,specified,Intel Core Ultra 5 236V,Intel Arc Graphics,Intel,Dell,Intel,InStock,"Dell Pro 16 Plus Laptop, Laptops. Intel Core Ultra 5 236V · 16 GB RAM · 256 GB · Intel Arc Graphics · from $1,868. Specs, configurations, and where to buy on Plug PCs.",https://plugpcs.com/p/dell/dell-pro-16-plus-laptop-pb16250-fixed-20,,,laptops,pb16250_fixed_20,specified,https://schema.org/InStock,https://www.dell.com/en-us/shop/dell-laptops/dellproplus16laptoppb16250/spd/dellproplus16laptoppb16250/pb16250_fixed_20?redirectTo=SOC
Dell Pro 16 Plus Laptop,Dell,2075,USD,16,512,specified,AMD Ryzen 7 250,,Unknown,Dell,AMD,InStock,"Dell Pro 16 Plus Laptop, Laptops. AMD Ryzen 7 250 · 16 GB RAM · 512 GB · from $2,075. Specs, configurations, and where to buy on Plug PCs.",https://plugpcs.com/p/dell/dell-pro-16-plus-laptop-pb16255-fixed-03,,,laptops,pb16255_fixed_03,specified,https://schema.org/InStock,https://www.dell.com/en-us/shop/dell-laptops/dellproplus16laptoppb16255/spd/dellproplus16laptoppb16255/pb16255_fixed_03?redirectTo=SOC
Dell Pro 3 16 Laptop,Dell,1709.06,USD,16,256,specified,Intel Core 5 320,,Unknown,Dell,Intel,InStock,"Dell Pro 3 16 Laptop, Laptops. Intel Core 5 320 · 16 GB RAM · 256 GB · from $1,709.06. Specs, configurations, and where to buy on Plug PCs.",https://plugpcs.com/p/dell/dell-pro-3-series-16-laptop,,,laptops,bts001_p316260_usx,specified,https://schema.org/InStock,https://www.dell.com/en-us/shop/dell-laptops/dell-pro-p316260-laptop/spd/dell-pro-p316260-laptop/bts001_p316260_usx?redirectTo=SOC
Dell Pro 3 16 Laptop,Dell,1848,USD,16,256,specified,Intel Core 5 320,,Unknown,Dell,Intel,InStock,"Dell Pro 3 16 Laptop, Laptops. Intel Core 5 320 · 16 GB RAM · 256 GB · from $1,848. Specs, configurations, and where to buy on Plug PCs.",https://plugpcs.com/p/dell/dell-pro-3-16-laptop,,,laptops,p316260_fixed_64,specified,https://schema.org/InStock,https://www.dell.com/en-us/shop/desktop-computers/dellpro316p316260/spd/dellpro316p316260/p316260_fixed_64?redirectTo=SOC
Dell Pro 3 Series 14 Laptop,Dell,1709.06,USD,16,256,specified,Intel Core 5 320,,Unknown,Dell,Intel,InStock,"Dell Pro 3 Series 14 Laptop, Laptops. Intel Core 5 320 · 16 GB RAM · 256 GB · from $1,709.06. Specs, configurations, and where to buy on Plug PCs.",https://plugpcs.com/p/dell/dell-pro-3-series-14-laptop,,,laptops,bts001_p314260_usx,specified,https://schema.org/InStock,https://www.dell.com/en-us/shop/dell-laptops/dell-pro-p314260-laptop/spd/dell-pro-p314260-laptop/bts001_p314260_usx?redirectTo=SOC
Dell Pro 3 Series 14 Laptop,Dell,1636.86,USD,16,512,specified,AMD Ryzen AI 5 435,,Unknown,Dell,AMD,InStock,"Dell Pro 3 Series 14 Laptop, Laptops. AMD Ryzen AI 5 435 · 16 GB RAM · 512 GB · from $1,636.86. Specs, configurations, and where to buy on Plug PCs.",https://plugpcs.com/p/dell/dell-pro-3-series-14-laptop-bts001-p314265-usx,,,laptops,bts001_p314265_usx,specified,https://schema.org/InStock,https://www.dell.com/en-us/shop/dell-laptops/dell-pro-p314265-laptop/spd/dell-pro-p314265-laptop/bts001_p314265_usx?redirectTo=SOC
Dell Pro 3 Series 14 Laptop,Dell,1719.3,USD,16,512,specified,Intel Core 5 320,,Unknown,Dell,Intel,InStock,"Dell Pro 3 Series 14 Laptop, Laptops. Intel Core 5 320 · 16 GB RAM · 512 GB · from $1,719.30. Specs, configurations, and where to buy on Plug PCs.",https://plugpcs.com/p/dell/dell-pro-3-series-14-laptop-bts002-p314260-usx,,,laptops,bts002_p314260_usx,specified,https://schema.org/InStock,https://www.dell.com/en-us/shop/dell-laptops/dell-pro-p314260-laptop/spd/dell-pro-p314260-laptop/bts002_p314260_usx?redirectTo=SOC
Dell Pro 3 Series 14 Laptop,Dell,1872.4,USD,16,512,specified,AMD Ryzen AI 7 450,AMD Radeon 860M,AMD,Dell,AMD,InStock,"Dell Pro 3 Series 14 Laptop, Laptops. AMD Ryzen AI 7 450 · 16 GB RAM · 512 GB · AMD Radeon 860M · from $1,872.40. Specs, configurations, and where to buy on Plug PCs.",https://plugpcs.com/p/dell/dell-pro-3-series-14-laptop-bts002-p314265-usx,,,laptops,bts002_p314265_usx,specified,https://schema.org/InStock,https://www.dell.com/en-us/shop/dell-laptops/dell-pro-p314265-laptop/spd/dell-pro-p314265-laptop/bts002_p314265_usx?redirectTo=SOC
Dell Pro 3 Series 14 Laptop,Dell,2087.96,USD,16,512,specified,Intel Core 7 350,,Unknown,Dell,Intel,InStock,"Dell Pro 3 Series 14 Laptop, Laptops. Intel Core 7 350 · 16 GB RAM · 512 GB · from $2,087.96. Specs, configurations, and where to buy on Plug PCs.",https://plugpcs.com/p/dell/dell-pro-3-series-14-laptop-bts004-p314260-usx,,,laptops,bts004_p314260_usx,specified,https://schema.org/InStock,https://www.dell.com/en-us/shop/dell-laptops/dell-pro-p314260-laptop/spd/dell-pro-p314260-laptop/bts004_p314260_usx?redirectTo=SOC
Dell Pro 3 Series 14 Laptop,Dell,2651.2,USD,32,512,specified,Intel Core 7 350,,Unknown,Dell,Intel,InStock,"Dell Pro 3 Series 14 Laptop, Laptops. Intel Core 7 350 · 32 GB RAM · 512 GB · from $2,651.20. Specs, configurations, and where to buy on Plug PCs.",https://plugpcs.com/p/dell/dell-pro-3-series-14-laptop-bts005-p314260-usx,,,laptops,bts005_p314260_usx,specified,https://schema.org/InStock,https://www.dell.com/en-us/shop/dell-laptops/dell-pro-p314260-laptop/spd/dell-pro-p314260-laptop/bts005_p314260_usx?redirectTo=SOC
Dell Pro 3 Series 14 Laptop,Dell,2364.46,USD,32,512,specified,Intel Core 5 330,,Unknown,Dell,Intel,InStock,"Dell Pro 3 Series 14 Laptop, Laptops. Intel Core 5 330 · 32 GB RAM · 512 GB · from $2,364.46. Specs, configurations, and where to buy on Plug PCs.",https://plugpcs.com/p/dell/dell-pro-3-series-14-laptop-bts006-p314260-usx,,,laptops,bts006_p314260_usx,specified,https://schema.org/InStock,https://www.dell.com/en-us/shop/dell-laptops/dell-pro-p314260-laptop/spd/dell-pro-p314260-laptop/bts006_p314260_usx?redirectTo=SOC
Dell Pro 3 Series 14 Laptop,Dell,1858,USD,16,256,specified,Intel Core 5 320,,Unknown,Dell,Intel,InStock,"Dell Pro 3 Series 14 Laptop, Laptops. Intel Core 5 320 · 16 GB RAM · 256 GB · from $1,858. Specs, configurations, and where to buy on Plug PCs.",https://plugpcs.com/p/dell/dell-pro-3-series-14-laptop-p314260-fixed-003,,,laptops,p314260_fixed_003,specified,https://schema.org/InStock,https://www.dell.com/en-us/shop/desktop-computers/dellpro314p314260/spd/dellpro314p314260/p314260_fixed_003?redirectTo=SOC
Dell Pro 3 Series 14 Laptop,Dell,1808,USD,16,512,specified,AMD Ryzen AI 5 435,,Unknown,Dell,AMD,InStock,"Dell Pro 3 Series 14 Laptop, Laptops. AMD Ryzen AI 5 435 · 16 GB RAM · 512 GB · from $1,808. Specs, configurations, and where to buy on Plug PCs.",https://plugpcs.com/p/dell/dell-pro-3-series-14-laptop-p314265-fixed-61,,,laptops,p314265_fixed_61,specified,https://schema.org/InStock,https://www.dell.com/en-us/shop/desktop-computers/dellpro314p314265/spd/dellpro314p314265/p314265_fixed_61?redirectTo=SOC
Dell Pro 3 Series 14 Laptop,Dell,1524.18,USD,8,512,specified,Intel Core 5 320,,Unknown,Dell,Intel,InStock,"Dell Pro 3 Series 14 Laptop, Laptops. Intel Core 5 320 · 8 GB RAM · 512 GB · from $1,524.18. Specs, configurations, and where to buy on Plug PCs.",https://plugpcs.com/p/dell/dell-pro-3-series-14-laptop-xcto-p314260-usx,,,laptops,xcto_p314260_usx,specified,https://schema.org/InStock,https://www.dell.com/en-us/shop/dell-laptops/dell-pro-p314260-laptop/spd/dell-pro-p314260-laptop/xcto_p314260_usx?redirectTo=SOC
Dell Pro 3 Series 14 Laptop,Dell,1758.89,USD,16,512,specified,AMD Ryzen AI 5 435,AMD Radeon 840M,AMD,Dell,AMD,InStock,"Dell Pro 3 Series 14 Laptop, Laptops. AMD Ryzen AI 5 435 · 16 GB RAM · 512 GB · AMD Radeon 840M · from $1,758.89. Specs, configurations, and where to buy on Plug PCs.",https://plugpcs.com/p/dell/dell-pro-3-series-14-laptop-xcto-p314265-usx,,,laptops,xcto_p314265_usx,specified,https://schema.org/InStock,https://www.dell.com/en-us/shop/dell-laptops/dell-pro-p314265-laptop/spd/dell-pro-p314265-laptop/xcto_p314265_usx?redirectTo=SOC
Dell Pro 3 Series 16 Laptop,Dell,1636.86,USD,16,512,specified,AMD Ryzen AI 5 435,,Unknown,Dell,AMD,InStock,"Dell Pro 3 Series 16 Laptop, Laptops. AMD Ryzen AI 5 435 · 16 GB RAM · 512 GB · from $1,636.86. Specs, configurations, and where to buy on Plug PCs.",https://plugpcs.com/p/dell/dell-pro-3-series-16-laptop-bts001-p316265-usx,,,laptops,bts001_p316265_usx,specified,https://schema.org/InStock,https://www.dell.com/en-us/shop/dell-laptops/dell-pro-p316265-laptop/spd/dell-pro-p316265-laptop/bts001_p316265_usx?redirectTo=SOC
Dell Pro 3 Series 16 Laptop,Dell,1719.3,USD,16,512,specified,Intel Core 5 320,,Unknown,Dell,Intel,InStock,"Dell Pro 3 Series 16 Laptop, Laptops. Intel Core 5 320 · 16 GB RAM · 512 GB · from $1,719.30. Specs, configurations, and where to buy on Plug PCs.",https://plugpcs.com/p/dell/dell-pro-3-series-16-laptop-bts002-p316260-usx,,,laptops,bts002_p316260_usx,specified,https://schema.org/InStock,https://www.dell.com/en-us/shop/dell-laptops/dell-pro-p316260-laptop/spd/dell-pro-p316260-laptop/bts002_p316260_usx?redirectTo=SOC
Dell Pro 3 Series 16 Laptop,Dell,1872.4,USD,16,512,specified,AMD Ryzen AI 7 450,AMD Radeon 860M,AMD,Dell,AMD,InStock,"Dell Pro 3 Series 16 Laptop, Laptops. AMD Ryzen AI 7 450 · 16 GB RAM · 512 GB · AMD Radeon 860M · from $1,872.40. Specs, configurations, and where to buy on Plug PCs.",https://plugpcs.com/p/dell/dell-pro-3-series-16-laptop-bts002-p316265-usx,,,laptops,bts002_p316265_usx,specified,https://schema.org/InStock,https://www.dell.com/en-us/shop/dell-laptops/dell-pro-p316265-laptop/spd/dell-pro-p316265-laptop/bts002_p316265_usx?redirectTo=SOC
Dell Pro 3 Series 16 Laptop,Dell,2087.96,USD,16,512,specified,Intel Core 7 350,,Unknown,Dell,Intel,InStock,"Dell Pro 3 Series 16 Laptop, Laptops. Intel Core 7 350 · 16 GB RAM · 512 GB · from $2,087.96. Specs, configurations, and where to buy on Plug PCs.",https://plugpcs.com/p/dell/dell-pro-3-series-16-laptop-bts004-p316260-usx,,,laptops,bts004_p316260_usx,specified,https://schema.org/InStock,https://www.dell.com/en-us/shop/dell-laptops/dell-pro-p316260-laptop/spd/dell-pro-p316260-laptop/bts004_p316260_usx?redirectTo=SOC
Dell Pro 3 Series 16 Laptop,Dell,2661.44,USD,32,512,specified,Intel Core 7 350,,Unknown,Dell,Intel,InStock,"Dell Pro 3 Series 16 Laptop, Laptops. Intel Core 7 350 · 32 GB RAM · 512 GB · from $2,661.44. Specs, configurations, and where to buy on Plug PCs.",https://plugpcs.com/p/dell/dell-pro-3-series-16-laptop-bts005-p316260-usx,,,laptops,bts005_p316260_usx,specified,https://schema.org/InStock,https://www.dell.com/en-us/shop/dell-laptops/dell-pro-p316260-laptop/spd/dell-pro-p316260-laptop/bts005_p316260_usx?redirectTo=SOC
Dell Pro 3 Series 16 Laptop,Dell,2374.7,USD,32,512,specified,Intel Core 5 330,,Unknown,Dell,Intel,InStock,"Dell Pro 3 Series 16 Laptop, Laptops. Intel Core 5 330 · 32 GB RAM · 512 GB · from $2,374.70. Specs, configurations, and where to buy on Plug PCs.",https://plugpcs.com/p/dell/dell-pro-3-series-16-laptop-bts006-p316260-usx,,,laptops,bts006_p316260_usx,specified,https://schema.org/InStock,https://www.dell.com/en-us/shop/dell-laptops/dell-pro-p316260-laptop/spd/dell-pro-p316260-laptop/bts006_p316260_usx?redirectTo=SOC
Dell Pro 3 Series 16 Laptop,Dell,1779,USD,16,512,specified,AMD Ryzen AI 5 435,,Unknown,Dell,AMD,InStock,"Dell Pro 3 Series 16 Laptop, Laptops. AMD Ryzen AI 5 435 · 16 GB RAM · 512 GB · from $1,779. Specs, configurations, and where to buy on Plug PCs.",https://plugpcs.com/p/dell/dell-pro-3-series-16-laptop-p316265-fixed-61,,,laptops,p316265_fixed_61,specified,https://schema.org/InStock,https://www.dell.com/en-us/shop/desktop-computers/dellpro316p316265/spd/dellpro316p316265/p316265_fixed_61?redirectTo=SOC
Dell Pro 3 Series 16 Laptop,Dell,1535.38,USD,8,512,specified,Intel Core 5 320,,Unknown,Dell,Intel,InStock,"Dell Pro 3 Series 16 Laptop, Laptops. Intel Core 5 320 · 8 GB RAM · 512 GB · from $1,535.38. Specs, configurations, and where to buy on Plug PCs.",https://plugpcs.com/p/dell/dell-pro-3-series-16-laptop-xcto-p316260-usx,,,laptops,xcto_p316260_usx,specified,https://schema.org/InStock,https://www.dell.com/en-us/shop/dell-laptops/dell-pro-p316260-laptop/spd/dell-pro-p316260-laptop/xcto_p316260_usx?redirectTo=SOC
Dell Pro 3 Series 16 Laptop,Dell,1758.89,USD,16,512,specified,AMD Ryzen AI 5 435,AMD Radeon 840M,AMD,Dell,AMD,InStock,"Dell Pro 3 Series 16 Laptop, Laptops. AMD Ryzen AI 5 435 · 16 GB RAM · 512 GB · AMD Radeon 840M · from $1,758.89. Specs, configurations, and where to buy on Plug PCs.",https://plugpcs.com/p/dell/dell-pro-3-series-16-laptop-xcto-p316265-usx,,,laptops,xcto_p316265_usx,specified,https://schema.org/InStock,https://www.dell.com/en-us/shop/dell-laptops/dell-pro-p316265-laptop/spd/dell-pro-p316265-laptop/xcto_p316265_usx?redirectTo=SOC
Dell Pro 5 Series 14 Laptop,Dell,1998.96,USD,16,512,specified,Intel Core Ultra 5 335,Intel Arc Graphics,Intel,Dell,Intel,InStock,"Dell Pro 5 Series 14 Laptop, Laptops. Intel Core Ultra 5 335 · 16 GB RAM · 512 GB · Intel Arc Graphics · from $1,998.96. Specs, configurations, and where to buy on Plug PCs.",https://plugpcs.com/p/dell/dell-pro-5-series-14-laptop-bts001-p514260-usx,,,laptops,bts001_p514260_usx,specified,https://schema.org/InStock,https://www.dell.com/en-us/shop/dell-laptops/dell-pro-p514260-laptop/spd/dell-pro-p514260-laptop/bts001_p514260_usx?redirectTo=SOC
Dell Pro 5 Series 14 Laptop,Dell,2572.43,USD,32,512,specified,Intel Core Ultra 5 335,,Unknown,Dell,Intel,InStock,"Dell Pro 5 Series 14 Laptop, Laptops. Intel Core Ultra 5 335 · 32 GB RAM · 512 GB · from $2,572.43. Specs, configurations, and where to buy on Plug PCs.",https://plugpcs.com/p/dell/dell-pro-5-series-14-laptop,,,laptops,bts002_p514260_usx,specified,https://schema.org/InStock,https://www.dell.com/en-us/shop/dell-laptops/dell-pro-p514260-laptop/spd/dell-pro-p514260-laptop/bts002_p514260_usx?redirectTo=SOC
Dell Pro 5 Series 14 Laptop,Dell,2408.59,USD,16,512,specified,Intel Core Ultra 7 365,,Unknown,Dell,Intel,InStock,"Dell Pro 5 Series 14 Laptop, Laptops. Intel Core Ultra 7 365 · 16 GB RAM · 512 GB · from $2,408.59. Specs, configurations, and where to buy on Plug PCs.",https://plugpcs.com/p/dell/dell-pro-5-series-14-laptop-bts003-p514260-usx,,,laptops,bts003_p514260_usx,specified,https://schema.org/InStock,https://www.dell.com/en-us/shop/dell-laptops/dell-pro-p514260-laptop/spd/dell-pro-p514260-laptop/bts003_p514260_usx?redirectTo=SOC
Dell Pro 5 Series 14 Laptop,Dell,2185.02,USD,16,512,specified,AMD Ryzen AI 5 435,,Unknown,Dell,AMD,InStock,"Dell Pro 5 Series 14 Laptop, Laptops. AMD Ryzen AI 5 435 · 16 GB RAM · 512 GB · from $2,185.02. Specs, configurations, and where to buy on Plug PCs.",https://plugpcs.com/p/dell/dell-pro-5-series-14-laptop-bts003-p514265-usx,,,laptops,bts003_p514265_usx,specified,https://schema.org/InStock,https://www.dell.com/en-us/shop/dell-laptops/dell-pro-p514265-laptop/spd/dell-pro-p514265-laptop/bts003_p514265_usx?redirectTo=SOC
Dell Pro 5 Series 14 Laptop,Dell,2951.34,USD,32,512,specified,Intel Core Ultra 7 365,,Unknown,Dell,Intel,InStock,"Dell Pro 5 Series 14 Laptop, Laptops. Intel Core Ultra 7 365 · 32 GB RAM · 512 GB · from $2,951.34. Specs, configurations, and where to buy on Plug PCs.",https://plugpcs.com/p/dell/dell-pro-5-series-14-laptop-bts004-p514260-usx,,,laptops,bts004_p514260_usx,specified,https://schema.org/InStock,https://www.dell.com/en-us/shop/dell-laptops/dell-pro-p514260-laptop/spd/dell-pro-p514260-laptop/bts004_p514260_usx?redirectTo=SOC
Dell Pro 5 Series 14 Laptop,Dell,3279.04,USD,32,1024,specified,Intel Core Ultra 7 365,,Unknown,Dell,Intel,InStock,"Dell Pro 5 Series 14 Laptop, Laptops. Intel Core Ultra 7 365 · 32 GB RAM · 1 TB · from $3,279.04. Specs, configurations, and where to buy on Plug PCs.",https://plugpcs.com/p/dell/dell-pro-5-series-14-laptop-bts005-p514260-usx,,,laptops,bts005_p514260_usx,specified,https://schema.org/InStock,https://www.dell.com/en-us/shop/dell-laptops/dell-pro-p514260-laptop/spd/dell-pro-p514260-laptop/bts005_p514260_usx?redirectTo=SOC
Dell Pro 5 Series 14 Laptop,Dell,3043.5,USD,32,512,specified,Intel Core Ultra 7 365,,Unknown,Dell,Intel,InStock,"Dell Pro 5 Series 14 Laptop, Laptops. Intel Core Ultra 7 365 · 32 GB RAM · 512 GB · from $3,043.50. Specs, configurations, and where to buy on Plug PCs.",https://plugpcs.com/p/dell/dell-pro-5-series-14-laptop-bts006-p514260-usx,,,laptops,bts006_p514260_usx,specified,https://schema.org/InStock,https://www.dell.com/en-us/shop/dell-laptops/dell-pro-p514260-laptop/spd/dell-pro-p514260-laptop/bts006_p514260_usx?redirectTo=SOC
Dell Pro 5 Series 14 Laptop,Dell,3043.5,USD,32,512,specified,Intel Core Ultra 7 365,,Unknown,Dell,Intel,InStock,"Dell Pro 5 Series 14 Laptop, Laptops. Intel Core Ultra 7 365 · 32 GB RAM · 512 GB · from $3,043.50. Specs, configurations, and where to buy on Plug PCs.",https://plugpcs.com/p/dell/dell-pro-5-series-14-laptop-bts007-p514260-usx,,,laptops,bts007_p514260_usx,specified,https://schema.org/InStock,https://www.dell.com/en-us/shop/dell-laptops/dell-pro-p514260-laptop/spd/dell-pro-p514260-laptop/bts007_p514260_usx?redirectTo=SOC
Dell Pro 5 Series 14 Laptop,Dell,2826,USD,32,512,specified,Intel Core Ultra 5 335,Intel Arc Graphics,Intel,Dell,Intel,InStock,"Dell Pro 5 Series 14 Laptop, Laptops. Intel Core Ultra 5 335 · 32 GB RAM · 512 GB · Intel Arc Graphics · from $2,826. Specs, configurations, and where to buy on Plug PCs.",https://plugpcs.com/p/dell/dell-pro-5-series-14-laptop-p514260-fixed-64,,,laptops,p514260_fixed_64,specified,https://schema.org/InStock,https://www.dell.com/en-us/shop/desktop-computers/dellpro514p514260/spd/dellpro514p514260/p514260_fixed_64?redirectTo=SOC
Dell Pro 5 Series 14 Laptop,Dell,2204,USD,16,512,specified,Intel Core Ultra 5 335,Intel Arc Graphics,Intel,Dell,Intel,InStock,"Dell Pro 5 Series 14 Laptop, Laptops. Intel Core Ultra 5 335 · 16 GB RAM · 512 GB · Intel Arc Graphics · from $2,204. Specs, configurations, and where to buy on Plug PCs.",https://plugpcs.com/p/dell/dell-pro-5-series-14-laptop-p514260-fixed-66,,,laptops,p514260_fixed_66,specified,https://schema.org/InStock,https://www.dell.com/en-us/shop/desktop-computers/dellpro514p514260/spd/dellpro514p514260/p514260_fixed_66?redirectTo=SOC
Dell Pro 5 Series 14 Laptop,Dell,1996,USD,16,512,specified,AMD Ryzen AI 5 435,,Unknown,Dell,AMD,InStock,"Dell Pro 5 Series 14 Laptop, Laptops. AMD Ryzen AI 5 435 · 16 GB RAM · 512 GB · from $1,996. Specs, configurations, and where to buy on Plug PCs.",https://plugpcs.com/p/dell/dell-pro-5-series-14-laptop-p514265-reg-01,,,laptops,p514265_reg_01,specified,https://schema.org/InStock,https://www.dell.com/en-us/shop/desktop-computers/dellpro514p514265/spd/dellpro514p514265/p514265_reg_01?redirectTo=SOC
Dell Pro 5 Series 14 Laptop,Dell,2186.85,USD,16,512,specified,Intel Core Ultra 5 335,,Unknown,Dell,Intel,InStock,"Dell Pro 5 Series 14 Laptop, Laptops. Intel Core Ultra 5 335 · 16 GB RAM · 512 GB · from $2,186.85. Specs, configurations, and where to buy on Plug PCs.",https://plugpcs.com/p/dell/dell-pro-5-series-14-laptop-xcto-p514260-usx,,,laptops,xcto_p514260_usx,specified,https://schema.org/InStock,https://www.dell.com/en-us/shop/dell-laptops/dell-pro-p514260-laptop/spd/dell-pro-p514260-laptop/xcto_p514260_usx?redirectTo=SOC
Dell Pro 5 Series 14 Laptop,Dell,2002.01,USD,16,512,specified,AMD Ryzen AI 5 435,AMD Radeon 840M,AMD,Dell,AMD,InStock,"Dell Pro 5 Series 14 Laptop, Laptops. AMD Ryzen AI 5 435 · 16 GB RAM · 512 GB · AMD Radeon 840M · from $2,002.01. Specs, configurations, and where to buy on Plug PCs.",https://plugpcs.com/p/dell/dell-pro-5-series-14-laptop-xcto-p514265-usx,,,laptops,xcto_p514265_usx,specified,https://schema.org/InStock,https://www.dell.com/en-us/shop/dell-laptops/dell-pro-p514265-laptop/spd/dell-pro-p514265-laptop/xcto_p514265_usx?redirectTo=SOC
Dell Pro 5 Series 16 Laptop,Dell,1992.31,USD,16,512,specified,Intel Core Ultra 7 365,Intel Arc Graphics,Intel,Dell,Intel,InStock,"Dell Pro 5 Series 16 Laptop, Laptops. Intel Core Ultra 7 365 · 16 GB RAM · 512 GB · Intel Arc Graphics · from $1,992.31. Specs, configurations, and where to buy on Plug PCs.",https://plugpcs.com/p/dell/dell-pro-5-series-16-laptop-bts001-p516260-usx,,,laptops,bts001_p516260_usx,specified,https://schema.org/InStock,https://www.dell.com/en-us/shop/dell-laptops/dell-pro-p516260-laptop/spd/dell-pro-p516260-laptop/bts001_p516260_usx?redirectTo=SOC
Dell Pro 5 Series 16 Laptop,Dell,1813.1,USD,32,512,specified,AMD Ryzen AI 7 450,,Unknown,Dell,AMD,InStock,"Dell Pro 5 Series 16 Laptop, Laptops. AMD Ryzen AI 7 450 · 32 GB RAM · 512 GB · from $1,813.10. Specs, configurations, and where to buy on Plug PCs.",https://plugpcs.com/p/dell/dell-pro-5-series-16-laptop-bts001-p516265-usx,,,laptops,bts001_p516265_usx,specified,https://schema.org/InStock,https://www.dell.com/en-us/shop/dell-laptops/dell-pro-p516265-laptop/spd/dell-pro-p516265-laptop/bts001_p516265_usx?redirectTo=SOC
Dell Pro 5 Series 16 Laptop,Dell,2601.62,USD,32,512,specified,AMD Ryzen AI 7 450,AMD Radeon 860M,AMD,Dell,AMD,InStock,"Dell Pro 5 Series 16 Laptop, Laptops. AMD Ryzen AI 7 450 · 32 GB RAM · 512 GB · AMD Radeon 860M · from $2,601.62. Specs, configurations, and where to buy on Plug PCs.",https://plugpcs.com/p/dell/dell-pro-5-series-16-laptop-bts002-p516265-usx,,,laptops,bts002_p516265_usx,specified,https://schema.org/InStock,https://www.dell.com/en-us/shop/dell-laptops/dell-pro-p516265-laptop/spd/dell-pro-p516265-laptop/bts002_p516265_usx?redirectTo=SOC
Dell Pro 5 Series 16 Laptop,Dell,2401.93,USD,16,512,specified,Intel Core Ultra 7 365,,Unknown,Dell,Intel,InStock,"Dell Pro 5 Series 16 Laptop, Laptops. Intel Core Ultra 7 365 · 16 GB RAM · 512 GB · from $2,401.93. Specs, configurations, and where to buy on Plug PCs.",https://plugpcs.com/p/dell/dell-pro-5-series-16-laptop,,,laptops,bts003_p516260_usx,specified,https://schema.org/InStock,https://www.dell.com/en-us/shop/dell-laptops/dell-pro-p516260-laptop/spd/dell-pro-p516260-laptop/bts003_p516260_usx?redirectTo=SOC
Dell Pro 5 Series 16 Laptop,Dell,2386.57,USD,32,512,specified,AMD Ryzen AI 5 435,AMD Radeon 840M,AMD,Dell,AMD,InStock,"Dell Pro 5 Series 16 Laptop, Laptops. AMD Ryzen AI 5 435 · 32 GB RAM · 512 GB · AMD Radeon 840M · from $2,386.57. Specs, configurations, and where to buy on Plug PCs.",https://plugpcs.com/p/dell/dell-pro-5-series-16-laptop-bts003-p516265-usx,,,laptops,bts003_p516265_usx,specified,https://schema.org/InStock,https://www.dell.com/en-us/shop/dell-laptops/dell-pro-p516265-laptop/spd/dell-pro-p516265-laptop/bts003_p516265_usx?redirectTo=SOC
Dell Pro 5 Series 16 Laptop,Dell,2944.68,USD,32,512,specified,Intel Core Ultra 7 365,,Unknown,Dell,Intel,InStock,"Dell Pro 5 Series 16 Laptop, Laptops. Intel Core Ultra 7 365 · 32 GB RAM · 512 GB · from $2,944.68. Specs, configurations, and where to buy on Plug PCs.",https://plugpcs.com/p/dell/dell-pro-5-series-16-laptop-bts004-p516260-usx,,,laptops,bts004_p516260_usx,specified,https://schema.org/InStock,https://www.dell.com/en-us/shop/dell-laptops/dell-pro-p516260-laptop/spd/dell-pro-p516260-laptop/bts004_p516260_usx?redirectTo=SOC
Dell Pro 5 Series 16 Laptop,Dell,3210.94,USD,32,1024,specified,Intel Core Ultra 7 365,,Unknown,Dell,Intel,InStock,"Dell Pro 5 Series 16 Laptop, Laptops. Intel Core Ultra 7 365 · 32 GB RAM · 1 TB · from $3,210.94. Specs, configurations, and where to buy on Plug PCs.",https://plugpcs.com/p/dell/dell-pro-5-series-16-laptop-bts006-p516260-usx,,,laptops,bts006_p516260_usx,specified,https://schema.org/InStock,https://www.dell.com/en-us/shop/dell-laptops/dell-pro-p516260-laptop/spd/dell-pro-p516260-laptop/bts006_p516260_usx?redirectTo=SOC
Dell Pro 5 Series 16 Laptop,Dell,2797,USD,32,512,specified,Intel Core Ultra 5 335,Intel Arc Graphics,Intel,Dell,Intel,InStock,"Dell Pro 5 Series 16 Laptop, Laptops. Intel Core Ultra 5 335 · 32 GB RAM · 512 GB · Intel Arc Graphics · from $2,797. Specs, configurations, and where to buy on Plug PCs.",https://plugpcs.com/p/dell/dell-pro-5-series-16-laptop-p516260-fixed-64,,,laptops,p516260_fixed_64,specified,https://schema.org/InStock,https://www.dell.com/en-us/shop/desktop-computers/dellpro516p516260/spd/dellpro516p516260/p516260_fixed_64?redirectTo=SOC
Dell Pro 5 Series 16 Laptop,Dell,2619,USD,16,512,specified,Intel Core Ultra 7 365,Intel Arc Graphics,Intel,Dell,Intel,InStock,"Dell Pro 5 Series 16 Laptop, Laptops. Intel Core Ultra 7 365 · 16 GB RAM · 512 GB · Intel Arc Graphics · from $2,619. Specs, configurations, and where to buy on Plug PCs.",https://plugpcs.com/p/dell/dell-pro-5-series-16-laptop-p516260-fixed-66,,,laptops,p516260_fixed_66,specified,https://schema.org/InStock,https://www.dell.com/en-us/shop/desktop-computers/dellpro516p516260/spd/dellpro516p516260/p516260_fixed_66?redirectTo=SOC
Dell Pro 5 Series 16 Laptop,Dell,2935,USD,32,512,specified,AMD Ryzen AI 7 450,,Unknown,Dell,AMD,InStock,"Dell Pro 5 Series 16 Laptop, Laptops. AMD Ryzen AI 7 450 · 32 GB RAM · 512 GB · from $2,935. Specs, configurations, and where to buy on Plug PCs.",https://plugpcs.com/p/dell/dell-pro-5-series-16-laptop-p516265-fixed-61,,,laptops,p516265_fixed_61,specified,https://schema.org/InStock,https://www.dell.com/en-us/shop/desktop-computers/dellpro516p516265/spd/dellpro516p516265/p516265_fixed_61?redirectTo=SOC
Dell Pro 5 Series 16 Laptop,Dell,2184,USD,16,512,specified,AMD Ryzen AI 5 435,,Unknown,Dell,AMD,InStock,"Dell Pro 5 Series 16 Laptop, Laptops. AMD Ryzen AI 5 435 · 16 GB RAM · 512 GB · from $2,184. Specs, configurations, and where to buy on Plug PCs.",https://plugpcs.com/p/dell/dell-pro-5-series-16-laptop-p516265-reg-01,,,laptops,p516265_reg_01,specified,https://schema.org/InStock,https://www.dell.com/en-us/shop/desktop-computers/dellpro516p516265/spd/dellpro516p516265/p516265_reg_01?redirectTo=SOC
Dell Pro 5 Series 16 Laptop,Dell,2179.57,USD,16,512,specified,Intel Core Ultra 5 335,,Unknown,Dell,Intel,InStock,"Dell Pro 5 Series 16 Laptop, Laptops. Intel Core Ultra 5 335 · 16 GB RAM · 512 GB · from $2,179.57. Specs, configurations, and where to buy on Plug PCs.",https://plugpcs.com/p/dell/dell-pro-5-series-16-laptop-xcto-p516260-usx,,,laptops,xcto_p516260_usx,specified,https://schema.org/InStock,https://www.dell.com/en-us/shop/dell-laptops/dell-pro-p516260-laptop/spd/dell-pro-p516260-laptop/xcto_p516260_usx?redirectTo=SOC
Dell Pro 5 Series 16 Laptop,Dell,1961.11,USD,16,512,specified,AMD Ryzen AI 5 435,AMD Radeon 840M,AMD,Dell,AMD,InStock,"Dell Pro 5 Series 16 Laptop, Laptops. AMD Ryzen AI 5 435 · 16 GB RAM · 512 GB · AMD Radeon 840M · from $1,961.11. Specs, configurations, and where to buy on Plug PCs.",https://plugpcs.com/p/dell/dell-pro-5-series-16-laptop-xcto-p516265-usx,,,laptops,xcto_p516265_usx,specified,https://schema.org/InStock,https://www.dell.com/en-us/shop/dell-laptops/dell-pro-p516265-laptop/spd/dell-pro-p516265-laptop/xcto_p516265_usx?redirectTo=SOC
Dell Pro 7 Series 13 2-in-1 Laptop,Dell,2283,USD,16,512,specified,Intel Core Ultra 5 335,Intel Arc Graphics,Intel,Dell,Intel,InStock,"Dell Pro 7 Series 13 2-in-1 Laptop, Laptops. Intel Core Ultra 5 335 · 16 GB RAM · 512 GB · Intel Arc Graphics · from $2,283. Specs, configurations, and where to buy on Plug PCs.",https://plugpcs.com/p/dell/dell-pro-7-series-13-2-in-1-laptop-p703260-reg-01,,,laptops,p703260_reg_01,specified,https://schema.org/InStock,https://www.dell.com/en-us/shop/desktop-computers/dellpro7132in1p703260/spd/dellpro7132in1p703260/p703260_reg_01?redirectTo=SOC
Dell Pro 7 Series 13 2-in-1 Laptop,Dell,2194,USD,16,512,specified,AMD Ryzen 5 435,,Unknown,Dell,AMD,InStock,"Dell Pro 7 Series 13 2-in-1 Laptop, Laptops. AMD Ryzen 5 435 · 16 GB RAM · 512 GB · from $2,194. Specs, configurations, and where to buy on Plug PCs.",https://plugpcs.com/p/dell/dell-pro-7-series-13-2-in-1-laptop-p703265-reg-01,,,laptops,p703265_reg_01,specified,https://schema.org/InStock,https://www.dell.com/en-us/shop/desktop-computers/dellpro7132in1p703265/spd/dellpro7132in1p703265/p703265_reg_01?redirectTo=SOC
Dell Pro 7 Series 13 2-in-1 Laptop,Dell,2299.45,USD,16,512,specified,Intel Core Ultra 5 335,Intel Arc Graphics,Intel,Dell,Intel,InStock,"Dell Pro 7 Series 13 2-in-1 Laptop, Laptops. Intel Core Ultra 5 335 · 16 GB RAM · 512 GB · Intel Arc Graphics · from $2,299.45. Specs, configurations, and where to buy on Plug PCs.",https://plugpcs.com/p/dell/dell-pro-7-series-13-2-in-1-laptop,,,laptops,xcto_p703260_usx,specified,https://schema.org/InStock,https://www.dell.com/en-us/shop/dell-laptops/dell-pro-p703260-2-in-1-laptop/spd/dell-pro-p703260-2-in-1-laptop/xcto_p703260_usx?redirectTo=SOC
Dell Pro 7 Series 13 2-in-1 Laptop,Dell,2747.57,USD,16,512,specified,Intel Core Ultra 7 365,,Unknown,Dell,Intel,InStock,"Dell Pro 7 Series 13 2-in-1 Laptop, Laptops. Intel Core Ultra 7 365 · 16 GB RAM · 512 GB · from $2,747.57. Specs, configurations, and where to buy on Plug PCs.",https://plugpcs.com/p/dell/dell-pro-7-series-13-2-in-1-laptop-xcto-p703260-usx-ie,,,laptops,xcto_p703260_usx_ie,specified,https://schema.org/InStock,https://www.dell.com/en-us/shop/dell-laptops/dell-pro-p703260-2-in-1-laptop/spd/dell-pro-p703260-2-in-1-laptop/xcto_p703260_usx_ie?redirectTo=SOC
Dell Pro 7 Series 13 2-in-1 Laptop,Dell,2161.64,USD,16,512,specified,AMD Ryzen 5 435,,Unknown,Dell,AMD,InStock,"Dell Pro 7 Series 13 2-in-1 Laptop, Laptops. AMD Ryzen 5 435 · 16 GB RAM · 512 GB · from $2,161.64. Specs, configurations, and where to buy on Plug PCs.",https://plugpcs.com/p/dell/dell-pro-7-series-13-2-in-1-laptop-xcto-p703265-usx,,,laptops,xcto_p703265_usx,specified,https://schema.org/InStock,https://www.dell.com/en-us/shop/dell-laptops/dell-pro-p703265-2-in-1-laptop/spd/dell-pro-p703265-2-in-1-laptop/xcto_p703265_usx?redirectTo=SOC
Dell Pro 7 Series 13 2-in-1 Laptop,Dell,2262.47,USD,16,512,specified,AMD Ryzen AI 5 435,AMD Radeon 840M,AMD,Dell,AMD,InStock,"Dell Pro 7 Series 13 2-in-1 Laptop, Laptops. AMD Ryzen AI 5 435 · 16 GB RAM · 512 GB · AMD Radeon 840M · from $2,262.47. Specs, configurations, and where to buy on Plug PCs.",https://plugpcs.com/p/dell/dell-pro-7-series-13-2-in-1-laptop-xcto-p703265-usx-ie,,,laptops,xcto_p703265_usx_ie,specified,https://schema.org/InStock,https://www.dell.com/en-us/shop/dell-laptops/dell-pro-p703265-2-in-1-laptop/spd/dell-pro-p703265-2-in-1-laptop/xcto_p703265_usx_ie?redirectTo=SOC
Dell Pro 7 Series 13 Laptop,Dell,3154.89,USD,16,512,specified,Intel Core Ultra 5 335,Intel Arc Graphics,Intel,Dell,Intel,InStock,"Dell Pro 7 Series 13 Laptop, Laptops. Intel Core Ultra 5 335 · 16 GB RAM · 512 GB · Intel Arc Graphics · from $3,154.89. Specs, configurations, and where to buy on Plug PCs.",https://plugpcs.com/p/dell/dell-pro-7-series-13-laptop,,,laptops,bts002_p713260_usx,specified,https://schema.org/InStock,https://www.dell.com/en-us/shop/dell-laptops/dell-pro-p713260-laptop/spd/dell-pro-p713260-laptop/bts002_p713260_usx?redirectTo=SOC
Dell Pro 7 Series 13 Laptop,Dell,2006,USD,16,512,specified,Intel Core Ultra 5 335,Intel Arc Graphics,Intel,Dell,Intel,InStock,"Dell Pro 7 Series 13 Laptop, Laptops. Intel Core Ultra 5 335 · 16 GB RAM · 512 GB · Intel Arc Graphics · from $2,006. Specs, configurations, and where to buy on Plug PCs.",https://plugpcs.com/p/dell/dell-pro-7-series-13-laptop-p713260-reg-01,,,laptops,p713260_reg_01,specified,https://schema.org/InStock,https://www.dell.com/en-us/shop/desktop-computers/dellpro713p713260/spd/dellpro713p713260/p713260_reg_01?redirectTo=SOC
Dell Pro 7 Series 13 Laptop,Dell,1996,USD,16,512,specified,AMD Ryzen 5 435,,Unknown,Dell,AMD,InStock,"Dell Pro 7 Series 13 Laptop, Laptops. AMD Ryzen 5 435 · 16 GB RAM · 512 GB · from $1,996. Specs, configurations, and where to buy on Plug PCs.",https://plugpcs.com/p/dell/dell-pro-7-series-13-laptop-p713265-reg-01,,,laptops,p713265_reg_01,specified,https://schema.org/InStock,https://www.dell.com/en-us/shop/desktop-computers/dellpro713p713265/spd/dellpro713p713265/p713265_reg_01?redirectTo=SOC
Dell Pro 7 Series 13 Laptop,Dell,2120.18,USD,16,512,specified,Intel Core Ultra 5 335,,Unknown,Dell,Intel,InStock,"Dell Pro 7 Series 13 Laptop, Laptops. Intel Core Ultra 5 335 · 16 GB RAM · 512 GB · from $2,120.18. Specs, configurations, and where to buy on Plug PCs.",https://plugpcs.com/p/dell/dell-pro-7-series-13-laptop-xcto-p713260-cs-usx,,,laptops,xcto_p713260_cs_usx,specified,https://schema.org/InStock,https://www.dell.com/en-us/shop/dell-laptops/dell-pro-p713260-laptop/spd/dell-pro-p713260-laptop/xcto_p713260_cs_usx?redirectTo=SOC
Dell Pro 7 Series 13 Laptop,Dell,2568.31,USD,16,512,specified,Intel Core Ultra 7 365,,Unknown,Dell,Intel,InStock,"Dell Pro 7 Series 13 Laptop, Laptops. Intel Core Ultra 7 365 · 16 GB RAM · 512 GB · from $2,568.31. Specs, configurations, and where to buy on Plug PCs.",https://plugpcs.com/p/dell/dell-pro-7-series-13-laptop-xcto-p713260-cs-usx-ie,,,laptops,xcto_p713260_cs_usx_ie,specified,https://schema.org/InStock,https://www.dell.com/en-us/shop/dell-laptops/dell-pro-p713260-laptop/spd/dell-pro-p713260-laptop/xcto_p713260_cs_usx_ie?redirectTo=SOC
Dell Pro 7 Series 13 Laptop,Dell,1993.58,USD,16,512,specified,AMD Ryzen 5 435,,Unknown,Dell,AMD,InStock,"Dell Pro 7 Series 13 Laptop, Laptops. AMD Ryzen 5 435 · 16 GB RAM · 512 GB · from $1,993.58. Specs, configurations, and where to buy on Plug PCs.",https://plugpcs.com/p/dell/dell-pro-7-series-13-laptop-xcto-p713265-usx,,,laptops,xcto_p713265_usx,specified,https://schema.org/InStock,https://www.dell.com/en-us/shop/dell-laptops/dell-pro-p713265-laptop/spd/dell-pro-p713265-laptop/xcto_p713265_usx?redirectTo=SOC
Dell Pro 7 Series 13 Laptop,Dell,2094.42,USD,16,512,specified,AMD Ryzen AI 5 435,AMD Radeon 840M,AMD,Dell,AMD,InStock,"Dell Pro 7 Series 13 Laptop, Laptops. AMD Ryzen AI 5 435 · 16 GB RAM · 512 GB · AMD Radeon 840M · from $2,094.42. Specs, configurations, and where to buy on Plug PCs.",https://plugpcs.com/p/dell/dell-pro-7-series-13-laptop-xcto-p713265-usx-ie,,,laptops,xcto_p713265_usx_ie,specified,https://schema.org/InStock,https://www.dell.com/en-us/shop/dell-laptops/dell-pro-p713265-laptop/spd/dell-pro-p713265-laptop/xcto_p713265_usx_ie?redirectTo=SOC
Dell Pro 7 Series 14 2-in-1 Laptop,Dell,3362.89,USD,32,512,specified,Intel Core Ultra 7 365,Intel Arc Graphics,Intel,Dell,Intel,InStock,"Dell Pro 7 Series 14 2-in-1 Laptop, Laptops. Intel Core Ultra 7 365 · 32 GB RAM · 512 GB · Intel Arc Graphics · from $3,362.89. Specs, configurations, and where to buy on Plug PCs.",https://plugpcs.com/p/dell/dell-pro-7-series-14-2-in-1-laptop,,,laptops,bts001_p704260_usx,specified,https://schema.org/InStock,https://www.dell.com/en-us/shop/dell-laptops/dell-pro-p704260-2-in-1-laptop/spd/dell-pro-p704260-2-in-1-laptop/bts001_p704260_usx?redirectTo=SOC
Dell Pro 7 Series 14 2-in-1 Laptop,Dell,3080.91,USD,16,512,specified,AMD Ryzen AI 5 435,,Unknown,Dell,AMD,InStock,"Dell Pro 7 Series 14 2-in-1 Laptop, Laptops. AMD Ryzen AI 5 435 · 16 GB RAM · 512 GB · from $3,080.91. Specs, configurations, and where to buy on Plug PCs.",https://plugpcs.com/p/dell/dell-pro-7-series-14-2-in-1-laptop-bts001-p704265-usx,,,laptops,bts001_p704265_usx,specified,https://schema.org/InStock,https://www.dell.com/en-us/shop/dell-laptops/dell-pro-p704265-2-in-1-laptop/spd/dell-pro-p704265-2-in-1-laptop/bts001_p704265_usx?redirectTo=SOC
Dell Pro 7 Series 14 2-in-1 Laptop,Dell,3427.22,USD,32,512,specified,Intel Core Ultra 7 365,,Unknown,Dell,Intel,InStock,"Dell Pro 7 Series 14 2-in-1 Laptop, Laptops. Intel Core Ultra 7 365 · 32 GB RAM · 512 GB · from $3,427.22. Specs, configurations, and where to buy on Plug PCs.",https://plugpcs.com/p/dell/dell-pro-7-series-14-2-in-1-laptop-bts002-p704260-usx,,,laptops,bts002_p704260_usx,specified,https://schema.org/InStock,https://www.dell.com/en-us/shop/dell-laptops/dell-pro-p704260-2-in-1-laptop/spd/dell-pro-p704260-2-in-1-laptop/bts002_p704260_usx?redirectTo=SOC
Dell Pro 7 Series 14 2-in-1 Laptop,Dell,3577,USD,32,512,specified,Intel Core Ultra 7 365,Intel Arc Graphics,Intel,Dell,Intel,InStock,"Dell Pro 7 Series 14 2-in-1 Laptop, Laptops. Intel Core Ultra 7 365 · 32 GB RAM · 512 GB · Intel Arc Graphics · from $3,577. Specs, configurations, and where to buy on Plug PCs.",https://plugpcs.com/p/dell/dell-pro-7-series-14-2-in-1-laptop-p704260-fixed-61,,,laptops,p704260_fixed_61,specified,https://schema.org/InStock,https://www.dell.com/en-us/shop/desktop-computers/dellpro7142in1p704260/spd/dellpro7142in1p704260/p704260_fixed_61?redirectTo=SOC
Dell Pro 7 Series 14 2-in-1 Laptop,Dell,2362,USD,16,512,specified,AMD Ryzen AI 5 435,,Unknown,Dell,AMD,InStock,"Dell Pro 7 Series 14 2-in-1 Laptop, Laptops. AMD Ryzen AI 5 435 · 16 GB RAM · 512 GB · from $2,362. Specs, configurations, and where to buy on Plug PCs.",https://plugpcs.com/p/dell/dell-pro-7-series-14-2-in-1-laptop-p704265-reg-01,,,laptops,p704265_reg_01,specified,https://schema.org/InStock,https://www.dell.com/en-us/shop/desktop-computers/dellpro7142in1p704265/spd/dellpro7142in1p704265/p704265_reg_01?redirectTo=SOC
Dell Pro 7 Series 14 2-in-1 Laptop,Dell,2539.19,USD,16,512,specified,Intel Core Ultra 5 335,,Unknown,Dell,Intel,InStock,"Dell Pro 7 Series 14 2-in-1 Laptop, Laptops. Intel Core Ultra 5 335 · 16 GB RAM · 512 GB · from $2,539.19. Specs, configurations, and where to buy on Plug PCs.",https://plugpcs.com/p/dell/dell-pro-7-series-14-2-in-1-laptop-xcto-p704260-usx,,,laptops,xcto_p704260_usx,specified,https://schema.org/InStock,https://www.dell.com/en-us/shop/dell-laptops/dell-pro-p704260-2-in-1-laptop/spd/dell-pro-p704260-2-in-1-laptop/xcto_p704260_usx?redirectTo=SOC
Dell Pro 7 Series 14 2-in-1 Laptop,Dell,2987.31,USD,16,512,specified,Intel Core Ultra 7 365,,Unknown,Dell,Intel,InStock,"Dell Pro 7 Series 14 2-in-1 Laptop, Laptops. Intel Core Ultra 7 365 · 16 GB RAM · 512 GB · from $2,987.31. Specs, configurations, and where to buy on Plug PCs.",https://plugpcs.com/p/dell/dell-pro-7-series-14-2-in-1-laptop-xcto-p704260-usx-ie,,,laptops,xcto_p704260_usx_ie,specified,https://schema.org/InStock,https://www.dell.com/en-us/shop/dell-laptops/dell-pro-p704260-2-in-1-laptop/spd/dell-pro-p704260-2-in-1-laptop/xcto_p704260_usx_ie?redirectTo=SOC
Dell Pro 7 Series 14 2-in-1 Laptop,Dell,2322.96,USD,16,512,specified,AMD Ryzen AI 5 435,AMD Radeon 840M,AMD,Dell,AMD,InStock,"Dell Pro 7 Series 14 2-in-1 Laptop, Laptops. AMD Ryzen AI 5 435 · 16 GB RAM · 512 GB · AMD Radeon 840M · from $2,322.96. Specs, configurations, and where to buy on Plug PCs.",https://plugpcs.com/p/dell/dell-pro-7-series-14-2-in-1-laptop-xcto-p704265-usx,,,laptops,xcto_p704265_usx,specified,https://schema.org/InStock,https://www.dell.com/en-us/shop/dell-laptops/dell-pro-p704265-2-in-1-laptop/spd/dell-pro-p704265-2-in-1-laptop/xcto_p704265_usx?redirectTo=SOC
Dell Pro 7 Series 14 2-in-1 Laptop,Dell,2423.79,USD,16,512,specified,AMD Ryzen AI 5 435,AMD Radeon 840M,AMD,Dell,AMD,InStock,"Dell Pro 7 Series 14 2-in-1 Laptop, Laptops. AMD Ryzen AI 5 435 · 16 GB RAM · 512 GB · AMD Radeon 840M · from $2,423.79. Specs, configurations, and where to buy on Plug PCs.",https://plugpcs.com/p/dell/dell-pro-7-series-14-2-in-1-laptop-xcto-p704265-usx-ie,,,laptops,xcto_p704265_usx_ie,specified,https://schema.org/InStock,https://www.dell.com/en-us/shop/dell-laptops/dell-pro-p704265-2-in-1-laptop/spd/dell-pro-p704265-2-in-1-laptop/xcto_p704265_usx_ie?redirectTo=SOC
Dell Pro 7 Series 14 Laptop,Dell,2773.19,USD,32,512,specified,Intel Core Ultra 5 335,Intel Arc Graphics,Intel,Dell,Intel,InStock,"Dell Pro 7 Series 14 Laptop, Laptops. Intel Core Ultra 5 335 · 32 GB RAM · 512 GB · Intel Arc Graphics · from $2,773.19. Specs, configurations, and where to buy on Plug PCs.",https://plugpcs.com/p/dell/dell-pro-7-series-14-laptop,,,laptops,bts001_p714260_usx,specified,https://schema.org/InStock,https://www.dell.com/en-us/shop/dell-laptops/dell-pro-p714260-laptop/spd/dell-pro-p714260-laptop/bts001_p714260_usx?redirectTo=SOC
Dell Pro 7 Series 14 Laptop,Dell,2609.15,USD,16,512,specified,AMD Ryzen AI 5 435,,Unknown,Dell,AMD,InStock,"Dell Pro 7 Series 14 Laptop, Laptops. AMD Ryzen AI 5 435 · 16 GB RAM · 512 GB · from $2,609.15. Specs, configurations, and where to buy on Plug PCs.",https://plugpcs.com/p/dell/dell-pro-7-series-14-laptop-bts001-p714265-usx,,,laptops,bts001_p714265_usx,specified,https://schema.org/InStock,https://www.dell.com/en-us/shop/dell-laptops/dell-pro-p714265-laptop/spd/dell-pro-p714265-laptop/bts001_p714265_usx?redirectTo=SOC
Dell Pro 7 Series 14 Laptop,Dell,2866,USD,32,512,specified,Intel Core Ultra 5 335,Intel Arc Graphics,Intel,Dell,Intel,InStock,"Dell Pro 7 Series 14 Laptop, Laptops. Intel Core Ultra 5 335 · 32 GB RAM · 512 GB · Intel Arc Graphics · from $2,866. Specs, configurations, and where to buy on Plug PCs.",https://plugpcs.com/p/dell/dell-pro-7-series-14-laptop-p714260-fixed-61,,,laptops,p714260_fixed_61,specified,https://schema.org/InStock,https://www.dell.com/en-us/shop/desktop-computers/dellpro714p714260/spd/dellpro714p714260/p714260_fixed_61?redirectTo=SOC
Dell Pro 7 Series 14 Laptop,Dell,2203.1,USD,16,512,specified,Intel Core Ultra 5 335,,Unknown,Dell,Intel,InStock,"Dell Pro 7 Series 14 Laptop, Laptops. Intel Core Ultra 5 335 · 16 GB RAM · 512 GB · from $2,203.10. Specs, configurations, and where to buy on Plug PCs.",https://plugpcs.com/p/dell/dell-pro-7-series-14-laptop-xcto-p714260-cs-usx,,,laptops,xcto_p714260_cs_usx,specified,https://schema.org/InStock,https://www.dell.com/en-us/shop/dell-laptops/dell-pro-p714260-laptop/spd/dell-pro-p714260-laptop/xcto_p714260_cs_usx?redirectTo=SOC
Dell Pro 7 Series 14 Laptop,Dell,2651.22,USD,16,512,specified,Intel Core Ultra 7 365,,Unknown,Dell,Intel,InStock,"Dell Pro 7 Series 14 Laptop, Laptops. Intel Core Ultra 7 365 · 16 GB RAM · 512 GB · from $2,651.22. Specs, configurations, and where to buy on Plug PCs.",https://plugpcs.com/p/dell/dell-pro-7-series-14-laptop-xcto-p714260-cs-usx-ie,,,laptops,xcto_p714260_cs_usx_ie,specified,https://schema.org/InStock,https://www.dell.com/en-us/shop/dell-laptops/dell-pro-p714260-laptop/spd/dell-pro-p714260-laptop/xcto_p714260_cs_usx_ie?redirectTo=SOC
Dell Pro 7 Series 14 Laptop,Dell,2098.9,USD,16,512,specified,AMD Ryzen AI 5 435,AMD Radeon 840M,AMD,Dell,AMD,InStock,"Dell Pro 7 Series 14 Laptop, Laptops. AMD Ryzen AI 5 435 · 16 GB RAM · 512 GB · AMD Radeon 840M · from $2,098.90. Specs, configurations, and where to buy on Plug PCs.",https://plugpcs.com/p/dell/dell-pro-7-series-14-laptop-xcto-p714265-usx,,,laptops,xcto_p714265_usx,specified,https://schema.org/InStock,https://www.dell.com/en-us/shop/dell-laptops/dell-pro-p714265-laptop/spd/dell-pro-p714265-laptop/xcto_p714265_usx?redirectTo=SOC
Dell Pro 7 Series 14 Laptop,Dell,2199.73,USD,16,512,specified,AMD Ryzen AI 5 435,AMD Radeon 840M,AMD,Dell,AMD,InStock,"Dell Pro 7 Series 14 Laptop, Laptops. AMD Ryzen AI 5 435 · 16 GB RAM · 512 GB · AMD Radeon 840M · from $2,199.73. Specs, configurations, and where to buy on Plug PCs.",https://plugpcs.com/p/dell/dell-pro-7-series-14-laptop-xcto-p714265-usx-ie,,,laptops,xcto_p714265_usx_ie,specified,https://schema.org/InStock,https://www.dell.com/en-us/shop/dell-laptops/dell-pro-p714265-laptop/spd/dell-pro-p714265-laptop/xcto_p714265_usx_ie?redirectTo=SOC
Dell Pro Education 11 Laptop or 2-in-1,Dell,778.95,USD,4,128,specified,Intel N150,Intel UHD Graphics,Intel,Dell,Intel,InStock,"Dell Pro Education 11 Laptop or 2-in-1, Laptops. Intel N150 · 4 GB RAM · 128 GB · Intel UHD Graphics · from $778.95. Specs, configurations, and where to buy on Plug PCs.",https://plugpcs.com/p/dell/dell-pro-education-11-laptop-or-2-in-1,,,laptops,xcto_pe11260_usx,specified,https://schema.org/InStock,https://www.dell.com/en-us/shop/dell-laptops/dell-pro-pe11260-education-2-in-1-laptop/spd/dell-pro-pe11260-education-2-in-1-laptop/xcto_pe11260_usx?redirectTo=SOC
Dell Pro Education 14 Laptop,Dell,889.01,USD,8,128,specified,Intel N150,Intel UHD Graphics,Intel,Dell,Intel,InStock,"Dell Pro Education 14 Laptop, Laptops. Intel N150 · 8 GB RAM · 128 GB · Intel UHD Graphics · from $889.01. Specs, configurations, and where to buy on Plug PCs.",https://plugpcs.com/p/dell/dell-pro-education-14-laptop,,,laptops,xcto_pe14260_usx,specified,https://schema.org/InStock,https://www.dell.com/en-us/shop/dell-laptops/dell-pro-pe14260-education-laptop/spd/dell-pro-pe14260-education-laptop/xcto_pe14260_usx?redirectTo=SOC
Dell Pro Max 14 Laptop,Dell,2323,USD,16,256,specified,AMD Ryzen AI 5 340,,Unknown,Dell,AMD,InStock,"Dell Pro Max 14 Laptop, Laptops. AMD Ryzen AI 5 340 · 16 GB RAM · 256 GB · from $2,323. Specs, configurations, and where to buy on Plug PCs.",https://plugpcs.com/p/dell/dell-pro-max-14-laptop-mc14255-reg-01,,,laptops,mc14255_reg_01,specified,https://schema.org/InStock,https://www.dell.com/en-us/shop/dell-laptops/dellpromax14laptopmc14255/spd/dellpromax14laptopmc14255/mc14255_reg_01?redirectTo=SOC
Dell Pro Max 14 Laptop,Dell,1934.97,USD,16,256,specified,AMD Ryzen AI 5 340,,Unknown,Dell,AMD,InStock,"Dell Pro Max 14 Laptop, Laptops. AMD Ryzen AI 5 340 · 16 GB RAM · 256 GB · from $1,934.97. Specs, configurations, and where to buy on Plug PCs.",https://plugpcs.com/p/dell/dell-pro-max-14-laptop-xcto-mc14255-usx,,,laptops,xcto_mc14255_usx,specified,https://schema.org/InStock,https://www.dell.com/en-us/shop/dell-laptops/dell-pro-max-mc14255-laptop/spd/dell-pro-max-mc14255-laptop/xcto_mc14255_usx?redirectTo=SOC
Dell Pro Max 16 Laptop,Dell,4012.07,USD,32,1024,specified,Intel Core Ultra 7 255H,Intel Arc /Arc Pro,Intel,Dell,Intel,InStock,"Dell Pro Max 16 Laptop, Laptops. Intel Core Ultra 7 255H · 32 GB RAM · 1 TB · Intel Arc /Arc Pro · from $4,012.07. Specs, configurations, and where to buy on Plug PCs.",https://plugpcs.com/p/dell/dell-pro-max-16-laptop-bts105-mc16250-usx,,,laptops,bts105_mc16250_usx,specified,https://schema.org/InStock,https://www.dell.com/en-us/shop/dell-laptops/dell-pro-max-mc16250-laptop/spd/dell-pro-max-mc16250-laptop/bts105_mc16250_usx?redirectTo=SOC
Dell Pro Max 16 Laptop,Dell,5320.06,USD,32,1024,specified,Intel Core Ultra 9 285H,NVIDIA RTX PRO 2000,NVIDIA,Dell,Intel,InStock,"Dell Pro Max 16 Laptop, Laptops. Intel Core Ultra 9 285H · 32 GB RAM · 1 TB · NVIDIA RTX PRO 2000 · from $5,320.06. Specs, configurations, and where to buy on Plug PCs.",https://plugpcs.com/p/dell/dell-pro-max-16-laptop-bts115-mc16250-usx,,,laptops,bts115_mc16250_usx,specified,https://schema.org/InStock,https://www.dell.com/en-us/shop/dell-laptops/dell-pro-max-mc16250-laptop/spd/dell-pro-max-mc16250-laptop/bts115_mc16250_usx?redirectTo=SOC
Dell Pro Max 16 Laptop,Dell,3498.31,USD,16,512,specified,Intel Core Ultra 7 255H,NVIDIA RTX PRO 500,NVIDIA,Dell,Intel,InStock,"Dell Pro Max 16 Laptop, Laptops. Intel Core Ultra 7 255H · 16 GB RAM · 512 GB · NVIDIA RTX PRO 500 · from $3,498.31. Specs, configurations, and where to buy on Plug PCs.",https://plugpcs.com/p/dell/dell-pro-max-16-laptop-bts117-mc16250-usx,,,laptops,bts117_mc16250_usx,specified,https://schema.org/InStock,https://www.dell.com/en-us/shop/dell-laptops/dell-pro-max-mc16250-laptop/spd/dell-pro-max-mc16250-laptop/bts117_mc16250_usx?redirectTo=SOC
Dell Pro Max 16 Laptop,Dell,2333,USD,16,256,specified,AMD Ryzen AI 5 340,AMD Radeon 840M,AMD,Dell,AMD,InStock,"Dell Pro Max 16 Laptop, Laptops. AMD Ryzen AI 5 340 · 16 GB RAM · 256 GB · AMD Radeon 840M · from $2,333. Specs, configurations, and where to buy on Plug PCs.",https://plugpcs.com/p/dell/dell-pro-max-16-laptop-mc16255-reg-01,,,laptops,mc16255_reg_01,specified,https://schema.org/InStock,https://www.dell.com/en-us/shop/dell-laptops/dellpromax16laptopmc16255/spd/dellpromax16laptopmc16255/mc16255_reg_01?redirectTo=SOC
Dell Pro Max 16 Plus Laptop,Dell,10760.36,USD,64,2048,specified,Intel Core Ultra 9 285HX,,Unknown,Dell,Intel,InStock,"Dell Pro Max 16 Plus Laptop, Laptops. Intel Core Ultra 9 285HX · 64 GB RAM · 2 TB · Qualcomm AIC100 PC Inference Card · from $10,760.36. Specs, configurations, and where to buy on Plug PCs.",https://plugpcs.com/p/dell/dell-pro-max-16-plus-laptop-bto111-mb16250rs-usx,,,laptops,bto111_mb16250rs_usx,specified,https://schema.org/InStock,https://www.dell.com/en-us/shop/dell-laptops/dell-pro-max-mb16250-laptop/spd/dell-pro-max-mb16250-laptop/bto111_mb16250rs_usx?redirectTo=SOC
Dell Pro Max 16 Plus Laptop,Dell,17430.36,USD,128,4096,specified,Intel Core Ultra 9 285HX,,Unknown,Dell,Intel,InStock,"Dell Pro Max 16 Plus Laptop, Laptops. Intel Core Ultra 9 285HX · 128 GB RAM · 4 TB · Qualcomm AIC100 PC Inference Card · from $17,430.36. Specs, configurations, and where to buy on Plug PCs.",https://plugpcs.com/p/dell/dell-pro-max-16-plus-laptop-bto112-mb16250rs-usx,,,laptops,bto112_mb16250rs_usx,specified,https://schema.org/InStock,https://www.dell.com/en-us/shop/dell-laptops/dell-pro-max-mb16250-laptop/spd/dell-pro-max-mb16250-laptop/bto112_mb16250rs_usx?redirectTo=SOC
Dell Pro Max 16 Plus Laptop,Dell,3597.14,USD,32,512,specified,Intel Core Ultra 7 265HX,NVIDIA RTX PRO 1000,NVIDIA,Dell,Intel,InStock,"Dell Pro Max 16 Plus Laptop, Laptops. Intel Core Ultra 7 265HX · 32 GB RAM · 512 GB · NVIDIA RTX PRO 1000 · from $3,597.14. Specs, configurations, and where to buy on Plug PCs.",https://plugpcs.com/p/dell/dell-pro-max-16-plus-laptop-bts101-mb16250-usx,,,laptops,bts101_mb16250_usx,specified,https://schema.org/InStock,https://www.dell.com/en-us/shop/dell-laptops/dell-pro-max-mb16250-laptop/spd/dell-pro-max-mb16250-laptop/bts101_mb16250_usx?redirectTo=SOC
Dell Pro Max 16 Plus Laptop,Dell,5679.5,USD,32,512,specified,Intel Core Ultra 7 265HX,NVIDIA RTX PRO 2000,NVIDIA,Dell,Intel,InStock,"Dell Pro Max 16 Plus Laptop, Laptops. Intel Core Ultra 7 265HX · 32 GB RAM · 512 GB · NVIDIA RTX PRO 2000 · from $5,679.50. Specs, configurations, and where to buy on Plug PCs.",https://plugpcs.com/p/dell/dell-pro-max-16-plus-laptop-bts103-mb16250-usx,,,laptops,bts103_mb16250_usx,specified,https://schema.org/InStock,https://www.dell.com/en-us/shop/dell-laptops/dell-pro-max-mb16250-laptop/spd/dell-pro-max-mb16250-laptop/bts103_mb16250_usx?redirectTo=SOC
Dell Pro Max 16 Plus Laptop,Dell,6118.35,USD,32,1024,specified,Intel Core Ultra 7 265HX,NVIDIA RTX PRO 2000,NVIDIA,Dell,Intel,InStock,"Dell Pro Max 16 Plus Laptop, Laptops. Intel Core Ultra 7 265HX · 32 GB RAM · 1 TB · NVIDIA RTX PRO 2000 · from $6,118.35. Specs, configurations, and where to buy on Plug PCs.",https://plugpcs.com/p/dell/dell-pro-max-16-plus-laptop-bts104-mb16250-usx,,,laptops,bts104_mb16250_usx,specified,https://schema.org/InStock,https://www.dell.com/en-us/shop/dell-laptops/dell-pro-max-mb16250-laptop/spd/dell-pro-max-mb16250-laptop/bts104_mb16250_usx?redirectTo=SOC
Dell Pro Max 16 Plus Laptop,Dell,8117.65,USD,64,1024,specified,Intel Core Ultra 9 285HX,NVIDIA RTX PRO 3000,NVIDIA,Dell,Intel,InStock,"Dell Pro Max 16 Plus Laptop, Laptops. Intel Core Ultra 9 285HX · 64 GB RAM · 1 TB · NVIDIA RTX PRO 3000 · from $8,117.65. Specs, configurations, and where to buy on Plug PCs.",https://plugpcs.com/p/dell/dell-pro-max-16-plus-laptop-bts108-mb16250-usx,,,laptops,bts108_mb16250_usx,specified,https://schema.org/InStock,https://www.dell.com/en-us/shop/dell-laptops/dell-pro-max-mb16250-laptop/spd/dell-pro-max-mb16250-laptop/bts108_mb16250_usx?redirectTo=SOC
Dell Pro Max 16 Premium Laptop,Dell,6123,USD,32,1024,specified,Intel Core Ultra 9 285H,NVIDIA RTX PRO 2000,NVIDIA,Dell,Intel,InStock,"Dell Pro Max 16 Premium Laptop, Laptops. Intel Core Ultra 9 285H · 32 GB RAM · 1 TB · NVIDIA RTX PRO 2000 · from $6,123. Specs, configurations, and where to buy on Plug PCs.",https://plugpcs.com/p/dell/dell-pro-max-16-premium-laptop-ma16250-fixed-01,,,laptops,ma16250_fixed_01,specified,https://schema.org/InStock,https://www.dell.com/en-us/shop/dell-laptops/dellpromaxpremium16laptopma16250/spd/dellpromaxpremium16laptopma16250/ma16250_fixed_01?redirectTo=SOC
Dell Pro Max 16 Premium Laptop,Dell,5316.93,USD,64,512,specified,Intel Core Ultra 7 265H,Intel Arc /Arc Pro,Intel,Dell,Intel,InStock,"Dell Pro Max 16 Premium Laptop, Laptops. Intel Core Ultra 7 265H · 64 GB RAM · 512 GB · Intel Arc /Arc Pro · from $5,316.93. Specs, configurations, and where to buy on Plug PCs.",https://plugpcs.com/p/dell/dell-pro-max-16-premium-laptop-xcto-ma16250-usx,,,laptops,xcto_ma16250_usx,specified,https://schema.org/InStock,https://www.dell.com/en-us/shop/dell-laptops/dell-pro-max-ma16250-laptop/spd/dell-pro-max-ma16250-laptop/xcto_ma16250_usx?redirectTo=SOC
Dell Pro Precision 5 Series 14 Laptop,Dell,2794.81,USD,32,512,specified,Intel Core Ultra 7 366H,,Unknown,Dell,Intel,InStock,"Dell Pro Precision 5 Series 14 Laptop, Laptops. Intel Core Ultra 7 366H · 32 GB RAM · 512 GB · from $2,794.81. Specs, configurations, and where to buy on Plug PCs.",https://plugpcs.com/p/dell/dell-pro-precision-5-series-14-laptop,,,laptops,xcto_pw514261_usx,specified,https://schema.org/InStock,https://www.dell.com/en-us/shop/dell-laptops/dell-pro-precision-pw514261-laptop/spd/dell-pro-precision-pw514261-laptop/xcto_pw514261_usx?redirectTo=SOC
Dell Pro Precision 5 Series 14S Laptop,Dell,2016.49,USD,16,256,specified,Intel Core Ultra 5 336H,Intel Arc Graphics,Intel,Dell,Intel,InStock,"Dell Pro Precision 5 Series 14S Laptop, Laptops. Intel Core Ultra 5 336H · 16 GB RAM · 256 GB · Intel Arc Graphics · from $2,016.49. Specs, configurations, and where to buy on Plug PCs.",https://plugpcs.com/p/dell/dell-pro-precision-5-series-14s-laptop-bts001-pw514260-usx,,,laptops,bts001_pw514260_usx,specified,https://schema.org/InStock,https://www.dell.com/en-us/shop/dell-laptops/dell-pro-precision-pw514260-laptop/spd/dell-pro-precision-pw514260-laptop/bts001_pw514260_usx?redirectTo=SOC
Dell Pro Precision 5 Series 14S Laptop,Dell,3510.4,USD,32,512,specified,Intel Core Ultra 5 338H,Intel Arc /Arc Pro,Intel,Dell,Intel,InStock,"Dell Pro Precision 5 Series 14S Laptop, Laptops. Intel Core Ultra 5 338H · 32 GB RAM · 512 GB · Intel Arc /Arc Pro · from $3,510.40. Specs, configurations, and where to buy on Plug PCs.",https://plugpcs.com/p/dell/dell-pro-precision-5-series-14s-laptop,,,laptops,bts002_pw514260_usx,specified,https://schema.org/InStock,https://www.dell.com/en-us/shop/dell-laptops/dell-pro-precision-pw514260-laptop/spd/dell-pro-precision-pw514260-laptop/bts002_pw514260_usx?redirectTo=SOC
Dell Pro Precision 5 Series 14S Laptop,Dell,3774.78,USD,32,512,specified,Intel Core Ultra 7 366H,Intel Arc /Arc Pro,Intel,Dell,Intel,InStock,"Dell Pro Precision 5 Series 14S Laptop, Laptops. Intel Core Ultra 7 366H · 32 GB RAM · 512 GB · Intel Arc /Arc Pro · from $3,774.78. Specs, configurations, and where to buy on Plug PCs.",https://plugpcs.com/p/dell/dell-pro-precision-5-series-14s-laptop-bts003-pw514260-usx,,,laptops,bts003_pw514260_usx,specified,https://schema.org/InStock,https://www.dell.com/en-us/shop/dell-laptops/dell-pro-precision-pw514260-laptop/spd/dell-pro-precision-pw514260-laptop/bts003_pw514260_usx?redirectTo=SOC
Dell Pro Precision 5 Series 14S Laptop,Dell,2402,USD,16,256,specified,AMD Ryzen AI 5 435,,Unknown,Dell,AMD,InStock,"Dell Pro Precision 5 Series 14S Laptop, Laptops. AMD Ryzen AI 5 435 · 16 GB RAM · 256 GB · from $2,402. Specs, configurations, and where to buy on Plug PCs.",https://plugpcs.com/p/dell/dell-pro-precision-5-series-14s-laptop-pw514265-reg-01,,,laptops,pw514265_reg_01,specified,https://schema.org/InStock,https://www.dell.com/en-us/shop/desktop-computers/dellproprecision514spw514265/spd/dellproprecision514spw514265/pw514265_reg_01?redirectTo=SOC
Dell Pro Precision 5 Series 14S Laptop,Dell,2593.42,USD,16,256,specified,Intel Core Ultra 5 336H,Intel Arc /Arc Pro,Intel,Dell,Intel,InStock,"Dell Pro Precision 5 Series 14S Laptop, Laptops. Intel Core Ultra 5 336H · 16 GB RAM · 256 GB · Intel Arc /Arc Pro · from $2,593.42. Specs, configurations, and where to buy on Plug PCs.",https://plugpcs.com/p/dell/dell-pro-precision-5-series-14s-laptop-xcto-pw514260-usx,,,laptops,xcto_pw514260_usx,specified,https://schema.org/InStock,https://www.dell.com/en-us/shop/dell-laptops/dell-pro-precision-pw514260-laptop/spd/dell-pro-precision-pw514260-laptop/xcto_pw514260_usx?redirectTo=SOC
Dell Pro Precision 5 Series 14S Laptop,Dell,2593.42,USD,16,256,specified,Intel Core Ultra 5 336H,Intel Arc /Arc Pro,Intel,Dell,Intel,InStock,"Dell Pro Precision 5 Series 14S Laptop, Laptops. Intel Core Ultra 5 336H · 16 GB RAM · 256 GB · Intel Arc /Arc Pro · from $2,593.42. Specs, configurations, and where to buy on Plug PCs.",https://plugpcs.com/p/dell/dell-pro-precision-5-series-14s-laptop-xcto-pw514260-usxse,,,laptops,xcto_pw514260_usxse,specified,https://schema.org/InStock,https://www.dell.com/en-us/shop/dell-laptops/dell-pro-precision-pw514260-laptop/spd/dell-pro-precision-pw514260-laptop/xcto_pw514260_usxse?redirectTo=SOC
Dell Pro Precision 5 Series 14S Laptop,Dell,2085.17,USD,16,256,specified,AMD Ryzen AI 5 435,,Unknown,Dell,AMD,InStock,"Dell Pro Precision 5 Series 14S Laptop, Laptops. AMD Ryzen AI 5 435 · 16 GB RAM · 256 GB · from $2,085.17. Specs, configurations, and where to buy on Plug PCs.",https://plugpcs.com/p/dell/dell-pro-precision-5-series-14s-laptop-xcto-pw514265-usx,,,laptops,xcto_pw514265_usx,specified,https://schema.org/InStock,https://www.dell.com/en-us/shop/dell-laptops/dell-pro-precision-pw514265-laptop/spd/dell-pro-precision-pw514265-laptop/xcto_pw514265_usx?redirectTo=SOC
Dell Pro Precision 5 Series 16 Laptop,Dell,2816.24,USD,32,512,specified,Intel Core Ultra 7 366H,,Unknown,Dell,Intel,InStock,"Dell Pro Precision 5 Series 16 Laptop, Laptops. Intel Core Ultra 7 366H · 32 GB RAM · 512 GB · from $2,816.24. Specs, configurations, and where to buy on Plug PCs.",https://plugpcs.com/p/dell/dell-pro-precision-5-series-16-laptop,,,laptops,xcto_pw516261_usx,specified,https://schema.org/InStock,https://www.dell.com/en-us/shop/dell-laptops/dell-pro-precision-pw516261-laptop/spd/dell-pro-precision-pw516261-laptop/xcto_pw516261_usx?redirectTo=SOC
Dell Pro Precision 5 Series 16S Laptop,Dell,2604.6,USD,16,256,specified,Intel Core Ultra 5 336H,,Unknown,Dell,Intel,InStock,"Dell Pro Precision 5 Series 16S Laptop, Laptops. Intel Core Ultra 5 336H · 16 GB RAM · 256 GB · from $2,604.60. Specs, configurations, and where to buy on Plug PCs.",https://plugpcs.com/p/dell/dell-pro-precision-5-series-16s-laptop,,,laptops,xcto_pw516260_usx,specified,https://schema.org/InStock,https://www.dell.com/en-us/shop/dell-laptops/dell-pro-precision-pw516260-laptop/spd/dell-pro-precision-pw516260-laptop/xcto_pw516260_usx?redirectTo=SOC
Dell Pro Precision 5 Series 16S Laptop,Dell,2604.6,USD,16,256,specified,Intel Core Ultra 5 336H,Intel Arc /Arc Pro,Intel,Dell,Intel,InStock,"Dell Pro Precision 5 Series 16S Laptop, Laptops. Intel Core Ultra 5 336H · 16 GB RAM · 256 GB · Intel Arc /Arc Pro · from $2,604.60. Specs, configurations, and where to buy on Plug PCs.",https://plugpcs.com/p/dell/dell-pro-precision-5-series-16s-laptop-xcto-pw516260-usxse2,,,laptops,xcto_pw516260_usxse2,specified,https://schema.org/InStock,https://www.dell.com/en-us/shop/dell-laptops/dell-pro-precision-pw516260-laptop/spd/dell-pro-precision-pw516260-laptop/xcto_pw516260_usxse2?redirectTo=SOC
Dell Pro Precision 5 Series 16S Laptop,Dell,2118.7,USD,32,512,specified,AMD Ryzen AI 7 450,,Unknown,Dell,AMD,InStock,"Dell Pro Precision 5 Series 16S Laptop, Laptops. AMD Ryzen AI 7 450 · 32 GB RAM · 512 GB · from $2,118.70. Specs, configurations, and where to buy on Plug PCs.",https://plugpcs.com/p/dell/dell-pro-precision-5-series-16s-laptop-xcto-pw516265-usx,,,laptops,xcto_pw516265_usx,specified,https://schema.org/InStock,https://www.dell.com/en-us/shop/dell-laptops/dell-pro-precision-pw516265-laptop/spd/dell-pro-precision-pw516265-laptop/xcto_pw516265_usx?redirectTo=SOC
Dell Pro Precision 7 Series 14 Laptop,Dell,5603.26,USD,16,256,specified,Intel Core Ultra 7 356H,Intel Arc/Arc Pro,Intel,Dell,Intel,InStock,"Dell Pro Precision 7 Series 14 Laptop, Laptops. Intel Core Ultra 7 356H · 16 GB RAM · 256 GB · Intel Arc/Arc Pro · from $5,603.26. Specs, configurations, and where to buy on Plug PCs.",https://plugpcs.com/p/dell/dell-pro-precision-7-series-14-laptop,,,laptops,xcto_pw714260_usx,specified,https://schema.org/InStock,https://www.dell.com/en-us/shop/dell-laptops/dell-pro-precision-pw714260-laptop/spd/dell-pro-precision-pw714260-laptop/xcto_pw714260_usx?redirectTo=SOC
Dell Pro Precision 7 Series 16 Laptop,Dell,3665,USD,16,512,specified,Intel Core Ultra 7 356H,Intel Arc/Arc Pro,Intel,Dell,Intel,InStock,"Dell Pro Precision 7 Series 16 Laptop, Laptops. Intel Core Ultra 7 356H · 16 GB RAM · 512 GB · Intel Arc/Arc Pro · from $3,665. Specs, configurations, and where to buy on Plug PCs.",https://plugpcs.com/p/dell/dell-pro-precision-7-series-16-laptop-pw716260-reg-01,,,laptops,pw716260_reg_01,specified,https://schema.org/InStock,https://www.dell.com/en-us/shop/desktop-computers/dellproprecision716pw716260/spd/dellproprecision716pw716260/pw716260_reg_01?redirectTo=SOC
Dell Pro Precision 7 Series 16 Laptop,Dell,5461.51,USD,16,512,specified,Intel Core Ultra 7 356H,Intel Arc/Arc Pro,Intel,Dell,Intel,InStock,"Dell Pro Precision 7 Series 16 Laptop, Laptops. Intel Core Ultra 7 356H · 16 GB RAM · 512 GB · Intel Arc/Arc Pro · from $5,461.51. Specs, configurations, and where to buy on Plug PCs.",https://plugpcs.com/p/dell/dell-pro-precision-7-series-16-laptop,,,laptops,xcto_pw716260_usx,specified,https://schema.org/InStock,https://www.dell.com/en-us/shop/dell-laptops/dell-pro-precision-pw716260-laptop/spd/dell-pro-precision-pw716260-laptop/xcto_pw716260_usx?redirectTo=SOC
Dell Pro Rugged 13 Laptop,Dell,4812.64,USD,16,512,specified,Intel Core Ultra 5 135U,Intel Arc Graphics,Intel,Dell,Intel,InStock,"Dell Pro Rugged 13 Laptop, Laptops. Intel Core Ultra 5 135U · 16 GB RAM · 512 GB · Intel Arc Graphics · from $4,812.64. Specs, configurations, and where to buy on Plug PCs.",https://plugpcs.com/p/dell/dell-pro-rugged-13-laptop,,,laptops,bts001ra13250usx,specified,https://schema.org/InStock,https://www.dell.com/en-us/shop/dell-laptops/dell-pro-ra13250-rugged-laptop/spd/dell-pro-ra13250-rugged-laptop/bts001ra13250usx?redirectTo=SOC
Dell Pro Rugged 13 Laptop,Dell,4766.63,USD,16,256,specified,Intel Core Ultra 5 135U,,Unknown,Dell,Intel,InStock,"Dell Pro Rugged 13 Laptop, Laptops. Intel Core Ultra 5 135U · 16 GB RAM · 256 GB · from $4,766.63. Specs, configurations, and where to buy on Plug PCs.",https://plugpcs.com/p/dell/dell-pro-rugged-13-laptop-xctora13250usx,,,laptops,xctora13250usx,specified,https://schema.org/InStock,https://www.dell.com/en-us/shop/dell-laptops/dell-pro-ra13250-rugged-laptop/spd/dell-pro-ra13250-rugged-laptop/xctora13250usx?redirectTo=SOC
Dell Pro Rugged 14 Laptop,Dell,3210.14,USD,16,512,specified,Intel Core Ultra 5 135U,,Unknown,Dell,Intel,InStock,"Dell Pro Rugged 14 Laptop, Laptops. Intel Core Ultra 5 135U · 16 GB RAM · 512 GB · from $3,210.14. Specs, configurations, and where to buy on Plug PCs.",https://plugpcs.com/p/dell/dell-pro-rugged-14-laptop-bts006rb14250usx,,,laptops,bts006rb14250usx,specified,https://schema.org/InStock,https://www.dell.com/en-us/shop/dell-laptops/dell-pro-rb14250-rugged-laptop/spd/dell-pro-rb14250-rugged-laptop/bts006rb14250usx?redirectTo=SOC
Dell Pro Rugged 14 Laptop,Dell,3108.84,USD,16,512,specified,Intel Core Ultra 7 165U,,Unknown,Dell,Intel,InStock,"Dell Pro Rugged 14 Laptop, Laptops. Intel Core Ultra 7 165U · 16 GB RAM · 512 GB · from $3,108.84. Specs, configurations, and where to buy on Plug PCs.",https://plugpcs.com/p/dell/dell-pro-rugged-14-laptop-bts007rb14250usx,,,laptops,bts007rb14250usx,specified,https://schema.org/InStock,https://www.dell.com/en-us/shop/dell-laptops/dell-pro-rb14250-rugged-laptop/spd/dell-pro-rb14250-rugged-laptop/bts007rb14250usx?redirectTo=SOC
Dell Pro Rugged 14 Laptop,Dell,3501.46,USD,16,256,specified,Intel Core Ultra 5 125U,,Unknown,Dell,Intel,InStock,"Dell Pro Rugged 14 Laptop, Laptops. Intel Core Ultra 5 125U · 16 GB RAM · 256 GB · from $3,501.46. Specs, configurations, and where to buy on Plug PCs.",https://plugpcs.com/p/dell/dell-pro-rugged-14-laptop-xctorb14250usx,,,laptops,xctorb14250usx,specified,https://schema.org/InStock,https://www.dell.com/en-us/shop/dell-laptops/dell-pro-rb14250-rugged-laptop/spd/dell-pro-rb14250-rugged-laptop/xctorb14250usx?redirectTo=SOC
Dell Pro Rugged 14 Laptop,Dell,3501.46,USD,16,256,specified,Intel Core Ultra 5 125U,,Unknown,Dell,Intel,InStock,"Dell Pro Rugged 14 Laptop, Laptops. Intel Core Ultra 5 125U · 16 GB RAM · 256 GB · from $3,501.46. Specs, configurations, and where to buy on Plug PCs.",https://plugpcs.com/p/dell/dell-pro-rugged-14-laptop-xctorb14250usx-mbb,,,laptops,xctorb14250usx_mbb,specified,https://schema.org/InStock,https://www.dell.com/en-us/shop/dell-laptops/dell-pro-rb14250-rugged-laptop/spd/dell-pro-rb14250-rugged-laptop/xctorb14250usx_mbb?redirectTo=SOC
Dynabook E11-A Laptop,Dynabook,514,USD,8,128,specified,Intel N100,Intel UHD Graphics,Intel,Dynabook,Intel,InStock,"Dynabook E11-A Laptop, Laptops. Intel N100 · 8 GB RAM · 128 GB · Intel UHD Graphics · from $514. Specs, configurations, and where to buy on Plug PCs.",https://plugpcs.com/p/dynabook/11-6-dynabook-e11-a-laptop-intel-n100-8-gb-lpddr5-128-gb-emmc-edu11u-001003,,,laptops,,specified,https://schema.org/InStock,https://shop.us.dynabook.com/products/11-6-touch-dynabook-e11-a-laptop-intel®-n100-8-gb-lpddr5-128-gb-emmc-edu11u-001003
Dynabook E11W-A Convertible Laptop,Dynabook,564,USD,8,128,specified,Intel N100,Intel UHD Graphics,Intel,Dynabook,Intel,InStock,"Dynabook E11W-A Convertible Laptop, Laptops. Intel N100 · 8 GB RAM · 128 GB · Intel UHD Graphics · from $564. Specs, configurations, and where to buy on Plug PCs.",https://plugpcs.com/p/dynabook/11-6-dynabook-e11w-a-convertible-laptop-intel-n100-8-gb-lpddr5-128-gb-emmc-edu12,,,laptops,,specified,https://schema.org/InStock,https://shop.us.dynabook.com/products/11-6-dynabook-e11w-a-laptop-intel®-n100-8-gb-lpddr5-128-gb-emmc-edu12u-001001
Elemental 15 Intel Core 5 120U DDR5,Slimbook,848,EUR,64,4096,specified,Intel Core 5 120U,,Unknown,Slimbook,Intel,InStock,"Elemental 15 Intel Core 5 120U DDR5, Laptops. Intel Core 5 120U · 64 GB RAM · 4 TB · from ≈ $965. Specs, configurations, and where to buy on Plug PCs.",https://plugpcs.com/p/slimbook/elemental-15-intel-core-5-120u-ddr5,,,laptops,,specified,https://schema.org/InStock,https://slimbook.com/en/shop/product/elemental-15-intel-core-5-120u-ddr5-1950
EVO 14 AMD Ryzen AI9 365,Slimbook,1370,EUR,128,16384,specified,AMD Ryzen AI 9 365,AMD Radeon 880M,AMD,Slimbook,AMD,InStock,"EVO 14 AMD Ryzen AI9 365, Laptops. AMD Ryzen AI 9 365 · 128 GB RAM · 16 TB · AMD Radeon 880M · from ≈ $1,560. Specs, configurations, and where to buy on Plug PCs.",https://plugpcs.com/p/slimbook/evo-14-amd-ryzen-ai9-365,,,laptops,,specified,https://schema.org/InStock,https://slimbook.com/en/shop/product/evo-14-amd-ryzen-ai9-365-1845
Excalibur 16 AMD Ryzen AI9 365 Blue,Slimbook,1372,EUR,128,8192,specified,AMD Ryzen AI 9 365,AMD Radeon 880M,AMD,Slimbook,AMD,InStock,"Excalibur 16 AMD Ryzen AI9 365 Blue, Laptops. AMD Ryzen AI 9 365 · 128 GB RAM · 8 TB · AMD Radeon 880M · from ≈ $1,562. Specs, configurations, and where to buy on Plug PCs.",https://plugpcs.com/p/slimbook/excalibur-16-amd-ryzen-ai9-365-blue,,,laptops,,specified,https://schema.org/InStock,https://slimbook.com/en/shop/product/excalibur-16-amd-ryzen-ai9-365-blue-1880
"ExpertBook B1 (B1502, 13th Gen Intel)",ASUS,399.99,USD,16,512,specified,Intel Core i7 1355U,Intel UHD Graphics,Intel,ASUS,Intel,InStock,"ExpertBook B1 (B1502, 13th Gen Intel), Laptops. Intel Core i7 1355U · 16 GB RAM · 512 GB · Intel UHD Graphics · from $399.99. Specs, configurations, and where to buy on Plug PCs.",https://plugpcs.com/p/asus/expertbook-b1-b1502-13th-gen-intel,,,laptops,23626,specified,https://schema.org/InStock,https://www.asus.com/us/laptops/for-work/expertbook/expertbook-b1-b1502-13th-gen-intel/
ExpertBook B5 (B5404),ASUS,1299.99,USD,16,512,specified,Intel Core Ultra 7 155H,Intel Arc Graphics,Intel,ASUS,Intel,InStock,"ExpertBook B5 (B5404), Laptops. Intel Core Ultra 7 155H · 16 GB RAM · 512 GB · Intel Arc Graphics · from $1,299.99. Specs, configurations, and where to buy on Plug PCs.",https://plugpcs.com/p/asus/expertbook-b5-b5404,,,laptops,23938,specified,https://schema.org/InStock,https://www.asus.com/us/laptops/for-work/expertbook/expertbook-b5-b5404/
"ExpertBook B9 OLED (B9403, Series 1 intel)",ASUS,2069.99,USD,32,1024,specified,Intel Core 7 150U,Intel Graphics,Intel,ASUS,Intel,InStock,"ExpertBook B9 OLED (B9403, Series 1 intel), Laptops. Intel Core 7 150U · 32 GB RAM · 1 TB · Intel Graphics · from $2,069.99. Specs, configurations, and where to buy on Plug PCs.",https://plugpcs.com/p/asus/expertbook-b9-oled-b9403-series-1-intel,,,laptops,24043,specified,https://schema.org/InStock,https://www.asus.com/us/laptops/for-work/expertbook/expertbook-b9-oled-b9403-series-1-intel/
ExpertBook P1 (P1403),ASUS,879.99,USD,16,512,specified,Intel Core i7 13620H,Intel Graphics,Intel,ASUS,Intel,InStock,"ExpertBook P1 (P1403), Laptops. Intel Core i7 13620H · 16 GB RAM · 512 GB · Intel Graphics · from $879.99. Specs, configurations, and where to buy on Plug PCs.",https://plugpcs.com/p/asus/expertbook-p1-p1403,,,laptops,26526,specified,https://schema.org/InStock,https://www.asus.com/us/laptops/for-work/expertbook/expertbook-p1-p1403/
ExpertBook P1 (P1503),ASUS,1139.99,USD,16,512,specified,Intel Core i7 13620H,Intel Graphics,Intel,ASUS,Intel,InStock,"ExpertBook P1 (P1503), Laptops. Intel Core i7 13620H · 16 GB RAM · 512 GB · Intel Graphics · from $1,139.99. Specs, configurations, and where to buy on Plug PCs.",https://plugpcs.com/p/asus/expertbook-p1-p1503,,,laptops,26527,specified,https://schema.org/InStock,https://www.asus.com/us/laptops/for-work/expertbook/expertbook-p1-p1503/
ExpertBook P5 (P5405),ASUS,1199.99,USD,32,1024,specified,Intel Core Ultra 7 258V,Intel Arc 140V,Intel,ASUS,Intel,InStock,"ExpertBook P5 (P5405), Laptops. Intel Core Ultra 7 258V · 32 GB RAM · 1 TB · Intel Arc 140V · from $1,199.99. Specs, configurations, and where to buy on Plug PCs.",https://plugpcs.com/p/asus/expertbook-p5-p5405,,,laptops,26480,specified,https://schema.org/InStock,https://www.asus.com/us/laptops/for-work/expertbook/expertbook-p5-p5405/
Firebat Laptop U6C,FIREBAT,1550.97,USD,32,1024,specified,AMD Ryzen 7 H 255,AMD Radeon 780M,AMD,FIREBAT,AMD,InStock,"Firebat Laptop U6C, Laptops. AMD Ryzen 7 H 255 · 32 GB RAM · 1 TB · AMD Radeon 780M · from $1,550.97. Specs, configurations, and where to buy on Plug PCs.",https://plugpcs.com/p/firebat/firebat-slim-laptop-u6c-amd-ryzen-7-h255-lp-ram,,,laptops,,specified,https://schema.org/InStock,https://www.firebatpc.com/products/firebat-slim-laptop-u6c-amd-ryzen-7-h255
Framework Laptop 13 (AMD Ryzen AI 300 Series),Framework,1049,USD,16,256,specified,AMD Ryzen AI 5 340,AMD Radeon Graphics,AMD,Framework,AMD,InStock,"Framework Laptop 13 (AMD Ryzen AI 300 Series), Laptops. AMD Ryzen AI 5 340 · 16 GB RAM · 256 GB · AMD Radeon Graphics · from $1,049. Specs, configurations, and where to buy on Plug PCs.",https://plugpcs.com/p/framework/framework-laptop-13-amd-ryzen-ai-300-series,,,laptops,,specified,https://schema.org/InStock,https://frame.work/products/laptop13-amd-ai300
Framework Laptop 13 (Intel Core Ultra Series 1),Framework,999,USD,8,256,specified,Intel Core Ultra 5 125H,Intel Graphics,Intel,Framework,Intel,InStock,"Framework Laptop 13 (Intel Core Ultra Series 1), Laptops. Intel Core Ultra 5 125H · 8 GB RAM · 256 GB · Intel Graphics · from $999. Specs, configurations, and where to buy on Plug PCs.",https://plugpcs.com/p/framework/framework-laptop-13-intel-core-ultra-series-1,,,laptops,,specified,https://schema.org/InStock,https://frame.work/products/laptop13-intel-ultra-1
"FS 14.1""",VAIO,399.99,USD,8,512,specified,Intel Core i3 1215U,Intel UHD Graphics,Intel,VAIO,Intel,InStock,"FS 14.1"", Laptops. Intel Core i3 1215U · 8 GB RAM · 512 GB · Intel UHD Graphics · from $399.99. Specs, configurations, and where to buy on Plug PCs.",https://plugpcs.com/p/vaio/fs-14-1-windows-11-home-intel-core-i3-aluminum-certified-renewed,,,laptops,,specified,https://schema.org/InStock,https://us.vaio.com/products/fs-14-1-windows-11-home-intel®-core™-i3-aluminum-certified-renewed
"FS 14.1""",VAIO,699.99,USD,8,512,specified,Intel Core i3 1215U,Intel UHD Graphics,Intel,VAIO,Intel,InStock,"FS 14.1"", Laptops. Intel Core i3 1215U · 8 GB RAM · 512 GB · Intel UHD Graphics · from $699.99. Specs, configurations, and where to buy on Plug PCs.",https://plugpcs.com/p/vaio/fs-14-1-windows-11-home-intel-core-i3-aluminum,,,laptops,,specified,https://schema.org/InStock,https://us.vaio.com/products/vaio-fs-14-with-intel-core-i3-8gb-ram-512gb-ssd
"FS 14.1""",VAIO,769.99,USD,8,1024,specified,Intel Core i5 1235U,Intel Iris Xe Graphics,Intel,VAIO,Intel,InStock,"FS 14.1"", Laptops. Intel Core i5 1235U · 8 GB RAM · 1 TB · Intel Iris Xe Graphics · from $769.99. Specs, configurations, and where to buy on Plug PCs.",https://plugpcs.com/p/vaio/fs-14-1-windows-11-home-intel-core-i5-aluminum,,,laptops,,specified,https://schema.org/InStock,https://us.vaio.com/products/vaio-fx-14-with-intel-i5-8gb-ram-1tb-ssd
"FS 14"" Touch",VAIO,1199.99,USD,16,1024,specified,Intel Core Ultra 7 155H,Intel Arc Graphics 14,Intel,VAIO,Intel,InStock,"FS 14"" Touch, Laptops. Intel Core Ultra 7 155H · 16 GB RAM · 1 TB · Intel Arc Graphics 14 · from $1,199.99. Specs, configurations, and where to buy on Plug PCs.",https://plugpcs.com/p/vaio/fs-14-touch-windows-11-home-intel-core-ultra-7-aluminum,,,laptops,,specified,https://schema.org/InStock,https://us.vaio.com/products/vaio-f14-14-intel-core-i5-16gb-1tb-copy
"FS 16"" Touch",VAIO,1299.99,USD,16,1024,specified,Intel Core Ultra 7 155H,Intel Arc Graphics 16,Intel,VAIO,Intel,InStock,"FS 16"" Touch, Laptops. Intel Core Ultra 7 155H · 16 GB RAM · 1 TB · Intel Arc Graphics 16 · from $1,299.99. Specs, configurations, and where to buy on Plug PCs.",https://plugpcs.com/p/vaio/fs-16-touch-windows-11-home-intel-core-ultra-7-aluminum,,,laptops,,specified,https://schema.org/InStock,https://us.vaio.com/products/vaio-fs-14-touch-with-intel-core-ultra-7-copy
"Galaxy Book4 Edge, 15.6"", Snapdragon X processor, 512 GB, Sapphire Blue",Samsung,999.99,USD,16,512,specified,Snapdragon X,Qualcomm Adreno,Qualcomm,Samsung,Qualcomm,InStock,"Galaxy Book4 Edge, 15.6"", Snapdragon X processor, 512 GB, Sapphire Blue, Laptops. Snapdragon X · 16 GB RAM · 512 GB · Qualcomm Adreno · from $999.99. Specs, configurations, and where to buy on Plug PCs.",https://plugpcs.com/p/samsung/galaxy-book4-edge-15-6-snapdragon-x-processor-512-gb-sapphire-blue,,,laptops,,specified,https://schema.org/InStock,https://www.samsung.com/us/computers/galaxy-book/galaxy-book4-edge/
"Galaxy Book4 Pro Edge, 16.0"", Snapdragon X Elite X1E-84-100, 1 TB, Sapphire Blue",Samsung,2049.99,USD,16,1024,specified,Snapdragon X Elite X1E-84-100,Qualcomm Adreno,Qualcomm,Samsung,Qualcomm,InStock,"Galaxy Book4 Pro Edge, 16.0"", Snapdragon X Elite X1E-84-100, 1 TB, Sapphire Blue, Laptops. Snapdragon X Elite X1E-84-100 · 16 GB RAM · 1 TB · Qualcomm Adreno · from $2,049.99. Specs, configurations, and where to buy on Plug PCs.",https://plugpcs.com/p/samsung/galaxy-book4-pro-edge-16-0-snapdragon-x-elite-x1e-84-100-1-tb-sapphire-blue,,,laptops,,specified,https://schema.org/InStock,https://www.samsung.com/us/computers/galaxy-book/galaxy-book4-edge/
"Galaxy Book6 Pro, 14.0"", Core Ultra 7, 1 TB, Gray",Samsung,2449.99,USD,32,1024,specified,Intel Core Ultra 7 356H,Intel Graphics,Intel,Samsung,Intel,InStock,"Galaxy Book6 Pro, 14.0"", Core Ultra 7, 1 TB, Gray, Laptops. Intel Core Ultra 7 356H · 32 GB RAM · 1 TB · Intel Graphics · from $2,449.99. Specs, configurations, and where to buy on Plug PCs.",https://plugpcs.com/p/samsung/galaxy-book6-pro-14-0-core-ultra-7-1-tb-gray,,,laptops,,specified,https://schema.org/InStock,https://www.samsung.com/us/computers/galaxy-book/galaxy-book6-series/
"Galaxy Book6 Pro, 14.0"", Core Ultra 7, 512 GB, Gray",Samsung,1799.99,USD,16,512,specified,Intel Core Ultra 7 356H,Intel Graphics,Intel,Samsung,Intel,InStock,"Galaxy Book6 Pro, 14.0"", Core Ultra 7, 512 GB, Gray, Laptops. Intel Core Ultra 7 356H · 16 GB RAM · 512 GB · Intel Graphics · from $1,799.99. Specs, configurations, and where to buy on Plug PCs.",https://plugpcs.com/p/samsung/galaxy-book6-pro-14-0-core-ultra-7-512-gb-gray,,,laptops,,specified,https://schema.org/InStock,https://www.samsung.com/us/computers/galaxy-book/galaxy-book6-series/
"Galaxy Book6 Pro, 16.0"", Core Ultra 7, 1 TB, Gray",Samsung,2549.99,USD,32,1024,specified,Intel Core Ultra 7 356H,Intel Graphics,Intel,Samsung,Intel,InStock,"Galaxy Book6 Pro, 16.0"", Core Ultra 7, 1 TB, Gray, Laptops. Intel Core Ultra 7 356H · 32 GB RAM · 1 TB · Intel Graphics · from $2,549.99. Specs, configurations, and where to buy on Plug PCs.",https://plugpcs.com/p/samsung/galaxy-book6-pro-16-0-core-ultra-7-1-tb-gray,,,laptops,,specified,https://schema.org/InStock,https://www.samsung.com/us/computers/galaxy-book/galaxy-book6-series/
"Galaxy Book6 Pro, 16.0"", Core Ultra 7, 1 TB, Gray",Samsung,2199.99,USD,16,1024,specified,Intel Core Ultra 7 356H,Intel Graphics,Intel,Samsung,Intel,InStock,"Galaxy Book6 Pro, 16.0"", Core Ultra 7, 1 TB, Gray, Laptops. Intel Core Ultra 7 356H · 16 GB RAM · 1 TB · Intel Graphics · from $2,199.99. Specs, configurations, and where to buy on Plug PCs.",https://plugpcs.com/p/samsung/galaxy-book6-pro-16-0-core-ultra-7-1-tb-gray-np960xjg-ka2us,,,laptops,,specified,https://schema.org/InStock,https://www.samsung.com/us/computers/galaxy-book/galaxy-book6-series/
"Galaxy Book6 Pro, 16.0"", Core Ultra X7, 1 TB, Gray",Samsung,2649.99,USD,32,1024,specified,Intel Core Ultra X7 358H,Intel Arc B390,Intel,Samsung,Intel,InStock,"Galaxy Book6 Pro, 16.0"", Core Ultra X7, 1 TB, Gray, Laptops. Intel Core Ultra X7 358H · 32 GB RAM · 1 TB · Intel Arc B390 · from $2,649.99. Specs, configurations, and where to buy on Plug PCs.",https://plugpcs.com/p/samsung/galaxy-book6-pro-16-0-core-ultra-x7-1-tb-gray,,,laptops,,specified,https://schema.org/InStock,https://www.samsung.com/us/computers/galaxy-book/galaxy-book6-series/
"Galaxy Book6 Ultra, 16.0"", Core Ultra 7, 1 TB, Gray",Samsung,3599.99,USD,32,1024,specified,Intel Core Ultra 7 356H,NVIDIA RTX 5060 Laptop,NVIDIA,Samsung,Intel,InStock,"Galaxy Book6 Ultra, 16.0"", Core Ultra 7, 1 TB, Gray, Laptops. Intel Core Ultra 7 356H · 32 GB RAM · 1 TB · NVIDIA RTX 5060 Laptop · from $3,599.99. Specs, configurations, and where to buy on Plug PCs.",https://plugpcs.com/p/samsung/galaxy-book6-ultra-16-0-core-ultra-7-1-tb-gray,,,laptops,,specified,https://schema.org/InStock,https://www.samsung.com/us/computers/galaxy-book/galaxy-book6-series/
"Galaxy Book6 Ultra, 16.0"", Core Ultra 7, 1 TB, Gray",Samsung,3799.99,USD,32,1024,specified,Intel Core Ultra 7 356H,NVIDIA RTX 5070 Laptop,NVIDIA,Samsung,Intel,InStock,"Galaxy Book6 Ultra, 16.0"", Core Ultra 7, 1 TB, Gray, Laptops. Intel Core Ultra 7 356H · 32 GB RAM · 1 TB · NVIDIA RTX 5070 Laptop · from $3,799.99. Specs, configurations, and where to buy on Plug PCs.",https://plugpcs.com/p/samsung/galaxy-book6-ultra-16-0-core-ultra-7-1-tb-gray-np960ujh-xg3us,,,laptops,,specified,https://schema.org/InStock,https://www.samsung.com/us/computers/galaxy-book/galaxy-book6-series/
"Galaxy Book6 Ultra, 16.0"", Core Ultra 9, 1 TB, Gray",Samsung,3999.99,USD,32,1024,specified,Intel Core Ultra 9 386H,NVIDIA RTX 5070 Laptop,NVIDIA,Samsung,Intel,InStock,"Galaxy Book6 Ultra, 16.0"", Core Ultra 9, 1 TB, Gray, Laptops. Intel Core Ultra 9 386H · 32 GB RAM · 1 TB · NVIDIA RTX 5070 Laptop · from $3,999.99. Specs, configurations, and where to buy on Plug PCs.",https://plugpcs.com/p/samsung/galaxy-book6-ultra-16-0-core-ultra-9-1-tb-gray,,,laptops,,specified,https://schema.org/InStock,https://www.samsung.com/us/computers/galaxy-book/galaxy-book6-series/
"Galaxy Book6 Ultra, 16.0"", Core Ultra 9, 2 TB, Gray",Samsung,5299.99,USD,64,2048,specified,Intel Core Ultra 9 386H,NVIDIA RTX 5070 Laptop,NVIDIA,Samsung,Intel,InStock,"Galaxy Book6 Ultra, 16.0"", Core Ultra 9, 2 TB, Gray, Laptops. Intel Core Ultra 9 386H · 64 GB RAM · 2 TB · NVIDIA RTX 5070 Laptop · from $5,299.99. Specs, configurations, and where to buy on Plug PCs.",https://plugpcs.com/p/samsung/galaxy-book6-ultra-16-0-core-ultra-9-2-tb-gray,,,laptops,,specified,https://schema.org/InStock,https://www.samsung.com/us/computers/galaxy-book/galaxy-book6-series/
"Galaxy Book6 Ultra, 16.0"", Core Ultra X7, 1 TB, Gray",Samsung,2899.99,USD,32,1024,specified,Intel Core Ultra X7 358H,Intel Arc B390,Intel,Samsung,Intel,InStock,"Galaxy Book6 Ultra, 16.0"", Core Ultra X7, 1 TB, Gray, Laptops. Intel Core Ultra X7 358H · 32 GB RAM · 1 TB · Intel Arc B390 · from $2,899.99. Specs, configurations, and where to buy on Plug PCs.",https://plugpcs.com/p/samsung/galaxy-book6-ultra-16-0-core-ultra-x7-1-tb-gray,,,laptops,,specified,https://schema.org/InStock,https://www.samsung.com/us/computers/galaxy-book/galaxy-book6-series/
"Galaxy Book6, 14.0"", Core Ultra 5, 512 GB, Gray",Samsung,1249.99,USD,16,512,specified,Intel Core Ultra 5 325,Intel Graphics,Intel,Samsung,Intel,InStock,"Galaxy Book6, 14.0"", Core Ultra 5, 512 GB, Gray, Laptops. Intel Core Ultra 5 325 · 16 GB RAM · 512 GB · Intel Graphics · from $1,249.99. Specs, configurations, and where to buy on Plug PCs.",https://plugpcs.com/p/samsung/galaxy-book6-14-0-core-ultra-5-512-gb-gray,,,laptops,,specified,https://schema.org/InStock,https://www.samsung.com/us/computers/galaxy-book/galaxy-book6-series/
"Galaxy Book6, 14.0"", Core Ultra 7, 512 GB, Gray",Samsung,1349.99,USD,16,512,specified,Intel Core Ultra 7 355,Intel Graphics,Intel,Samsung,Intel,InStock,"Galaxy Book6, 14.0"", Core Ultra 7, 512 GB, Gray, Laptops. Intel Core Ultra 7 355 · 16 GB RAM · 512 GB · Intel Graphics · from $1,349.99. Specs, configurations, and where to buy on Plug PCs.",https://plugpcs.com/p/samsung/galaxy-book6-14-0-core-ultra-7-512-gb-gray,,,laptops,,specified,https://schema.org/InStock,https://www.samsung.com/us/computers/galaxy-book/galaxy-book6-series/
"Galaxy Book6, 16.0"", Core Ultra 5, 512 GB, Gray",Samsung,1349.99,USD,16,512,specified,Intel Core Ultra 5 325,Intel Graphics,Intel,Samsung,Intel,InStock,"Galaxy Book6, 16.0"", Core Ultra 5, 512 GB, Gray, Laptops. Intel Core Ultra 5 325 · 16 GB RAM · 512 GB · Intel Graphics · from $1,349.99. Specs, configurations, and where to buy on Plug PCs.",https://plugpcs.com/p/samsung/galaxy-book6-16-0-core-ultra-5-512-gb-gray,,,laptops,,specified,https://schema.org/InStock,https://www.samsung.com/us/computers/galaxy-book/galaxy-book6-series/
"Galaxy Book6, 16.0"", Core Ultra 7, 1 TB, Gray",Samsung,1749.99,USD,16,1024,specified,Intel Core Ultra 7 355,Intel Graphics,Intel,Samsung,Intel,InStock,"Galaxy Book6, 16.0"", Core Ultra 7, 1 TB, Gray, Laptops. Intel Core Ultra 7 355 · 16 GB RAM · 1 TB · Intel Graphics · from $1,749.99. Specs, configurations, and where to buy on Plug PCs.",https://plugpcs.com/p/samsung/galaxy-book6-16-0-core-ultra-7-1-tb-gray,,,laptops,,specified,https://schema.org/InStock,https://www.samsung.com/us/computers/galaxy-book/galaxy-book6-series/
"Galaxy Book6, 16.0"", Core Ultra 7, 512 GB, Gray",Samsung,1449.99,USD,16,512,specified,Intel Core Ultra 7 355,Intel Graphics,Intel,Samsung,Intel,InStock,"Galaxy Book6, 16.0"", Core Ultra 7, 512 GB, Gray, Laptops. Intel Core Ultra 7 355 · 16 GB RAM · 512 GB · Intel Graphics · from $1,449.99. Specs, configurations, and where to buy on Plug PCs.",https://plugpcs.com/p/samsung/galaxy-book6-16-0-core-ultra-7-512-gb-gray,,,laptops,,specified,https://schema.org/InStock,https://www.samsung.com/us/computers/galaxy-book/galaxy-book6-series/
Gazelle,System76,2149,USD,64,8192,specified,Intel Core 7 250H,NVIDIA RTX 5050,NVIDIA,System76,Intel,InStock,"Gazelle, Laptops. Intel Core 7 250H · 64 GB RAM · 8 TB · NVIDIA RTX 5050 · from $2,149. Specs, configurations, and where to buy on Plug PCs.",https://plugpcs.com/p/system76/gazelle,,,laptops,,specified,https://schema.org/InStock,https://system76.com/laptops/gazelle
"Gemini 16""",Juno Computers,1275,USD,16,512,specified,Intel Core Ultra 5 225H,Intel Arc Graphics iGPU,Intel,Juno Computers,Intel,InStock,"Gemini 16"", Laptops. Intel Core Ultra 5 225H · 16 GB RAM · 512 GB · Intel Arc Graphics iGPU · from $1,275. Specs, configurations, and where to buy on Plug PCs.",https://plugpcs.com/p/juno/gemini-16,,,laptops,,specified,https://schema.org/InStock,https://junocomputers.com/us/product/gemini-16/
"Gemini 16"" AMD",Juno Computers,1135,USD,16,512,specified,AMD Ryzen 5 240,AMD Radeon 760M,AMD,Juno Computers,AMD,InStock,"Gemini 16"" AMD, Laptops. AMD Ryzen 5 240 · 16 GB RAM · 512 GB · AMD Radeon 760M · from $1,135. Specs, configurations, and where to buy on Plug PCs.",https://plugpcs.com/p/juno/gemini-16-amd,,,laptops,,specified,https://schema.org/InStock,https://junocomputers.com/us/product/gemini-16-amd/
"Gemini 16"" AMD PRO",Juno Computers,1260,USD,16,512,specified,AMD Ryzen AI 9 HX370,AMD Radeon 860M,AMD,Juno Computers,AMD,InStock,"Gemini 16"" AMD PRO, Laptops. AMD Ryzen AI 9 HX370 · 16 GB RAM · 512 GB · AMD Radeon 860M · from $1,260. Specs, configurations, and where to buy on Plug PCs.",https://plugpcs.com/p/juno/gemini-16-amd-pro,,,laptops,,specified,https://schema.org/InStock,https://junocomputers.com/us/product/gemini-16-amd-pro/
HP Elite x360 1040 14 inch G11 2-in-1 Notebook PC,HP,4723,USD,32,1024,specified,Intel Core Ultra 7 155H,Intel Arc Graphics,Intel,HP,Intel,InStock,"HP Elite x360 1040 14 inch G11 2-in-1 Notebook PC, Laptops. Intel Core Ultra 7 155H · 32 GB RAM · 1 TB · Intel Arc Graphics · from $4,723. Specs, configurations, and where to buy on Plug PCs.",https://plugpcs.com/p/hp/hp-elite-x360-1040-14-inch-g11-2-in-1-notebook-pc-cp3m0ua-aba,,,laptops,CP3M0UA#ABA,specified,https://schema.org/InStock,https://www.hp.com/us-en/shop/pdp/hp-elite-x360-1040-14-inch-g11-2-in-1-notebook-pc-wolf-pro-security-edition-p-cp3m0ua-aba-1
HP EliteBook 6 G1a 14-inch Notebook AI PC,HP,2781,USD,8,256,specified,AMD Ryzen 5,AMD Radeon,AMD,HP,AMD,InStock,"HP EliteBook 6 G1a 14-inch Notebook AI PC, Laptops. AMD Ryzen 5 · 8 GB RAM · 256 GB · AMD Radeon · from $2,781. Specs, configurations, and where to buy on Plug PCs.",https://plugpcs.com/p/hp/hp-elitebook-6-g1a-14-inch-notebook-ai-pc,,,laptops,B4YC1AV_MB,specified,https://schema.org/InStock,https://www.hp.com/us-en/shop/pdp/hp-elitebook-6-g1a-14-inch-notebook-ai-pc-customizable-b4yc1av-mb
HP EliteBook 6 G1a 14-inch Notebook PC,HP,3262,USD,16,256,specified,AMD Ryzen 5,AMD Radeon,AMD,HP,AMD,InStock,"HP EliteBook 6 G1a 14-inch Notebook PC, Laptops. AMD Ryzen 5 · 16 GB RAM · 256 GB · AMD Radeon · from $3,262. Specs, configurations, and where to buy on Plug PCs.",https://plugpcs.com/p/hp/hp-elitebook-6-g1a-14-inch-notebook-pc,,,laptops,B14F2AV_MB,specified,https://schema.org/InStock,https://www.hp.com/us-en/shop/pdp/hp-elitebook-6-g1a-14-inch-next-gen-ai-customizable-b14f2av-mb
HP EliteBook 6 G1a 16 Notebook AI PC,HP,2752,USD,16,512,specified,AMD Ryzen 5 230,AMD Radeon 760M,AMD,HP,AMD,InStock,"HP EliteBook 6 G1a 16 Notebook AI PC, Laptops. AMD Ryzen 5 230 · 16 GB RAM · 512 GB · AMD Radeon 760M · from $2,752. Specs, configurations, and where to buy on Plug PCs.",https://plugpcs.com/p/hp/hp-elitebook-6-g1a-16-notebook-ai-pc,,,laptops,C01H2UA#ABA,specified,https://schema.org/InStock,https://www.hp.com/us-en/shop/pdp/hp-elitebook-6-g1a-16-inch-notebook-ai-pc-wolf-pro-security-edition-p-c01h2ua-aba-1
HP EliteBook 6 G1a 16 Notebook AI PC,HP,1599,USD,24,512,specified,AMD Ryzen 5 230,AMD Radeon 760M,AMD,HP,AMD,InStock,"HP EliteBook 6 G1a 16 Notebook AI PC, Laptops. AMD Ryzen 5 230 · 24 GB RAM · 512 GB · AMD Radeon 760M · from $1,599. Specs, configurations, and where to buy on Plug PCs.",https://plugpcs.com/p/hp/hp-elitebook-6-g1a-16-notebook-ai-pc-c1xz2ua-aba,,,laptops,C1XZ2UA#ABA,specified,https://schema.org/InStock,https://www.hp.com/us-en/shop/pdp/hp-elitebook-6-g1a-16-inch-notebook-ai-pc-wolf-pro-security-edition
HP EliteBook 6 G1a 16 Notebook AI PC,HP,2049,USD,24,1024,specified,AMD Ryzen 7 250,AMD Radeon 780M,AMD,HP,AMD,InStock,"HP EliteBook 6 G1a 16 Notebook AI PC, Laptops. AMD Ryzen 7 250 · 24 GB RAM · 1 TB · AMD Radeon 780M · from $2,049. Specs, configurations, and where to buy on Plug PCs.",https://plugpcs.com/p/hp/hp-elitebook-6-g1a-16-notebook-ai-pc-c1xz3ua-aba,,,laptops,C1XZ3UA#ABA,specified,https://schema.org/InStock,https://www.hp.com/us-en/shop/pdp/hp-elitebook-6-g1a-16-inch-notebook-ai-pc-wolf-pro-security-edition-p-c1xz3ua-aba-1
HP EliteBook 6 G1a 16 Notebook AI PC,HP,1469,USD,24,512,specified,AMD Ryzen 7 250,AMD Radeon 780M,AMD,HP,AMD,InStock,"HP EliteBook 6 G1a 16 Notebook AI PC, Laptops. AMD Ryzen 7 250 · 24 GB RAM · 512 GB · AMD Radeon 780M · from $1,469. Specs, configurations, and where to buy on Plug PCs.",https://plugpcs.com/p/hp/hp-elitebook-6-g1a-16-notebook-ai-pc-c1xz5ua-aba,,,laptops,C1XZ5UA#ABA,specified,https://schema.org/InStock,https://www.hp.com/us-en/shop/pdp/hp-elitebook-6-g1a-16-inch-notebook-ai-pc-wolf-pro-security-edition-p-c1xz5ua-aba-1
HP EliteBook 6 G1a 16-inch Notebook AI PC,HP,2725,USD,8,256,specified,AMD Ryzen 5,AMD Radeon,AMD,HP,AMD,InStock,"HP EliteBook 6 G1a 16-inch Notebook AI PC, Laptops. AMD Ryzen 5 · 8 GB RAM · 256 GB · AMD Radeon · from $2,725. Specs, configurations, and where to buy on Plug PCs.",https://plugpcs.com/p/hp/hp-elitebook-6-g1a-16-inch-notebook-ai-pc,,,laptops,B4XZ0AV_MB,specified,https://schema.org/InStock,https://www.hp.com/us-en/shop/pdp/hp-elitebook-6-g1a-16-inch-notebook-ai-pc-customizable-b4xz0av-mb
HP EliteBook 6 G1ah 14-inch Notebook PC,HP,2599,USD,8,256,specified,AMD Ryzen 3,AMD Radeon,AMD,HP,AMD,InStock,"HP EliteBook 6 G1ah 14-inch Notebook PC, Laptops. AMD Ryzen 3 · 8 GB RAM · 256 GB · AMD Radeon · from $2,599. Specs, configurations, and where to buy on Plug PCs.",https://plugpcs.com/p/hp/hp-elitebook-6-g1ah-14-inch-notebook-pc,,,laptops,AY4Y9AV_MB,specified,https://schema.org/InStock,https://www.hp.com/us-en/shop/pdp/hp-elitebook-6-g1a-14-inch-customizable-ay4y9av-mb
HP EliteBook 6 G1ah 16-inch Notebook PC,HP,2584,USD,8,256,specified,AMD Ryzen 3,AMD Radeon,AMD,HP,AMD,InStock,"HP EliteBook 6 G1ah 16-inch Notebook PC, Laptops. AMD Ryzen 3 · 8 GB RAM · 256 GB · AMD Radeon · from $2,584. Specs, configurations, and where to buy on Plug PCs.",https://plugpcs.com/p/hp/hp-elitebook-6-g1ah-16-inch-notebook-pc,,,laptops,AZ8Y7AV_MB,specified,https://schema.org/InStock,https://www.hp.com/us-en/shop/pdp/hp-elitebook-6-g1a-16-inch-customizable-az8y7av-mb
HP EliteBook 6 G1aN 14 Notebook PC,HP,1299,USD,16,256,specified,AMD Ryzen AI 5 340,AMD Radeon 840M,AMD,HP,AMD,InStock,"HP EliteBook 6 G1aN 14 Notebook PC, Laptops. AMD Ryzen AI 5 340 · 16 GB RAM · 256 GB · AMD Radeon 840M · from $1,299. Specs, configurations, and where to buy on Plug PCs.",https://plugpcs.com/p/hp/hp-elitebook-6-g1an-14-notebook-pc-c01h7ua-aba,,,laptops,C01H7UA#ABA,specified,https://schema.org/InStock,https://www.hp.com/us-en/shop/pdp/hp-elitebook-6-g1a-14-inch-notebook-next-gen-ai-pc-wolf-pro-security-edition-p-c01h7ua-aba-1
HP EliteBook 6 G1aN 14 Notebook PC,HP,1449,USD,24,512,specified,AMD Ryzen AI 5 340,AMD Radeon 840M,AMD,HP,AMD,InStock,"HP EliteBook 6 G1aN 14 Notebook PC, Laptops. AMD Ryzen AI 5 340 · 24 GB RAM · 512 GB · AMD Radeon 840M · from $1,449. Specs, configurations, and where to buy on Plug PCs.",https://plugpcs.com/p/hp/hp-elitebook-6-g1an-14-notebook-pc-c1xz8ua-aba,,,laptops,C1XZ8UA#ABA,specified,https://schema.org/InStock,https://www.hp.com/us-en/shop/pdp/hp-elitebook-6-g1a-14-inch-notebook-next-gen-ai-pc-wolf-pro-security-edition
HP EliteBook 6 G1aN 14 Notebook PC,HP,1799,USD,24,512,specified,AMD Ryzen AI 7 350,AMD Radeon 860M,AMD,HP,AMD,InStock,"HP EliteBook 6 G1aN 14 Notebook PC, Laptops. AMD Ryzen AI 7 350 · 24 GB RAM · 512 GB · AMD Radeon 860M · from $1,799. Specs, configurations, and where to buy on Plug PCs.",https://plugpcs.com/p/hp/hp-elitebook-6-g1an-14-notebook-pc-c1ya0ua-aba,,,laptops,C1YA0UA#ABA,specified,https://schema.org/InStock,https://www.hp.com/us-en/shop/pdp/hp-elitebook-6-g1a-14-inch-notebook-next-gen-ai-pc-wolf-pro-security-edition-p-c1ya0ua-aba-1
HP EliteBook 6 G1aN 14 Notebook PC,HP,1749,USD,24,512,specified,AMD Ryzen AI 7 350,AMD Radeon 860M,AMD,HP,AMD,InStock,"HP EliteBook 6 G1aN 14 Notebook PC, Laptops. AMD Ryzen AI 7 350 · 24 GB RAM · 512 GB · AMD Radeon 860M · from $1,749. Specs, configurations, and where to buy on Plug PCs.",https://plugpcs.com/p/hp/hp-elitebook-6-g1an-14-notebook-pc-c1yb2ua-aba,,,laptops,C1YB2UA#ABA,specified,https://schema.org/InStock,https://www.hp.com/us-en/shop/pdp/hp-elitebook-6-g1a-14-inch-notebook-next-gen-ai-pc-wolf-pro-security-edition-p-c1yb2ua-aba-1
HP EliteBook 6 G1i 13-inch Notebook AI PC,HP,2690,USD,8,256,specified,Intel Core Ultra 5,Intel Graphics,Intel,HP,Intel,InStock,"HP EliteBook 6 G1i 13-inch Notebook AI PC, Laptops. Intel Core Ultra 5 · 8 GB RAM · 256 GB · Intel Graphics · from $2,690. Specs, configurations, and where to buy on Plug PCs.",https://plugpcs.com/p/hp/hp-elitebook-6-g1i-13-inch-notebook-ai-pc,,,laptops,AU7N7AV_MB,specified,https://schema.org/InStock,https://www.hp.com/us-en/shop/pdp/hp-elitebook-6-g1i-13-inch-customizable-au7n7av-mb
HP EliteBook 6 G1i 14 Notebook AI PC,HP,4426,USD,32,1024,specified,Intel Core Ultra 7 265U,Intel Graphics,Intel,HP,Intel,InStock,"HP EliteBook 6 G1i 14 Notebook AI PC, Laptops. Intel Core Ultra 7 265U · 32 GB RAM · 1 TB · Intel Graphics · from $4,426. Specs, configurations, and where to buy on Plug PCs.",https://plugpcs.com/p/hp/hp-elitebook-6-g1i-14-notebook-ai-pc-c03q0ua-aba,,,laptops,C03Q0UA#ABA,specified,https://schema.org/InStock,https://www.hp.com/us-en/shop/pdp/hp-elitebook-6-g1i-14-inch-notebook-ai-pc-wolf-pro-security-edition-p-c03q0ua-aba-1
HP EliteBook 6 G1i 14-inch Notebook AI PC,HP,2680,USD,8,256,specified,Intel Core Ultra 5,Intel Graphics,Intel,HP,Intel,InStock,"HP EliteBook 6 G1i 14-inch Notebook AI PC, Laptops. Intel Core Ultra 5 · 8 GB RAM · 256 GB · Intel Graphics · from $2,680. Specs, configurations, and where to buy on Plug PCs.",https://plugpcs.com/p/hp/hp-elitebook-6-g1i-14-inch-notebook-ai-pc,,,laptops,AV3P7AV_MB,specified,https://schema.org/InStock,https://www.hp.com/us-en/shop/pdp/hp-elitebook-6-g1i-14-inch-customizable-av3p7av-mb
HP EliteBook 6 G1i 16-inch Notebook AI PC,HP,2691,USD,8,256,specified,Intel Core Ultra 5,Intel Graphics,Intel,HP,Intel,InStock,"HP EliteBook 6 G1i 16-inch Notebook AI PC, Laptops. Intel Core Ultra 5 · 8 GB RAM · 256 GB · Intel Graphics · from $2,691. Specs, configurations, and where to buy on Plug PCs.",https://plugpcs.com/p/hp/hp-elitebook-6-g1i-16-inch-notebook-ai-pc,,,laptops,AV3Y4AV_MB,specified,https://schema.org/InStock,https://www.hp.com/us-en/shop/pdp/hp-elitebook-6-g1i-16-inch-customizable-av3y4av-mb
HP EliteBook 6 G1q 14 Notebook PC,HP,1249,USD,16,256,specified,Snapdragon X X1-26-100,Qualcomm Adreno,Qualcomm,HP,Qualcomm,InStock,"HP EliteBook 6 G1q 14 Notebook PC, Laptops. Snapdragon X X1-26-100 · 16 GB RAM · 256 GB · Qualcomm Adreno · from $1,249. Specs, configurations, and where to buy on Plug PCs.",https://plugpcs.com/p/hp/hp-elitebook-6-g1q-14-notebook-pc,,,laptops,CA6P3UA#ABA,specified,https://schema.org/InStock,https://www.hp.com/us-en/shop/pdp/hp-elitebook-6-g1q-14-inch-notebook-next-gen-ai-pc-wolf-pro-security-edition-p-ca6p3ua-aba-1
HP EliteBook 6 G1q 14 Notebook PC,HP,1849,USD,32,512,specified,Snapdragon X Plus X1P-42-100,Qualcomm Adreno,Qualcomm,HP,Qualcomm,InStock,"HP EliteBook 6 G1q 14 Notebook PC, Laptops. Snapdragon X Plus X1P-42-100 · 32 GB RAM · 512 GB · Qualcomm Adreno · from $1,849. Specs, configurations, and where to buy on Plug PCs.",https://plugpcs.com/p/hp/hp-elitebook-6-g1q-14-notebook-pc-ca6p9ua-aba,,,laptops,CA6P9UA#ABA,specified,https://schema.org/InStock,https://www.hp.com/us-en/shop/pdp/hp-elitebook-6-g1q-14-inch-notebook-next-gen-ai-pc-wolf-pro-security-edition
HP EliteBook 6 G1q 14 Notebook PC,HP,3719,USD,32,1024,specified,Snapdragon X Elite X1E-78-100,Qualcomm Adreno,Qualcomm,HP,Qualcomm,InStock,"HP EliteBook 6 G1q 14 Notebook PC, Laptops. Snapdragon X Elite X1E-78-100 · 32 GB RAM · 1 TB · Qualcomm Adreno · from $3,719. Specs, configurations, and where to buy on Plug PCs.",https://plugpcs.com/p/hp/hp-elitebook-6-g1q-14-notebook-pc-ca6r2ua-aba,,,laptops,CA6R2UA#ABA,specified,https://schema.org/InStock,https://www.hp.com/us-en/shop/pdp/hp-elitebook-6-g1q-14-inch-notebook-next-gen-ai-pc-wolf-pro-security-edition-p-ca6r2ua-aba-1
HP EliteBook 6 G1q 14 Notebook PC,HP,2949,USD,64,1024,specified,Snapdragon X Elite X1E-78-100,Qualcomm Adreno,Qualcomm,HP,Qualcomm,InStock,"HP EliteBook 6 G1q 14 Notebook PC, Laptops. Snapdragon X Elite X1E-78-100 · 64 GB RAM · 1 TB · Qualcomm Adreno · from $2,949. Specs, configurations, and where to buy on Plug PCs.",https://plugpcs.com/p/hp/hp-elitebook-6-g1q-14-notebook-pc-ca6r3ua-aba,,,laptops,CA6R3UA#ABA,specified,https://schema.org/InStock,https://www.hp.com/us-en/shop/pdp/hp-elitebook-6-g1q-14-inch-notebook-next-gen-ai-pc-wolf-pro-security-edition-p-ca6r3ua-aba-1
HP EliteBook 6 G1q 14 Notebook PC Touch,HP,2699,USD,64,1024,specified,Snapdragon X Elite X1E-78-100,Qualcomm Adreno,Qualcomm,HP,Qualcomm,InStock,"HP EliteBook 6 G1q 14 Notebook PC Touch, Laptops. Snapdragon X Elite X1E-78-100 · 64 GB RAM · 1 TB · Qualcomm Adreno · from $2,699. Specs, configurations, and where to buy on Plug PCs.",https://plugpcs.com/p/hp/hp-elitebook-6-g1q-14-notebook-pc-touch-ca6r4ua-aba,,,laptops,CA6R4UA#ABA,specified,https://schema.org/InStock,https://www.hp.com/us-en/shop/pdp/hp-elitebook-6-g1q-14-inch-notebook-next-gen-ai-pc-wolf-pro-security-edition-p-ca6r4ua-aba-1
HP EliteBook 6 G1q 14 Notebook PC with HP Go,HP,2259,USD,32,512,specified,Snapdragon X Plus X1P-42-100,Qualcomm Adreno,Qualcomm,HP,Qualcomm,InStock,"HP EliteBook 6 G1q 14 Notebook PC with HP Go, Laptops. Snapdragon X Plus X1P-42-100 · 32 GB RAM · 512 GB · Qualcomm Adreno · from $2,259. Specs, configurations, and where to buy on Plug PCs.",https://plugpcs.com/p/hp/hp-elitebook-6-g1q-14-notebook-pc-with-hp-go,,,laptops,BG6Z7UT#ABA,specified,https://schema.org/InStock,https://www.hp.com/us-en/shop/pdp/hp-elitebook-6-g1q-14-inch-notebook-next-gen-ai-pc-wolf-pro-security-edition-p-bg6z7ut-aba-1
HP EliteBook 6 G1q 14-inch Notebook PC,HP,2550,USD,16,256,specified,Snapdragon,Qualcomm Adreno,Qualcomm,HP,Qualcomm,InStock,"HP EliteBook 6 G1q 14-inch Notebook PC, Laptops. Snapdragon · 16 GB RAM · 256 GB · Qualcomm Adreno · from $2,550. Specs, configurations, and where to buy on Plug PCs.",https://plugpcs.com/p/hp/hp-elitebook-6-g1q-14-inch-notebook-pc,,,laptops,B16SSAV_MB,specified,https://schema.org/InStock,https://www.hp.com/us-en/shop/pdp/hp-elitebook-6-g1q-14-inch-next-gen-ai-customizable-b16ssav-mb
HP EliteBook 6 G2a 14-inch Notebook PC,HP,2792,USD,16,512,specified,AMD Ryzen AI 5,AMD Radeon,AMD,HP,AMD,InStock,"HP EliteBook 6 G2a 14-inch Notebook PC, Laptops. AMD Ryzen AI 5 · 16 GB RAM · 512 GB · AMD Radeon · from $2,792. Specs, configurations, and where to buy on Plug PCs.",https://plugpcs.com/p/hp/hp-elitebook-6-g2a-14-inch-notebook-pc,,,laptops,C94XQAV_MB,specified,https://schema.org/InStock,https://www.hp.com/us-en/shop/pdp/hp-elitebook-6-g2a-14-inch-notebook-next-gen-ai-pc-customizable-c94xqav-mb
HP EliteBook 6 G2a 14-inch Notebook Thin Client,HP,2280,USD,12,256,specified,AMD Ryzen 3,AMD Radeon,AMD,HP,AMD,InStock,"HP EliteBook 6 G2a 14-inch Notebook Thin Client, Laptops. AMD Ryzen 3 · 12 GB RAM · 256 GB · AMD Radeon · from $2,280. Specs, configurations, and where to buy on Plug PCs.",https://plugpcs.com/p/hp/hp-elitebook-6-g2a-14-inch-notebook-thin-client-e1zm5av-mb,,,laptops,E1ZM5AV_MB,specified,https://schema.org/InStock,https://www.hp.com/us-en/shop/pdp/hp-elitebook-6-g2a-14-inch-notebook-thin-client-customizable-e1zm5av-mb
HP EliteBook 6 G2a 16-inch Notebook Thin Client,HP,2271,USD,12,256,specified,AMD Ryzen 3,AMD Radeon,AMD,HP,AMD,InStock,"HP EliteBook 6 G2a 16-inch Notebook Thin Client, Laptops. AMD Ryzen 3 · 12 GB RAM · 256 GB · AMD Radeon · from $2,271. Specs, configurations, and where to buy on Plug PCs.",https://plugpcs.com/p/hp/hp-elitebook-6-g2a-16-inch-notebook-thin-client-e1zs0av-mb,,,laptops,E1ZS0AV_MB,specified,https://schema.org/InStock,https://www.hp.com/us-en/shop/pdp/hp-elitebook-6-g2a-16-inch-notebook-thin-client-customizable-e1zs0av-mb
HP EliteBook 6 G2i 14-inch Notebook PC,HP,1989.4,USD,16,256,specified,Intel Core Ultra 5,Intel Graphics,Intel,HP,Intel,InStock,"HP EliteBook 6 G2i 14-inch Notebook PC, Laptops. Intel Core Ultra 5 · 16 GB RAM · 256 GB · Intel Graphics · from $1,989.40. Specs, configurations, and where to buy on Plug PCs.",https://plugpcs.com/p/hp/hp-elitebook-6-g2i-14-inch-notebook-pc,,,laptops,CU5N0AV_MB,specified,https://schema.org/InStock,https://www.hp.com/us-en/shop/pdp/hp-elitebook-6-g2i-14-inch-notebook-next-gen-ai-pc-customizable-cu5n0av-mb
HP EliteBook 6 G2i 16-inch Notebook PC,HP,1912.4,USD,16,256,specified,Intel Core Ultra 5,Intel Graphics,Intel,HP,Intel,InStock,"HP EliteBook 6 G2i 16-inch Notebook PC, Laptops. Intel Core Ultra 5 · 16 GB RAM · 256 GB · Intel Graphics · from $1,912.40. Specs, configurations, and where to buy on Plug PCs.",https://plugpcs.com/p/hp/hp-elitebook-6-g2i-16-inch-notebook-pc,,,laptops,CU5N6AV_MB,specified,https://schema.org/InStock,https://www.hp.com/us-en/shop/pdp/hp-elitebook-6-g2i-16-inch-notebook-next-gen-ai-pc-customizable-cu5n6av-mb
HP EliteBook 6 G2q 14 inch Notebook PC,HP,1399,USD,16,512,specified,Snapdragon X2 Plus X2P-42-100,Qualcomm Adreno,Qualcomm,HP,Qualcomm,InStock,"HP EliteBook 6 G2q 14 inch Notebook PC, Laptops. Snapdragon X2 Plus X2P-42-100 · 16 GB RAM · 512 GB · Qualcomm Adreno · from $1,399. Specs, configurations, and where to buy on Plug PCs.",https://plugpcs.com/p/hp/hp-elitebook-6-g2q-14-inch-notebook-pc,,,laptops,DZ1R3UA#ABA,specified,https://schema.org/InStock,https://www.hp.com/us-en/shop/pdp/hp-elitebook-6-g2q-14-inch-notebook-next-gen-ai-pc-wolf-pro-security-edition-p-dz1r3ua-aba-1
HP EliteBook 6 G2q 14 inch Notebook PC,HP,1749,USD,32,512,specified,Snapdragon X2 Plus X2P-42-100,Qualcomm Adreno,Qualcomm,HP,Qualcomm,InStock,"HP EliteBook 6 G2q 14 inch Notebook PC, Laptops. Snapdragon X2 Plus X2P-42-100 · 32 GB RAM · 512 GB · Qualcomm Adreno · from $1,749. Specs, configurations, and where to buy on Plug PCs.",https://plugpcs.com/p/hp/hp-elitebook-6-g2q-14-inch-notebook-pc-dz1t8ua-aba,,,laptops,DZ1T8UA#ABA,specified,https://schema.org/InStock,https://www.hp.com/us-en/shop/pdp/hp-elitebook-6-g2q-14-inch-notebook-next-gen-ai-pc-wolf-pro-security-edition-p-dz1t8ua-aba-1
HP EliteBook 6 G2q 14 inch Notebook PC,HP,1599,USD,16,512,specified,Snapdragon X2 Plus X2P-64-100,Qualcomm Adreno,Qualcomm,HP,Qualcomm,InStock,"HP EliteBook 6 G2q 14 inch Notebook PC, Laptops. Snapdragon X2 Plus X2P-64-100 · 16 GB RAM · 512 GB · Qualcomm Adreno · from $1,599. Specs, configurations, and where to buy on Plug PCs.",https://plugpcs.com/p/hp/hp-elitebook-6-g2q-14-inch-notebook-pc-dz1t9ua-aba,,,laptops,DZ1T9UA#ABA,specified,https://schema.org/InStock,https://www.hp.com/us-en/shop/pdp/hp-elitebook-6-g2q-14-inch-notebook-next-gen-ai-pc-wolf-pro-security-edition-p-dz1t9ua-aba-1
HP EliteBook 6 G2q 14 inch Notebook PC,HP,1949,USD,32,512,specified,Snapdragon X2 Plus X2P-64-100,Qualcomm Adreno,Qualcomm,HP,Qualcomm,InStock,"HP EliteBook 6 G2q 14 inch Notebook PC, Laptops. Snapdragon X2 Plus X2P-64-100 · 32 GB RAM · 512 GB · Qualcomm Adreno · from $1,949. Specs, configurations, and where to buy on Plug PCs.",https://plugpcs.com/p/hp/hp-elitebook-6-g2q-14-inch-notebook-pc-dz1u1ua-aba,,,laptops,DZ1U1UA#ABA,specified,https://schema.org/InStock,https://www.hp.com/us-en/shop/pdp/hp-elitebook-6-g2q-14-inch-notebook-next-gen-ai-pc-wolf-pro-security-edition-p-dz1u1ua-aba-1
HP EliteBook 6 G2q 14 inch Notebook PC,HP,1999,USD,32,512,specified,Snapdragon X2 Plus X2P-64-100,Qualcomm Adreno,Qualcomm,HP,Qualcomm,InStock,"HP EliteBook 6 G2q 14 inch Notebook PC, Laptops. Snapdragon X2 Plus X2P-64-100 · 32 GB RAM · 512 GB · Qualcomm Adreno · from $1,999. Specs, configurations, and where to buy on Plug PCs.",https://plugpcs.com/p/hp/hp-elitebook-6-g2q-14-inch-notebook-pc-dz1u2ua-aba,,,laptops,DZ1U2UA#ABA,specified,https://schema.org/InStock,https://www.hp.com/us-en/shop/pdp/hp-elitebook-6-g2q-14-inch-notebook-next-gen-ai-pc-wolf-pro-security-edition-p-dz1u2ua-aba-1
HP EliteBook 6 G2q 14 inch Notebook PC,HP,2299,USD,32,512,specified,Snapdragon X2 Plus X2P-64-100,Qualcomm Adreno,Qualcomm,HP,Qualcomm,InStock,"HP EliteBook 6 G2q 14 inch Notebook PC, Laptops. Snapdragon X2 Plus X2P-64-100 · 32 GB RAM · 512 GB · Qualcomm Adreno · from $2,299. Specs, configurations, and where to buy on Plug PCs.",https://plugpcs.com/p/hp/hp-elitebook-6-g2q-14-inch-notebook-pc-dz1u4ua-aba,,,laptops,DZ1U4UA#ABA,specified,https://schema.org/InStock,https://www.hp.com/us-en/shop/pdp/hp-elitebook-6-g2q-14-inch-notebook-next-gen-ai-pc-wolf-pro-security-edition-p-dz1u4ua-aba-1
HP EliteBook 6 G2q 14 inch Notebook PC,HP,2299,USD,32,512,specified,Snapdragon X2 Elite X2E-84-100,Qualcomm Adreno,Qualcomm,HP,Qualcomm,InStock,"HP EliteBook 6 G2q 14 inch Notebook PC, Laptops. Snapdragon X2 Elite X2E-84-100 · 32 GB RAM · 512 GB · Qualcomm Adreno · from $2,299. Specs, configurations, and where to buy on Plug PCs.",https://plugpcs.com/p/hp/hp-elitebook-6-g2q-14-inch-notebook-pc-dz1v2ua-aba,,,laptops,DZ1V2UA#ABA,specified,https://schema.org/InStock,https://www.hp.com/us-en/shop/pdp/hp-elitebook-6-g2q-14-inch-notebook-next-gen-ai-pc-wolf-pro-security-edition
HP EliteBook 6 G2q 14 inch Notebook PC,HP,2399,USD,32,512,specified,Snapdragon X2 Elite X2E-84-100,Qualcomm Adreno,Qualcomm,HP,Qualcomm,InStock,"HP EliteBook 6 G2q 14 inch Notebook PC, Laptops. Snapdragon X2 Elite X2E-84-100 · 32 GB RAM · 512 GB · Qualcomm Adreno · from $2,399. Specs, configurations, and where to buy on Plug PCs.",https://plugpcs.com/p/hp/hp-elitebook-6-g2q-14-inch-notebook-pc-dz1v4ua-aba,,,laptops,DZ1V4UA#ABA,specified,https://schema.org/InStock,https://www.hp.com/us-en/shop/pdp/hp-elitebook-6-g2q-14-inch-notebook-next-gen-ai-pc-wolf-pro-security-edition-p-dz1v4ua-aba-1
HP EliteBook 6 G2q 14 inch Notebook PC,HP,2499,USD,32,1024,specified,Snapdragon X2 Elite X2E-84-100,Qualcomm Adreno,Qualcomm,HP,Qualcomm,InStock,"HP EliteBook 6 G2q 14 inch Notebook PC, Laptops. Snapdragon X2 Elite X2E-84-100 · 32 GB RAM · 1 TB · Qualcomm Adreno · from $2,499. Specs, configurations, and where to buy on Plug PCs.",https://plugpcs.com/p/hp/hp-elitebook-6-g2q-14-inch-notebook-pc-dz1v6ua-aba,,,laptops,DZ1V6UA#ABA,specified,https://schema.org/InStock,https://www.hp.com/us-en/shop/pdp/hp-elitebook-6-g2q-14-inch-notebook-next-gen-ai-pc-wolf-pro-security-edition-p-dz1v6ua-aba-1
HP EliteBook 6 G2q 14 inch Notebook PC,HP,2999,USD,64,1024,specified,Snapdragon X2 Elite X2E-84-100,Qualcomm Adreno,Qualcomm,HP,Qualcomm,InStock,"HP EliteBook 6 G2q 14 inch Notebook PC, Laptops. Snapdragon X2 Elite X2E-84-100 · 64 GB RAM · 1 TB · Qualcomm Adreno · from $2,999. Specs, configurations, and where to buy on Plug PCs.",https://plugpcs.com/p/hp/hp-elitebook-6-g2q-14-inch-notebook-pc-dz1v8ua-aba,,,laptops,DZ1V8UA#ABA,specified,https://schema.org/InStock,https://www.hp.com/us-en/shop/pdp/hp-elitebook-6-g2q-14-inch-notebook-next-gen-ai-pc-wolf-pro-security-edition-p-dz1v8ua-aba-1
HP EliteBook 8 Flip G1i 13-inch Notebook AI PC,HP,2772,USD,16,256,specified,Intel Core Ultra 5,Intel Graphics,Intel,HP,Intel,InStock,"HP EliteBook 8 Flip G1i 13-inch Notebook AI PC, Laptops. Intel Core Ultra 5 · 16 GB RAM · 256 GB · Intel Graphics · from $2,772. Specs, configurations, and where to buy on Plug PCs.",https://plugpcs.com/p/hp/hp-elitebook-8-flip-g1i-13-inch-notebook-ai-pc,,,laptops,AL8A4AV_MB,specified,https://schema.org/InStock,https://www.hp.com/us-en/shop/pdp/hp-elitebook-8-g1i-13-inch-flip-ai-customizable-al8a4av-mb
HP EliteBook 8 Flip G2i 13-inch Notebook PC,HP,2189.6,USD,16,256,specified,Intel Core Ultra 5,Intel Graphics,Intel,HP,Intel,InStock,"HP EliteBook 8 Flip G2i 13-inch Notebook PC, Laptops. Intel Core Ultra 5 · 16 GB RAM · 256 GB · Intel Graphics · from $2,189.60. Specs, configurations, and where to buy on Plug PCs.",https://plugpcs.com/p/hp/hp-elitebook-8-flip-g2i-13-inch-notebook-pc,,,laptops,CS3S5AV_MB,specified,https://schema.org/InStock,https://www.hp.com/us-en/shop/pdp/hp-elitebook-8-flip-g2i-13-inch-notebook-next-gen-ai-pc-customizable-cs3s5av-mb
HP EliteBook 8 G1a 13 inch Notebook AI PC,HP,2603,USD,16,256,specified,AMD Ryzen 5,AMD Radeon,AMD,HP,AMD,InStock,"HP EliteBook 8 G1a 13 inch Notebook AI PC, Laptops. AMD Ryzen 5 · 16 GB RAM · 256 GB · AMD Radeon · from $2,603. Specs, configurations, and where to buy on Plug PCs.",https://plugpcs.com/p/hp/hp-elitebook-8-g1a-13-inch-notebook-ai-pc,,,laptops,AX0V0AV_MB,specified,https://schema.org/InStock,https://www.hp.com/us-en/shop/pdp/hp-elitebook-8-g1a-13-inch-ai-customizable-ax0v0av-mb
HP EliteBook 8 G1a 13 inch Notebook PC,HP,2732,USD,16,256,specified,AMD Ryzen 5,AMD Radeon,AMD,HP,AMD,InStock,"HP EliteBook 8 G1a 13 inch Notebook PC, Laptops. AMD Ryzen 5 · 16 GB RAM · 256 GB · AMD Radeon · from $2,732. Specs, configurations, and where to buy on Plug PCs.",https://plugpcs.com/p/hp/hp-elitebook-8-g1a-13-inch-notebook-pc,,,laptops,AZ2H6AV_MB,specified,https://schema.org/InStock,https://www.hp.com/us-en/shop/pdp/hp-elitebook-8-g1a-13-inch-next-gen-ai-customizable-az2h6av-mb
HP EliteBook 8 G1a 14 inch,HP,3410,USD,16,256,specified,AMD Ryzen 5,AMD Radeon,AMD,HP,AMD,InStock,"HP EliteBook 8 G1a 14 inch, Laptops. AMD Ryzen 5 · 16 GB RAM · 256 GB · AMD Radeon · from $3,410. Specs, configurations, and where to buy on Plug PCs.",https://plugpcs.com/p/hp/hp-elitebook-8-g1a-14-inch,,,laptops,AX8Q1AV_MB,specified,https://schema.org/InStock,https://www.hp.com/us-en/shop/pdp/hp-elitebook-8-g1a-14-inch-next-gen-ai-customizable-ax8q1av-mb
HP EliteBook 8 G1a 14 inch AI,HP,3275,USD,8,256,specified,AMD Ryzen 5,AMD Radeon,AMD,HP,AMD,InStock,"HP EliteBook 8 G1a 14 inch AI, Laptops. AMD Ryzen 5 · 8 GB RAM · 256 GB · AMD Radeon · from $3,275. Specs, configurations, and where to buy on Plug PCs.",https://plugpcs.com/p/hp/hp-elitebook-8-g1a-14-inch-ai,,,laptops,AY0S8AV_MB,specified,https://schema.org/InStock,https://www.hp.com/us-en/shop/pdp/hp-elitebook-8-g1a-14-inch-ai-customizable-ay0s8av-mb
HP EliteBook 8 G1a 14 Notebook AI PC,HP,2099,USD,24,1024,specified,AMD Ryzen 7 250,AMD Radeon 780M,AMD,HP,AMD,InStock,"HP EliteBook 8 G1a 14 Notebook AI PC, Laptops. AMD Ryzen 7 250 · 24 GB RAM · 1 TB · AMD Radeon 780M · from $2,099. Specs, configurations, and where to buy on Plug PCs.",https://plugpcs.com/p/hp/hp-elitebook-8-g1a-14-notebook-ai-pc-d6ca3ua-aba,,,laptops,D6CA3UA#ABA,specified,https://schema.org/InStock,https://www.hp.com/us-en/shop/pdp/hp-elitebook-8-g1a-14-inch-notebook-pc-wolf-pro-security-edition-p-d6ca3ua-aba-1
HP EliteBook 8 G1a 14 Notebook PC,HP,1449,USD,16,512,specified,AMD Ryzen AI 5 340,AMD Radeon 840M,AMD,HP,AMD,InStock,"HP EliteBook 8 G1a 14 Notebook PC, Laptops. AMD Ryzen AI 5 340 · 16 GB RAM · 512 GB · AMD Radeon 840M · from $1,449. Specs, configurations, and where to buy on Plug PCs.",https://plugpcs.com/p/hp/hp-elitebook-8-g1a-14-notebook-pc,,,laptops,BP7D8UA#ABA,specified,https://schema.org/InStock,https://www.hp.com/us-en/shop/pdp/hp-elitebook-8-g1a-14-inch-notebook-next-gen-ai-pc-wolf-pro-security-edition-p-bp7d8ua-aba-1
HP EliteBook 8 G1a 14 Notebook PC,HP,3600,USD,32,512,specified,AMD Ryzen AI 7 350,AMD Radeon 860M,AMD,HP,AMD,InStock,"HP EliteBook 8 G1a 14 Notebook PC, Laptops. AMD Ryzen AI 7 350 · 32 GB RAM · 512 GB · AMD Radeon 860M · from $3,600. Specs, configurations, and where to buy on Plug PCs.",https://plugpcs.com/p/hp/hp-elitebook-8-g1a-14-notebook-pc-bp7e5ua-aba,,,laptops,BP7E5UA#ABA,specified,https://schema.org/InStock,https://www.hp.com/us-en/shop/pdp/hp-elitebook-8-g1a-14-inch-notebook-next-gen-ai-pc-wolf-pro-security-edition-p-bp7e5ua-aba-1
HP EliteBook 8 G1a 14 Notebook PC,HP,1799,USD,24,512,specified,AMD Ryzen AI 7 350,AMD Radeon 860M,AMD,HP,AMD,InStock,"HP EliteBook 8 G1a 14 Notebook PC, Laptops. AMD Ryzen AI 7 350 · 24 GB RAM · 512 GB · AMD Radeon 860M · from $1,799. Specs, configurations, and where to buy on Plug PCs.",https://plugpcs.com/p/hp/hp-elitebook-8-g1a-14-notebook-pc-d6cv1ua-aba,,,laptops,D6CV1UA#ABA,specified,https://schema.org/InStock,https://www.hp.com/us-en/shop/pdp/hp-elitebook-8-g1a-14-inch-notebook-next-gen-ai-pc-wolf-pro-security-edition-p-d6cv1ua-aba-1
HP EliteBook 8 G1a 14 Notebook PC,HP,2049,USD,24,1024,specified,AMD Ryzen AI 7 350,AMD Radeon 860M,AMD,HP,AMD,InStock,"HP EliteBook 8 G1a 14 Notebook PC, Laptops. AMD Ryzen AI 7 350 · 24 GB RAM · 1 TB · AMD Radeon 860M · from $2,049. Specs, configurations, and where to buy on Plug PCs.",https://plugpcs.com/p/hp/hp-elitebook-8-g1a-14-notebook-pc-d6cv4ua-aba,,,laptops,D6CV4UA#ABA,specified,https://schema.org/InStock,https://www.hp.com/us-en/shop/pdp/hp-elitebook-8-g1a-14-inch-notebook-next-gen-ai-pc-wolf-pro-security-edition-p-d6cv4ua-aba-1
HP EliteBook 8 G1a 14 Notebook PC,HP,2149,USD,24,1024,specified,AMD Ryzen AI 7 350,AMD Radeon 860M,AMD,HP,AMD,InStock,"HP EliteBook 8 G1a 14 Notebook PC, Laptops. AMD Ryzen AI 7 350 · 24 GB RAM · 1 TB · AMD Radeon 860M · from $2,149. Specs, configurations, and where to buy on Plug PCs.",https://plugpcs.com/p/hp/hp-elitebook-8-g1a-14-notebook-pc-d6cv5ua-aba,,,laptops,D6CV5UA#ABA,specified,https://schema.org/InStock,https://www.hp.com/us-en/shop/pdp/hp-elitebook-8-g1a-14-inch-notebook-next-gen-ai-pc-wolf-pro-security-edition-p-d6cv5ua-aba-1
HP EliteBook 8 G1a 14 Notebook PC,HP,2199,USD,24,1024,specified,AMD Ryzen AI 7 350,AMD Radeon 860M,AMD,HP,AMD,InStock,"HP EliteBook 8 G1a 14 Notebook PC, Laptops. AMD Ryzen AI 7 350 · 24 GB RAM · 1 TB · AMD Radeon 860M · from $2,199. Specs, configurations, and where to buy on Plug PCs.",https://plugpcs.com/p/hp/hp-elitebook-8-g1a-14-notebook-pc-d6cv7ua-aba,,,laptops,D6CV7UA#ABA,specified,https://schema.org/InStock,https://www.hp.com/us-en/shop/pdp/hp-elitebook-8-g1a-14-inch-notebook-next-gen-ai-pc-wolf-pro-security-edition-p-d6cv7ua-aba-1
HP EliteBook 8 G1a 16 inch Notebook AI PC,HP,2618,USD,8,256,specified,AMD Ryzen 5,AMD Radeon,AMD,HP,AMD,InStock,"HP EliteBook 8 G1a 16 inch Notebook AI PC, Laptops. AMD Ryzen 5 · 8 GB RAM · 256 GB · AMD Radeon · from $2,618. Specs, configurations, and where to buy on Plug PCs.",https://plugpcs.com/p/hp/hp-elitebook-8-g1a-16-inch-notebook-ai-pc,,,laptops,AZ4Y4AV_MB,specified,https://schema.org/InStock,https://www.hp.com/us-en/shop/pdp/hp-elitebook-8-g1a-16-inch-ai-customizable-az4y4av-mb
HP EliteBook 8 G1a 16 Notebook AI PC,HP,1849,USD,16,1024,specified,AMD Ryzen 7 250,AMD Radeon 780M,AMD,HP,AMD,InStock,"HP EliteBook 8 G1a 16 Notebook AI PC, Laptops. AMD Ryzen 7 250 · 16 GB RAM · 1 TB · AMD Radeon 780M · from $1,849. Specs, configurations, and where to buy on Plug PCs.",https://plugpcs.com/p/hp/hp-elitebook-8-g1a-16-notebook-ai-pc-bp7d0ua-aba,,,laptops,BP7D0UA#ABA,specified,https://schema.org/InStock,https://www.hp.com/us-en/shop/pdp/hp-elitebook-8-g1a-16-inch-notebook-pc-wolf-pro-security-edition-p-bp7d0ua-aba-1
HP EliteBook 8 G1a 16 Notebook AI PC,HP,3358,USD,16,1024,specified,AMD Ryzen 7 250,AMD Radeon 780M,AMD,HP,AMD,InStock,"HP EliteBook 8 G1a 16 Notebook AI PC, Laptops. AMD Ryzen 7 250 · 16 GB RAM · 1 TB · AMD Radeon 780M · from $3,358. Specs, configurations, and where to buy on Plug PCs.",https://plugpcs.com/p/hp/hp-elitebook-8-g1a-16-notebook-ai-pc-bp7d1ua-aba,,,laptops,BP7D1UA#ABA,specified,https://schema.org/InStock,https://www.hp.com/us-en/shop/pdp/hp-elitebook-8-g1a-16-inch-notebook-pc-wolf-pro-security-edition-p-bp7d1ua-aba-1
HP EliteBook 8 G1a 16 Notebook AI PC,HP,1449,USD,16,512,specified,AMD Ryzen 5 230,AMD Radeon 760M,AMD,HP,AMD,InStock,"HP EliteBook 8 G1a 16 Notebook AI PC, Laptops. AMD Ryzen 5 230 · 16 GB RAM · 512 GB · AMD Radeon 760M · from $1,449. Specs, configurations, and where to buy on Plug PCs.",https://plugpcs.com/p/hp/hp-elitebook-8-g1a-16-notebook-ai-pc-bp7d3ua-aba,,,laptops,BP7D3UA#ABA,specified,https://schema.org/InStock,https://www.hp.com/us-en/shop/pdp/hp-elitebook-8-g1a-16-inch-notebook-pc-wolf-pro-security-edition-p-bp7d3ua-aba-1
HP EliteBook 8 G1a 16 Notebook AI PC,HP,1849,USD,24,1024,specified,AMD Ryzen 7 250,AMD Radeon 780M,AMD,HP,AMD,InStock,"HP EliteBook 8 G1a 16 Notebook AI PC, Laptops. AMD Ryzen 7 250 · 24 GB RAM · 1 TB · AMD Radeon 780M · from $1,849. Specs, configurations, and where to buy on Plug PCs.",https://plugpcs.com/p/hp/hp-elitebook-8-g1a-16-notebook-ai-pc-d6cr7ua-aba,,,laptops,D6CR7UA#ABA,specified,https://schema.org/InStock,https://www.hp.com/us-en/shop/pdp/hp-elitebook-8-g1a-16-inch-notebook-pc-wolf-pro-security-edition-p-d6cr7ua-aba-1
HP EliteBook 8 G1a 16 Notebook AI PC,HP,4306,USD,24,512,specified,AMD Ryzen 7 250,AMD Radeon 780M,AMD,HP,AMD,InStock,"HP EliteBook 8 G1a 16 Notebook AI PC, Laptops. AMD Ryzen 7 250 · 24 GB RAM · 512 GB · AMD Radeon 780M · from $4,306. Specs, configurations, and where to buy on Plug PCs.",https://plugpcs.com/p/hp/hp-elitebook-8-g1a-16-notebook-ai-pc-d6cs0ua-aba,,,laptops,D6CS0UA#ABA,specified,https://schema.org/InStock,https://www.hp.com/us-en/shop/pdp/hp-elitebook-8-g1a-16-inch-notebook-pc-wolf-pro-security-edition-p-d6cs0ua-aba-1
HP EliteBook 8 G1a 16 Notebook PC,HP,1549,USD,16,512,specified,AMD Ryzen AI 5 340,AMD Radeon 840M,AMD,HP,AMD,InStock,"HP EliteBook 8 G1a 16 Notebook PC, Laptops. AMD Ryzen AI 5 340 · 16 GB RAM · 512 GB · AMD Radeon 840M · from $1,549. Specs, configurations, and where to buy on Plug PCs.",https://plugpcs.com/p/hp/hp-elitebook-8-g1a-16-notebook-pc,,,laptops,BP7B0UA#ABA,specified,https://schema.org/InStock,https://www.hp.com/us-en/shop/pdp/hp-elitebook-8-g1a-16-inch-notebook-next-gen-ai-pc-wolf-pro-security-edition
HP EliteBook 8 G1a 16 Notebook PC,HP,4296,USD,32,512,specified,AMD Ryzen AI 7 350,AMD Radeon 860M,AMD,HP,AMD,InStock,"HP EliteBook 8 G1a 16 Notebook PC, Laptops. AMD Ryzen AI 7 350 · 32 GB RAM · 512 GB · AMD Radeon 860M · from $4,296. Specs, configurations, and where to buy on Plug PCs.",https://plugpcs.com/p/hp/hp-elitebook-8-g1a-16-notebook-pc-bp7b3ua-aba,,,laptops,BP7B3UA#ABA,specified,https://schema.org/InStock,https://www.hp.com/us-en/shop/pdp/hp-elitebook-8-g1a-16-inch-notebook-next-gen-ai-pc-wolf-pro-security-edition-p-bp7b3ua-aba-1
HP EliteBook 8 G1a 16 Notebook PC,HP,4258,USD,64,1024,specified,AMD Ryzen AI 7 350,AMD Radeon 860M,AMD,HP,AMD,InStock,"HP EliteBook 8 G1a 16 Notebook PC, Laptops. AMD Ryzen AI 7 350 · 64 GB RAM · 1 TB · AMD Radeon 860M · from $4,258. Specs, configurations, and where to buy on Plug PCs.",https://plugpcs.com/p/hp/hp-elitebook-8-g1a-16-notebook-pc-bp7b9ua-aba,,,laptops,BP7B9UA#ABA,specified,https://schema.org/InStock,https://www.hp.com/us-en/shop/pdp/hp-elitebook-8-g1a-16-inch-notebook-next-gen-ai-pc-wolf-pro-security-edition-p-bp7b9ua-aba-1
HP EliteBook 8 G1a 16 Notebook PC,HP,2699,USD,24,2048,specified,AMD Ryzen AI 7 350,AMD Radeon 860M,AMD,HP,AMD,InStock,"HP EliteBook 8 G1a 16 Notebook PC, Laptops. AMD Ryzen AI 7 350 · 24 GB RAM · 2 TB · AMD Radeon 860M · from $2,699. Specs, configurations, and where to buy on Plug PCs.",https://plugpcs.com/p/hp/hp-elitebook-8-g1a-16-notebook-pc-d6cx7ua-aba,,,laptops,D6CX7UA#ABA,specified,https://schema.org/InStock,https://www.hp.com/us-en/shop/pdp/hp-elitebook-8-g1a-16-inch-notebook-next-gen-ai-pc-wolf-pro-security-edition-p-d6cx7ua-aba-1
HP EliteBook 8 G1a 16 Notebook PC,HP,4719,USD,24,1024,specified,AMD Ryzen AI 7 350,AMD Radeon 860M,AMD,HP,AMD,InStock,"HP EliteBook 8 G1a 16 Notebook PC, Laptops. AMD Ryzen AI 7 350 · 24 GB RAM · 1 TB · AMD Radeon 860M · from $4,719. Specs, configurations, and where to buy on Plug PCs.",https://plugpcs.com/p/hp/hp-elitebook-8-g1a-16-notebook-pc-d6cx8ua-aba,,,laptops,D6CX8UA#ABA,specified,https://schema.org/InStock,https://www.hp.com/us-en/shop/pdp/hp-elitebook-8-g1a-16-inch-notebook-next-gen-ai-pc-wolf-pro-security-edition-p-d6cx8ua-aba-1
HP EliteBook 8 G1i 13 inch AI,HP,2559,USD,16,256,specified,,Intel Graphics,Intel,HP,Unknown,InStock,"HP EliteBook 8 G1i 13 inch AI, Laptops. 16 GB RAM · 256 GB · Intel Graphics · from $2,559. Specs, configurations, and where to buy on Plug PCs.",https://plugpcs.com/p/hp/hp-elitebook-8-g1i-13-inch-ai,,,laptops,AP3F5AV_MB,specified,https://schema.org/InStock,https://www.hp.com/us-en/shop/pdp/hp-elitebook-8-g1i-13-inch-inch-ai-customizable-ap3f5av-mb
HP EliteBook 8 G1i 14 Notebook AI PC,HP,1849,USD,16,1024,specified,Intel Core Ultra 7 255H,Intel Arc 140T,Intel,HP,Intel,InStock,"HP EliteBook 8 G1i 14 Notebook AI PC, Laptops. Intel Core Ultra 7 255H · 16 GB RAM · 1 TB · Intel Arc 140T · from $1,849. Specs, configurations, and where to buy on Plug PCs.",https://plugpcs.com/p/hp/hp-elitebook-8-g1i-14-notebook-ai-pc-bm0r1ua-aba,,,laptops,BM0R1UA#ABA,specified,https://schema.org/InStock,https://www.hp.com/us-en/shop/pdp/hp-elitebook-8-g1i-14-inch-notebook-ai-pc-wolf-pro-security-edition-p-bm0r1ua-aba-1
HP EliteBook 8 G1i 14 Notebook AI PC,HP,4960,USD,64,1024,specified,Intel Core Ultra 7 265H,Intel Arc Graphics,Intel,HP,Intel,InStock,"HP EliteBook 8 G1i 14 Notebook AI PC, Laptops. Intel Core Ultra 7 265H · 64 GB RAM · 1 TB · Intel Arc Graphics · from $4,960. Specs, configurations, and where to buy on Plug PCs.",https://plugpcs.com/p/hp/hp-elitebook-8-g1i-14-notebook-ai-pc-bm0r3ua-aba,,,laptops,BM0R3UA#ABA,specified,https://schema.org/InStock,https://www.hp.com/us-en/shop/pdp/hp-elitebook-8-g1i-14-inch-notebook-ai-pc-wolf-pro-security-edition-p-bm0r3ua-aba-1
HP EliteBook 8 G1i 14 Notebook AI PC,HP,4517,USD,32,1024,specified,Intel Core Ultra 7 265H,Intel Arc Graphics,Intel,HP,Intel,InStock,"HP EliteBook 8 G1i 14 Notebook AI PC, Laptops. Intel Core Ultra 7 265H · 32 GB RAM · 1 TB · Intel Arc Graphics · from $4,517. Specs, configurations, and where to buy on Plug PCs.",https://plugpcs.com/p/hp/hp-elitebook-8-g1i-14-notebook-ai-pc-bm0r5ua-aba,,,laptops,BM0R5UA#ABA,specified,https://schema.org/InStock,https://www.hp.com/us-en/shop/pdp/hp-elitebook-8-g1i-14-inch-notebook-ai-pc-wolf-pro-security-edition-p-bm0r5ua-aba-1
HP EliteBook 8 G1i 14 Notebook AI PC,HP,1699,USD,24,1024,specified,Intel Core Ultra 7 255H,Intel Arc 140T,Intel,HP,Intel,InStock,"HP EliteBook 8 G1i 14 Notebook AI PC, Laptops. Intel Core Ultra 7 255H · 24 GB RAM · 1 TB · Intel Arc 140T · from $1,699. Specs, configurations, and where to buy on Plug PCs.",https://plugpcs.com/p/hp/hp-elitebook-8-g1i-14-notebook-ai-pc-d6df7ua-aba,,,laptops,D6DF7UA#ABA,specified,https://schema.org/InStock,https://www.hp.com/us-en/shop/pdp/hp-elitebook-8-g1i-14-inch-notebook-ai-pc-wolf-pro-security-edition-p-d6df7ua-aba-1
HP EliteBook 8 G1i 14 Notebook AI PC,HP,1929,USD,24,1024,specified,Intel Core Ultra 7 255H,Intel Arc 140T,Intel,HP,Intel,InStock,"HP EliteBook 8 G1i 14 Notebook AI PC, Laptops. Intel Core Ultra 7 255H · 24 GB RAM · 1 TB · Intel Arc 140T · from $1,929. Specs, configurations, and where to buy on Plug PCs.",https://plugpcs.com/p/hp/hp-elitebook-8-g1i-14-notebook-ai-pc-d6df8ua-aba,,,laptops,D6DF8UA#ABA,specified,https://schema.org/InStock,https://www.hp.com/us-en/shop/pdp/hp-elitebook-8-g1i-14-inch-notebook-ai-pc-wolf-pro-security-edition-p-d6df8ua-aba-1
HP EliteBook 8 G1i 14 Notebook AI PC,HP,1845,USD,24,1024,specified,Intel Core Ultra 7 265H,Intel Arc Graphics,Intel,HP,Intel,InStock,"HP EliteBook 8 G1i 14 Notebook AI PC, Laptops. Intel Core Ultra 7 265H · 24 GB RAM · 1 TB · Intel Arc Graphics · from $1,845. Specs, configurations, and where to buy on Plug PCs.",https://plugpcs.com/p/hp/hp-elitebook-8-g1i-14-notebook-ai-pc-d6dg1ua-aba,,,laptops,D6DG1UA#ABA,specified,https://schema.org/InStock,https://www.hp.com/us-en/shop/pdp/hp-elitebook-8-g1i-14-inch-notebook-ai-pc-wolf-pro-security-edition-p-d6dg1ua-aba-1
HP EliteBook 8 G1i 14 Notebook AI PC Touch,HP,1499,USD,16,512,specified,Intel Core Ultra 5 235H,Intel Arc 140T,Intel,HP,Intel,InStock,"HP EliteBook 8 G1i 14 Notebook AI PC Touch, Laptops. Intel Core Ultra 5 235H · 16 GB RAM · 512 GB · Intel Arc 140T · from $1,499. Specs, configurations, and where to buy on Plug PCs.",https://plugpcs.com/p/hp/hp-elitebook-8-g1i-14-notebook-ai-pc-touch,,,laptops,BM2B5UA#ABA,specified,https://schema.org/InStock,https://www.hp.com/us-en/shop/pdp/hp-elitebook-8-g1i-14-inch-notebook-ai-pc-wolf-pro-security-edition
HP EliteBook 8 G1i 14 Notebook PC,HP,3750,USD,32,1024,specified,Intel Core Ultra 7 258V,Intel Arc Graphics,Intel,HP,Intel,InStock,"HP EliteBook 8 G1i 14 Notebook PC, Laptops. Intel Core Ultra 7 258V · 32 GB RAM · 1 TB · Intel Arc Graphics · from $3,750. Specs, configurations, and where to buy on Plug PCs.",https://plugpcs.com/p/hp/hp-elitebook-8-g1i-14-notebook-pc,,,laptops,BQ5P5UA#ABA,specified,https://schema.org/InStock,https://www.hp.com/us-en/shop/pdp/hp-elitebook-8-g1i-14-inch-notebook-next-gen-ai-pc-wolf-pro-security-edition
HP EliteBook 8 G1i 14-inch Notebook AI PC,HP,3146,USD,8,256,specified,Intel Arc,Intel Arc,Intel,HP,Intel,InStock,"HP EliteBook 8 G1i 14-inch Notebook AI PC, Laptops. 8 GB RAM · 256 GB · Intel Arc · from $3,146. Specs, configurations, and where to buy on Plug PCs.",https://plugpcs.com/p/hp/hp-elitebook-8-g1i-14-inch-notebook-ai-pc,,,laptops,AP6J3AV_MB,specified,https://schema.org/InStock,https://www.hp.com/us-en/shop/pdp/hp-elitebook-8-g1i-14-inch-ai-customizable-ap6j3av-mb
HP EliteBook 8 G1i 16 inch Notebook AI PC,HP,3167,USD,8,256,specified,Intel Arc,Intel Arc,Intel,HP,Intel,InStock,"HP EliteBook 8 G1i 16 inch Notebook AI PC, Laptops. 8 GB RAM · 256 GB · Intel Arc · from $3,167. Specs, configurations, and where to buy on Plug PCs.",https://plugpcs.com/p/hp/hp-elitebook-8-g1i-16-inch-notebook-ai-pc,,,laptops,AQ0H2AV_MB,specified,https://schema.org/InStock,https://www.hp.com/us-en/shop/pdp/hp-elitebook-8-g1i-16-inch-ai-customizable-aq0h2av-mb
HP EliteBook 8 G1i 16 Notebook AI PC,HP,1649,USD,16,256,specified,Intel Core Ultra 5 225H,Intel Arc 130T,Intel,HP,Intel,InStock,"HP EliteBook 8 G1i 16 Notebook AI PC, Laptops. Intel Core Ultra 5 225H · 16 GB RAM · 256 GB · Intel Arc 130T · from $1,649. Specs, configurations, and where to buy on Plug PCs.",https://plugpcs.com/p/hp/hp-elitebook-8-g1i-16-notebook-ai-pc,,,laptops,BM0R6UA#ABA,specified,https://schema.org/InStock,https://www.hp.com/us-en/shop/pdp/hp-elitebook-8-g1i-16-inch-notebook-ai-pc-wolf-pro-security-edition-p-bm0r6ua-aba-1
HP EliteBook 8 G1i 16 Notebook AI PC,HP,1599,USD,16,512,specified,Intel Core Ultra 5 235H,Intel Arc 140T,Intel,HP,Intel,InStock,"HP EliteBook 8 G1i 16 Notebook AI PC, Laptops. Intel Core Ultra 5 235H · 16 GB RAM · 512 GB · Intel Arc 140T · from $1,599. Specs, configurations, and where to buy on Plug PCs.",https://plugpcs.com/p/hp/hp-elitebook-8-g1i-16-notebook-ai-pc-bm2r2ua-aba,,,laptops,BM2R2UA#ABA,specified,https://schema.org/InStock,https://www.hp.com/us-en/shop/pdp/hp-elitebook-8-g1i-16-inch-notebook-ai-pc-wolf-pro-security-edition-p-bm2r2ua-aba-1
HP EliteBook 8 G1i 16 Notebook AI PC,HP,2199,USD,24,1024,specified,Intel Core Ultra 7 255H,Intel Arc 140T,Intel,HP,Intel,InStock,"HP EliteBook 8 G1i 16 Notebook AI PC, Laptops. Intel Core Ultra 7 255H · 24 GB RAM · 1 TB · Intel Arc 140T · from $2,199. Specs, configurations, and where to buy on Plug PCs.",https://plugpcs.com/p/hp/hp-elitebook-8-g1i-16-notebook-ai-pc-d6dk1ua-aba,,,laptops,D6DK1UA#ABA,specified,https://schema.org/InStock,https://www.hp.com/us-en/shop/pdp/hp-elitebook-8-g1i-16-inch-notebook-ai-pc-wolf-pro-security-edition-p-d6dk1ua-aba-1
HP EliteBook 8 G1i 16 Notebook AI PC,HP,1985,USD,24,2048,specified,Intel Core Ultra 7 255H,Intel Arc 140T,Intel,HP,Intel,InStock,"HP EliteBook 8 G1i 16 Notebook AI PC, Laptops. Intel Core Ultra 7 255H · 24 GB RAM · 2 TB · Intel Arc 140T · from $1,985. Specs, configurations, and where to buy on Plug PCs.",https://plugpcs.com/p/hp/hp-elitebook-8-g1i-16-notebook-ai-pc-d6dk2ua-aba,,,laptops,D6DK2UA#ABA,specified,https://schema.org/InStock,https://www.hp.com/us-en/shop/pdp/hp-elitebook-8-g1i-16-inch-notebook-ai-pc-wolf-pro-security-edition-p-d6dk2ua-aba-1
HP EliteBook 8 G2a 14 inch Notebook PC,HP,1469,USD,16,512,specified,AMD Ryzen AI 5 440,AMD Radeon 840M,AMD,HP,AMD,InStock,"HP EliteBook 8 G2a 14 inch Notebook PC, Laptops. AMD Ryzen AI 5 440 · 16 GB RAM · 512 GB · AMD Radeon 840M · from $1,469. Specs, configurations, and where to buy on Plug PCs.",https://plugpcs.com/p/hp/hp-elitebook-8-g2a-14-inch-notebook-pc,,,laptops,DR0G6UA#ABA,specified,https://schema.org/InStock,https://www.hp.com/us-en/shop/pdp/hp-elitebook-8-g2a-14-inch-notebook-next-gen-ai-pc-wolf-pro-security-edition-p-dr0g6ua-aba-1
HP EliteBook 8 G2a 14 inch Notebook PC,HP,1949,USD,16,1024,specified,AMD Ryzen AI 7 450,AMD Radeon 860M,AMD,HP,AMD,InStock,"HP EliteBook 8 G2a 14 inch Notebook PC, Laptops. AMD Ryzen AI 7 450 · 16 GB RAM · 1 TB · AMD Radeon 860M · from $1,949. Specs, configurations, and where to buy on Plug PCs.",https://plugpcs.com/p/hp/hp-elitebook-8-g2a-14-inch-notebook-pc-dr0g7ua-aba,,,laptops,DR0G7UA#ABA,specified,https://schema.org/InStock,https://www.hp.com/us-en/shop/pdp/hp-elitebook-8-g2a-14-inch-notebook-next-gen-ai-pc-wolf-pro-security-edition
HP EliteBook 8 G2a 14 inch Notebook PC,HP,2249,USD,32,1024,specified,AMD Ryzen AI 7 450,AMD Radeon 860M,AMD,HP,AMD,InStock,"HP EliteBook 8 G2a 14 inch Notebook PC, Laptops. AMD Ryzen AI 7 450 · 32 GB RAM · 1 TB · AMD Radeon 860M · from $2,249. Specs, configurations, and where to buy on Plug PCs.",https://plugpcs.com/p/hp/hp-elitebook-8-g2a-14-inch-notebook-pc-dr0h0ua-aba,,,laptops,DR0H0UA#ABA,specified,https://schema.org/InStock,https://www.hp.com/us-en/shop/pdp/hp-elitebook-8-g2a-14-inch-notebook-next-gen-ai-pc-wolf-pro-security-edition-p-dr0h0ua-aba-1
HP EliteBook 8 G2a 14 inch Notebook PC,HP,2749,USD,64,1024,specified,AMD Ryzen AI 7 450,AMD Radeon 860M,AMD,HP,AMD,InStock,"HP EliteBook 8 G2a 14 inch Notebook PC, Laptops. AMD Ryzen AI 7 450 · 64 GB RAM · 1 TB · AMD Radeon 860M · from $2,749. Specs, configurations, and where to buy on Plug PCs.",https://plugpcs.com/p/hp/hp-elitebook-8-g2a-14-inch-notebook-pc-dr0h3ua-aba,,,laptops,DR0H3UA#ABA,specified,https://schema.org/InStock,https://www.hp.com/us-en/shop/pdp/hp-elitebook-8-g2a-14-inch-notebook-next-gen-ai-pc-wolf-pro-security-edition-p-dr0h3ua-aba-1
HP EliteBook 8 G2a 14 inch Notebook PC,HP,2149,USD,32,1024,specified,AMD Ryzen AI 7 450,AMD Radeon 860M,AMD,HP,AMD,InStock,"HP EliteBook 8 G2a 14 inch Notebook PC, Laptops. AMD Ryzen AI 7 450 · 32 GB RAM · 1 TB · AMD Radeon 860M · from $2,149. Specs, configurations, and where to buy on Plug PCs.",https://plugpcs.com/p/hp/hp-elitebook-8-g2a-14-inch-notebook-pc-dr0h5ua-aba,,,laptops,DR0H5UA#ABA,specified,https://schema.org/InStock,https://www.hp.com/us-en/shop/pdp/hp-elitebook-8-g2a-14-inch-notebook-next-gen-ai-pc-wolf-pro-security-edition-p-dr0h5ua-aba-1
HP EliteBook 8 G2a 14 inch Notebook PC,HP,2699,USD,64,1024,specified,AMD Ryzen AI 7 450,AMD Radeon 860M,AMD,HP,AMD,InStock,"HP EliteBook 8 G2a 14 inch Notebook PC, Laptops. AMD Ryzen AI 7 450 · 64 GB RAM · 1 TB · AMD Radeon 860M · from $2,699. Specs, configurations, and where to buy on Plug PCs.",https://plugpcs.com/p/hp/hp-elitebook-8-g2a-14-inch-notebook-pc-dr0h7ua-aba,,,laptops,DR0H7UA#ABA,specified,https://schema.org/InStock,https://www.hp.com/us-en/shop/pdp/hp-elitebook-8-g2a-14-inch-notebook-next-gen-ai-pc-wolf-pro-security-edition-p-dr0h7ua-aba-1
HP EliteBook 8 G2a 16 inch Notebook PC,HP,1469,USD,16,512,specified,AMD Ryzen AI 5 440,AMD Radeon 840M,AMD,HP,AMD,InStock,"HP EliteBook 8 G2a 16 inch Notebook PC, Laptops. AMD Ryzen AI 5 440 · 16 GB RAM · 512 GB · AMD Radeon 840M · from $1,469. Specs, configurations, and where to buy on Plug PCs.",https://plugpcs.com/p/hp/hp-elitebook-8-g2a-16-inch-notebook-pc,,,laptops,DR0G4UA#ABA,specified,https://schema.org/InStock,https://www.hp.com/us-en/shop/pdp/hp-elitebook-8-g2a-16-inch-notebook-next-gen-ai-pc-wolf-pro-security-edition-p-dr0g4ua-aba-1
HP EliteBook 8 G2a 16 inch Notebook PC,HP,1999,USD,16,1024,specified,AMD Ryzen AI 7 450,AMD Radeon 860M,AMD,HP,AMD,InStock,"HP EliteBook 8 G2a 16 inch Notebook PC, Laptops. AMD Ryzen AI 7 450 · 16 GB RAM · 1 TB · AMD Radeon 860M · from $1,999. Specs, configurations, and where to buy on Plug PCs.",https://plugpcs.com/p/hp/hp-elitebook-8-g2a-16-inch-notebook-pc-dr3a1ua-aba,,,laptops,DR3A1UA#ABA,specified,https://schema.org/InStock,https://www.hp.com/us-en/shop/pdp/hp-elitebook-8-g2a-16-inch-notebook-next-gen-ai-pc-wolf-pro-security-edition-p-dr3a1ua-aba-1
HP EliteBook 8 G2a 16 inch Notebook PC,HP,2799,USD,64,1024,specified,AMD Ryzen AI 7 450,AMD Radeon 860M,AMD,HP,AMD,InStock,"HP EliteBook 8 G2a 16 inch Notebook PC, Laptops. AMD Ryzen AI 7 450 · 64 GB RAM · 1 TB · AMD Radeon 860M · from $2,799. Specs, configurations, and where to buy on Plug PCs.",https://plugpcs.com/p/hp/hp-elitebook-8-g2a-16-inch-notebook-pc-dr3a4ua-aba,,,laptops,DR3A4UA#ABA,specified,https://schema.org/InStock,https://www.hp.com/us-en/shop/pdp/hp-elitebook-8-g2a-16-inch-notebook-next-gen-ai-pc-wolf-pro-security-edition
HP EliteBook 8 G2a 16 inch Notebook PC,HP,2099,USD,32,1024,specified,AMD Ryzen AI 7 450,AMD Radeon 860M,AMD,HP,AMD,InStock,"HP EliteBook 8 G2a 16 inch Notebook PC, Laptops. AMD Ryzen AI 7 450 · 32 GB RAM · 1 TB · AMD Radeon 860M · from $2,099. Specs, configurations, and where to buy on Plug PCs.",https://plugpcs.com/p/hp/hp-elitebook-8-g2a-16-inch-notebook-pc-dr3a5ua-aba,,,laptops,DR3A5UA#ABA,specified,https://schema.org/InStock,https://www.hp.com/us-en/shop/pdp/hp-elitebook-8-g2a-16-inch-notebook-next-gen-ai-pc-wolf-pro-security-edition-p-dr3a5ua-aba-1
HP EliteBook 8 G2a 16 inch Notebook PC,HP,2799,USD,64,1024,specified,AMD Ryzen AI 7 450,AMD Radeon 860M,AMD,HP,AMD,InStock,"HP EliteBook 8 G2a 16 inch Notebook PC, Laptops. AMD Ryzen AI 7 450 · 64 GB RAM · 1 TB · AMD Radeon 860M · from $2,799. Specs, configurations, and where to buy on Plug PCs.",https://plugpcs.com/p/hp/hp-elitebook-8-g2a-16-inch-notebook-pc-dr3a7ua-aba,,,laptops,DR3A7UA#ABA,specified,https://schema.org/InStock,https://www.hp.com/us-en/shop/pdp/hp-elitebook-8-g2a-16-inch-notebook-next-gen-ai-pc-wolf-pro-security-edition-p-dr3a7ua-aba-1
HP EliteBook 8 G2i 14 inch Notebook PC,HP,2044,USD,16,512,specified,,Intel Graphics,Intel,HP,Unknown,InStock,"HP EliteBook 8 G2i 14 inch Notebook PC, Laptops. 16 GB RAM · 512 GB · Intel Graphics · from $2,044. Specs, configurations, and where to buy on Plug PCs.",https://plugpcs.com/p/hp/hp-elitebook-8-g2i-14-inch-notebook-pc,,,laptops,C5EA6AV_MB,specified,https://schema.org/InStock,https://www.hp.com/us-en/shop/pdp/hp-elitebook-8-g2i-14-inch-notebook-next-gen-ai-pc-customizable-c5ea6av-mb
HP EliteBook 8 G2i 14 inch Notebook PC,HP,1349,USD,16,256,specified,Intel Core Ultra 5 325,Intel Graphics,Intel,HP,Intel,InStock,"HP EliteBook 8 G2i 14 inch Notebook PC, Laptops. Intel Core Ultra 5 325 · 16 GB RAM · 256 GB · Intel Graphics · from $1,349. Specs, configurations, and where to buy on Plug PCs.",https://plugpcs.com/p/hp/hp-elitebook-8-g2i-14-inch-notebook-pc-dl8e8ua-aba,,,laptops,DL8E8UA#ABA,specified,https://schema.org/InStock,https://www.hp.com/us-en/shop/pdp/hp-elitebook-8-g2i-14-inch-notebook-next-gen-ai-pc-wolf-pro-security-edition
HP EliteBook 8 G2i 14 inch Notebook PC,HP,2299,USD,32,1024,specified,Intel Core Ultra 7 356H,Intel Graphics,Intel,HP,Intel,InStock,"HP EliteBook 8 G2i 14 inch Notebook PC, Laptops. Intel Core Ultra 7 356H · 32 GB RAM · 1 TB · Intel Graphics · from $2,299. Specs, configurations, and where to buy on Plug PCs.",https://plugpcs.com/p/hp/hp-elitebook-8-g2i-14-inch-notebook-pc-dl8f4ua-aba,,,laptops,DL8F4UA#ABA,specified,https://schema.org/InStock,https://www.hp.com/us-en/shop/pdp/hp-elitebook-8-g2i-14-inch-notebook-next-gen-ai-pc-wolf-pro-security-edition-p-dl8f4ua-aba-1
HP EliteBook 8 G2i 14 inch Notebook PC,HP,2599,USD,64,1024,specified,Intel Core Ultra 7 366H,Intel Graphics,Intel,HP,Intel,InStock,"HP EliteBook 8 G2i 14 inch Notebook PC, Laptops. Intel Core Ultra 7 366H · 64 GB RAM · 1 TB · Intel Graphics · from $2,599. Specs, configurations, and where to buy on Plug PCs.",https://plugpcs.com/p/hp/hp-elitebook-8-g2i-14-inch-notebook-pc-dl8f7ua-aba,,,laptops,DL8F7UA#ABA,specified,https://schema.org/InStock,https://www.hp.com/us-en/shop/pdp/hp-elitebook-8-g2i-14-inch-notebook-next-gen-ai-pc-wolf-pro-security-edition-p-dl8f7ua-aba-1
HP EliteBook 8 G2i 14 inch Notebook PC,HP,2599,USD,64,1024,specified,Intel Core Ultra 7 366H,Intel Graphics,Intel,HP,Intel,InStock,"HP EliteBook 8 G2i 14 inch Notebook PC, Laptops. Intel Core Ultra 7 366H · 64 GB RAM · 1 TB · Intel Graphics · from $2,599. Specs, configurations, and where to buy on Plug PCs.",https://plugpcs.com/p/hp/hp-elitebook-8-g2i-14-inch-notebook-pc-dl8f8ua-aba,,,laptops,DL8F8UA#ABA,specified,https://schema.org/InStock,https://www.hp.com/us-en/shop/pdp/hp-elitebook-8-g2i-14-inch-notebook-next-gen-ai-pc-wolf-pro-security-edition-p-dl8f8ua-aba-1
HP EliteBook 8 G2i 14 inch Notebook PC,HP,2299,USD,32,1024,specified,Intel Core Ultra 7 356H,Intel Graphics,Intel,HP,Intel,InStock,"HP EliteBook 8 G2i 14 inch Notebook PC, Laptops. Intel Core Ultra 7 356H · 32 GB RAM · 1 TB · Intel Graphics · from $2,299. Specs, configurations, and where to buy on Plug PCs.",https://plugpcs.com/p/hp/hp-elitebook-8-g2i-14-inch-notebook-pc-dm0p4ua-aba,,,laptops,DM0P4UA#ABA,specified,https://schema.org/InStock,https://www.hp.com/us-en/shop/pdp/hp-elitebook-8-g2i-14-inch-notebook-next-gen-ai-pc-wolf-pro-security-edition-p-dm0p4ua-aba-1
HP EliteBook 8 G2i 16 inch Notebook PC,HP,2077.6,USD,16,256,specified,,Intel Graphics,Intel,HP,Unknown,InStock,"HP EliteBook 8 G2i 16 inch Notebook PC, Laptops. 16 GB RAM · 256 GB · Intel Graphics · from $2,077.60. Specs, configurations, and where to buy on Plug PCs.",https://plugpcs.com/p/hp/hp-elitebook-8-g2i-16-inch-notebook-pc,,,laptops,C5GM0AV_MB,specified,https://schema.org/InStock,https://www.hp.com/us-en/shop/pdp/hp-elitebook-8-g2i-16-inch-notebook-ai-pc-customizable-c5gm0av-mb
HP EliteBook 8 G2i 16 inch Notebook PC,HP,1222,USD,16,256,specified,Intel Core Ultra 5 325,Intel Graphics,Intel,HP,Intel,InStock,"HP EliteBook 8 G2i 16 inch Notebook PC, Laptops. Intel Core Ultra 5 325 · 16 GB RAM · 256 GB · Intel Graphics · from $1,222. Specs, configurations, and where to buy on Plug PCs.",https://plugpcs.com/p/hp/hp-elitebook-8-g2i-16-inch-notebook-pc-dl8d3ua-aba,,,laptops,DL8D3UA#ABA,specified,https://schema.org/InStock,https://www.hp.com/us-en/shop/pdp/hp-elitebook-8-g2i-16-inch-notebook-next-gen-ai-pc-wolf-pro-security-edition-p-dl8d3ua-aba-1
HP EliteBook 8 G2i 16 inch Notebook PC,HP,1499,USD,16,512,specified,Intel Core Ultra 5 335,Intel Graphics,Intel,HP,Intel,InStock,"HP EliteBook 8 G2i 16 inch Notebook PC, Laptops. Intel Core Ultra 5 335 · 16 GB RAM · 512 GB · Intel Graphics · from $1,499. Specs, configurations, and where to buy on Plug PCs.",https://plugpcs.com/p/hp/hp-elitebook-8-g2i-16-inch-notebook-pc-dl8d4ua-aba,,,laptops,DL8D4UA#ABA,specified,https://schema.org/InStock,https://www.hp.com/us-en/shop/pdp/hp-elitebook-8-g2i-16-inch-notebook-next-gen-ai-pc-wolf-pro-security-edition-p-dl8d4ua-aba-1
HP EliteBook 8 G2i 16 inch Notebook PC,HP,1749,USD,16,512,specified,Intel Core Ultra 7 356H,Intel Graphics,Intel,HP,Intel,InStock,"HP EliteBook 8 G2i 16 inch Notebook PC, Laptops. Intel Core Ultra 7 356H · 16 GB RAM · 512 GB · Intel Graphics · from $1,749. Specs, configurations, and where to buy on Plug PCs.",https://plugpcs.com/p/hp/hp-elitebook-8-g2i-16-inch-notebook-pc-dl8d5ua-aba,,,laptops,DL8D5UA#ABA,specified,https://schema.org/InStock,https://www.hp.com/us-en/shop/pdp/hp-elitebook-8-g2i-16-inch-notebook-next-gen-ai-pc-wolf-pro-security-edition-p-dl8d5ua-aba-1
HP EliteBook 8 G2i 16 inch Notebook PC,HP,2299,USD,32,1024,specified,Intel Core Ultra 7 356H,Intel Graphics,Intel,HP,Intel,InStock,"HP EliteBook 8 G2i 16 inch Notebook PC, Laptops. Intel Core Ultra 7 356H · 32 GB RAM · 1 TB · Intel Graphics · from $2,299. Specs, configurations, and where to buy on Plug PCs.",https://plugpcs.com/p/hp/hp-elitebook-8-g2i-16-inch-notebook-pc-dl8d6ua-aba,,,laptops,DL8D6UA#ABA,specified,https://schema.org/InStock,https://www.hp.com/us-en/shop/pdp/hp-elitebook-8-g2i-16-inch-notebook-next-gen-ai-pc-wolf-pro-security-edition-p-dl8d6ua-aba-1
HP EliteBook 8 G2i 16 inch Notebook PC,HP,2299,USD,32,1024,specified,Intel Core Ultra 7 356H,Intel Graphics,Intel,HP,Intel,InStock,"HP EliteBook 8 G2i 16 inch Notebook PC, Laptops. Intel Core Ultra 7 356H · 32 GB RAM · 1 TB · Intel Graphics · from $2,299. Specs, configurations, and where to buy on Plug PCs.",https://plugpcs.com/p/hp/hp-elitebook-8-g2i-14-inch-notebook-pc-dm0p2ua-aba,,,laptops,DM0P2UA#ABA,specified,https://schema.org/InStock,https://www.hp.com/us-en/shop/pdp/hp-elitebook-8-g2i-16-inch-notebook-next-gen-ai-pc-wolf-pro-security-edition-p-dm0p2ua-aba-1
HP EliteBook 8 G2i 16 inch Notebook PC,HP,2899,USD,64,1024,specified,Intel Core Ultra 7 356H,Intel Graphics,Intel,HP,Intel,InStock,"HP EliteBook 8 G2i 16 inch Notebook PC, Laptops. Intel Core Ultra 7 356H · 64 GB RAM · 1 TB · Intel Graphics · from $2,899. Specs, configurations, and where to buy on Plug PCs.",https://plugpcs.com/p/hp/hp-elitebook-8-g2i-16-inch-notebook-pc-dm0p3ua-aba,,,laptops,DM0P3UA#ABA,specified,https://schema.org/InStock,https://www.hp.com/us-en/shop/pdp/hp-elitebook-8-g2i-16-inch-notebook-next-gen-ai-pc-wolf-pro-security-edition-p-dm0p3ua-aba-1
HP EliteBook Ultra G1q 14 inch Touch Notebook PC,HP,3559,USD,16,512,specified,Snapdragon X Elite X1E-78-100,Qualcomm Adreno,Qualcomm,HP,Qualcomm,InStock,"HP EliteBook Ultra G1q 14 inch Touch Notebook PC, Laptops. Snapdragon X Elite X1E-78-100 · 16 GB RAM · 512 GB · Qualcomm Adreno · from $3,559. Specs, configurations, and where to buy on Plug PCs.",https://plugpcs.com/p/hp/hp-elitebook-ultra-g1q-14-inch-touch-notebook-pc-b32a1ua-aba,,,laptops,B32A1UA#ABA,specified,https://schema.org/InStock,https://www.hp.com/us-en/shop/pdp/hp-elitebook-ultra-14-inch-g1q-notebook-ai-pc-p-b32a1ua-aba-1
HP EliteBook X Flip G2i 14 inch Notebook PC,HP,2349,USD,24,512,specified,Intel Core Ultra 7 356H,Intel Graphics,Intel,HP,Intel,InStock,"HP EliteBook X Flip G2i 14 inch Notebook PC, Laptops. Intel Core Ultra 7 356H · 24 GB RAM · 512 GB · Intel Graphics · from $2,349. Specs, configurations, and where to buy on Plug PCs.",https://plugpcs.com/p/hp/hp-elitebook-x-flip-g2i-14-inch-notebook-pc-dc4e6ua-aba,,,laptops,DC4E6UA#ABA,specified,https://schema.org/InStock,https://www.hp.com/us-en/shop/pdp/hp-elitebook-x-flip-g2i-14-inch-notebook-next-gen-ai-pc-wolf-pro-security-edition-p-dc4e6ua-aba-1
HP EliteBook X Flip G2i 14 inch Notebook PC,HP,2999,USD,32,1024,specified,Intel Core Ultra 7 356H,Intel Graphics,Intel,HP,Intel,InStock,"HP EliteBook X Flip G2i 14 inch Notebook PC, Laptops. Intel Core Ultra 7 356H · 32 GB RAM · 1 TB · Intel Graphics · from $2,999. Specs, configurations, and where to buy on Plug PCs.",https://plugpcs.com/p/hp/hp-elitebook-x-flip-g2i-14-inch-notebook-pc-dc4e7ua-aba,,,laptops,DC4E7UA#ABA,specified,https://schema.org/InStock,https://www.hp.com/us-en/shop/pdp/hp-elitebook-x-flip-g2i-14-inch-notebook-next-gen-ai-pc-wolf-pro-security-edition-p-dc4e7ua-aba-1
HP EliteBook X Flip G2i 14 inch Notebook PC,HP,2999,USD,32,1024,specified,Intel Core Ultra 7 366H,Intel Graphics,Intel,HP,Intel,InStock,"HP EliteBook X Flip G2i 14 inch Notebook PC, Laptops. Intel Core Ultra 7 366H · 32 GB RAM · 1 TB · Intel Graphics · from $2,999. Specs, configurations, and where to buy on Plug PCs.",https://plugpcs.com/p/hp/hp-elitebook-x-flip-g2i-14-inch-notebook-pc-dc4f2ua-aba,,,laptops,DC4F2UA#ABA,specified,https://schema.org/InStock,https://www.hp.com/us-en/shop/pdp/hp-elitebook-x-flip-g2i-14-inch-notebook-next-gen-ai-pc-wolf-pro-security-edition-p-dc4f2ua-aba-1
HP EliteBook X Flip G2i 14 inch Notebook PC,HP,2199,USD,24,512,specified,Intel Core Ultra 5 325,Intel Graphics,Intel,HP,Intel,InStock,"HP EliteBook X Flip G2i 14 inch Notebook PC, Laptops. Intel Core Ultra 5 325 · 24 GB RAM · 512 GB · Intel Graphics · from $2,199. Specs, configurations, and where to buy on Plug PCs.",https://plugpcs.com/p/hp/hp-elitebook-x-flip-g2i-14-inch-notebook-pc-dc4g0ua-aba,,,laptops,DC4G0UA#ABA,specified,https://schema.org/InStock,https://www.hp.com/us-en/shop/pdp/hp-elitebook-x-flip-g2i-14-inch-notebook-next-gen-ai-pc-wolf-pro-security-edition-p-dc4g0ua-aba-1
HP EliteBook X Flip G2i 14 inch Notebook PC,HP,2999,USD,32,1024,specified,Intel Core Ultra 7 366H,Intel Graphics,Intel,HP,Intel,InStock,"HP EliteBook X Flip G2i 14 inch Notebook PC, Laptops. Intel Core Ultra 7 366H · 32 GB RAM · 1 TB · Intel Graphics · from $2,999. Specs, configurations, and where to buy on Plug PCs.",https://plugpcs.com/p/hp/hp-elitebook-x-flip-g2i-14-inch-notebook-pc-dc4g4ua-aba,,,laptops,DC4G4UA#ABA,specified,https://schema.org/InStock,https://www.hp.com/us-en/shop/pdp/hp-elitebook-x-flip-g2i-14-inch-notebook-next-gen-ai-pc-wolf-pro-security-edition-p-dc4g4ua-aba-1
HP EliteBook X Flip G2i 14 NG AI,HP,3499,USD,32,1024,specified,Intel Core Ultra X7 358H,Intel Arc B390,Intel,HP,Intel,InStock,"HP EliteBook X Flip G2i 14 NG AI, Laptops. Intel Core Ultra X7 358H · 32 GB RAM · 1 TB · Intel Arc B390 · from $3,499. Specs, configurations, and where to buy on Plug PCs.",https://plugpcs.com/p/hp/hp-elitebook-x-flip-g2i-14-ng-ai,,,laptops,D4VJ0UA#ABA,specified,https://schema.org/InStock,https://www.hp.com/us-en/shop/pdp/hp-elitebook-x-flip-g2i-14-inch-notebook-next-gen-ai-pc-wolf-pro-security-edition
HP EliteBook X Flip G2i 14-inch Notebook PC,HP,2692.9,USD,24,512,specified,Intel Core Ultra 5,Intel Graphics,Intel,HP,Intel,InStock,"HP EliteBook X Flip G2i 14-inch Notebook PC, Laptops. Intel Core Ultra 5 · 24 GB RAM · 512 GB · Intel Graphics · from $2,692.90. Specs, configurations, and where to buy on Plug PCs.",https://plugpcs.com/p/hp/hp-elitebook-x-flip-g2i-14-inch-notebook-pc,,,laptops,C28ZVAV_MB,specified,https://schema.org/InStock,https://www.hp.com/us-en/shop/pdp/hp-elitebook-x-flip-g2i-14-inch-notebook-next-gen-ai-pc-customizable-c28zvav-mb
HP EliteBook X G1a 14 inch Notebook PC,HP,2599,USD,32,1024,specified,AMD Ryzen AI 9 375,AMD Radeon 890M,AMD,HP,AMD,InStock,"HP EliteBook X G1a 14 inch Notebook PC, Laptops. AMD Ryzen AI 9 375 · 32 GB RAM · 1 TB · AMD Radeon 890M · from $2,599. Specs, configurations, and where to buy on Plug PCs.",https://plugpcs.com/p/hp/hp-elitebook-x-g1a-14-inch-notebook-pc-b69yhua-aba,,,laptops,B69YHUA#ABA,specified,https://schema.org/InStock,https://www.hp.com/us-en/shop/pdp/hp-elitebook-x-g1a-14-inch-notebook-next-gen-ai-pc
HP EliteBook X G1a 14 inch Notebook PC,HP,3299,USD,64,1024,specified,AMD Ryzen AI 7 360,AMD Radeon 880M,AMD,HP,AMD,InStock,"HP EliteBook X G1a 14 inch Notebook PC, Laptops. AMD Ryzen AI 7 360 · 64 GB RAM · 1 TB · AMD Radeon 880M · from $3,299. Specs, configurations, and where to buy on Plug PCs.",https://plugpcs.com/p/hp/hp-elitebook-x-g1a-14-inch-notebook-pc-b69ymua-aba,,,laptops,B69YMUA#ABA,specified,https://schema.org/InStock,https://www.hp.com/us-en/shop/pdp/hp-elitebook-x-g1a-14-inch-notebook-next-gen-ai-pc-wolf-pro-security-edition-p-b69ymua-aba-1
HP EliteBook X G1a 14 inch Notebook PC,HP,2449,USD,32,1024,specified,AMD Ryzen AI 9 375,AMD Radeon 890M,AMD,HP,AMD,InStock,"HP EliteBook X G1a 14 inch Notebook PC, Laptops. AMD Ryzen AI 9 375 · 32 GB RAM · 1 TB · AMD Radeon 890M · from $2,449. Specs, configurations, and where to buy on Plug PCs.",https://plugpcs.com/p/hp/hp-elitebook-x-g1a-14-inch-notebook-pc-b69ynua-aba,,,laptops,B69YNUA#ABA,specified,https://schema.org/InStock,https://www.hp.com/us-en/shop/pdp/hp-elitebook-x-g1a-14-inch-notebook-next-gen-ai-pc-wolf-pro-security-edition-p-b69ynua-aba-1
HP EliteBook X G1a 14 inch Notebook PC,HP,3199,USD,64,1024,specified,AMD Ryzen AI 9 375,AMD Radeon 890M,AMD,HP,AMD,InStock,"HP EliteBook X G1a 14 inch Notebook PC, Laptops. AMD Ryzen AI 9 375 · 64 GB RAM · 1 TB · AMD Radeon 890M · from $3,199. Specs, configurations, and where to buy on Plug PCs.",https://plugpcs.com/p/hp/hp-elitebook-x-g1a-14-inch-notebook-pc-b69ysua-aba,,,laptops,B69YSUA#ABA,specified,https://schema.org/InStock,https://www.hp.com/us-en/shop/pdp/hp-elitebook-x-g1a-14-inch-notebook-next-gen-ai-pc-p-b69ysua-aba-1
HP EliteBook X G2a 14 inch Notebook PC,HP,1949,USD,24,512,specified,AMD Ryzen AI 5 440,AMD Radeon 840M,AMD,HP,AMD,InStock,"HP EliteBook X G2a 14 inch Notebook PC, Laptops. AMD Ryzen AI 5 440 · 24 GB RAM · 512 GB · AMD Radeon 840M · from $1,949. Specs, configurations, and where to buy on Plug PCs.",https://plugpcs.com/p/hp/hp-elitebook-x-g2a-14-inch-notebook-pc-dp2r5ua-aba,,,laptops,DP2R5UA#ABA,specified,https://schema.org/InStock,https://www.hp.com/us-en/shop/pdp/hp-elitebook-x-g2a-14-inch-notebook-next-gen-ai-pc-wolf-pro-security-edition-p-dp2r5ua-aba-1
HP EliteBook X G2a 14 inch Notebook PC,HP,2499,USD,32,1024,specified,AMD Ryzen AI 9 470,AMD Radeon 890M,AMD,HP,AMD,InStock,"HP EliteBook X G2a 14 inch Notebook PC, Laptops. AMD Ryzen AI 9 470 · 32 GB RAM · 1 TB · AMD Radeon 890M · from $2,499. Specs, configurations, and where to buy on Plug PCs.",https://plugpcs.com/p/hp/hp-elitebook-x-g2a-14-inch-notebook-pc-dp2s1ua-aba,,,laptops,DP2S1UA#ABA,specified,https://schema.org/InStock,https://www.hp.com/us-en/shop/pdp/hp-elitebook-x-g2a-14-inch-notebook-next-gen-ai-pc-wolf-pro-security-edition-p-dp2s1ua-aba-1
HP EliteBook X G2a 14 inch Notebook PC,HP,2899,USD,64,1024,specified,AMD Ryzen AI 9 470,AMD Radeon 890M,AMD,HP,AMD,InStock,"HP EliteBook X G2a 14 inch Notebook PC, Laptops. AMD Ryzen AI 9 470 · 64 GB RAM · 1 TB · AMD Radeon 890M · from $2,899. Specs, configurations, and where to buy on Plug PCs.",https://plugpcs.com/p/hp/hp-elitebook-x-g2a-14-inch-notebook-pc-dp2s3ua-aba,,,laptops,DP2S3UA#ABA,specified,https://schema.org/InStock,https://www.hp.com/us-en/shop/pdp/hp-elitebook-x-g2a-14-inch-notebook-next-gen-ai-pc-wolf-pro-security-edition-p-dp2s3ua-aba-1
HP EliteBook X G2a 14 inch Notebook PC,HP,2699,USD,32,1024,specified,AMD Ryzen AI 9 470,AMD Radeon 890M,AMD,HP,AMD,InStock,"HP EliteBook X G2a 14 inch Notebook PC, Laptops. AMD Ryzen AI 9 470 · 32 GB RAM · 1 TB · AMD Radeon 890M · from $2,699. Specs, configurations, and where to buy on Plug PCs.",https://plugpcs.com/p/hp/hp-elitebook-x-g2a-14-inch-notebook-pc-dp2s6ua-aba,,,laptops,DP2S6UA#ABA,specified,https://schema.org/InStock,https://www.hp.com/us-en/shop/pdp/hp-elitebook-x-g2a-14-inch-notebook-next-gen-ai-pc-wolf-pro-security-edition-p-dp2s6ua-aba-1
HP EliteBook X G2i 14 inch Notebook PC,HP,1999,USD,32,512,specified,Intel Core Ultra 5 335,Intel Graphics,Intel,HP,Intel,InStock,"HP EliteBook X G2i 14 inch Notebook PC, Laptops. Intel Core Ultra 5 335 · 32 GB RAM · 512 GB · Intel Graphics · from $1,999. Specs, configurations, and where to buy on Plug PCs.",https://plugpcs.com/p/hp/hp-elitebook-x-g2i-14-inch-notebook-pc,,,laptops,DC4C8UA#ABA,specified,https://schema.org/InStock,https://www.hp.com/us-en/shop/pdp/hp-elitebook-x-g2i-14-inch-notebook-next-gen-ai-pc-wolf-pro-security-edition-p-dc4c8ua-aba-1
HP EliteBook X G2i 14 inch Notebook PC,HP,2099,USD,32,512,specified,Intel Core Ultra 5 335,Intel Graphics,Intel,HP,Intel,InStock,"HP EliteBook X G2i 14 inch Notebook PC, Laptops. Intel Core Ultra 5 335 · 32 GB RAM · 512 GB · Intel Graphics · from $2,099. Specs, configurations, and where to buy on Plug PCs.",https://plugpcs.com/p/hp/hp-elitebook-x-g2i-14-inch-notebook-pc-dc4d5ua-aba,,,laptops,DC4D5UA#ABA,specified,https://schema.org/InStock,https://www.hp.com/us-en/shop/pdp/hp-elitebook-x-g2i-14-inch-notebook-next-gen-ai-pc-wolf-pro-security-edition-p-dc4d5ua-aba-1
HP EliteBook X G2i 14 inch Notebook PC,HP,2149,USD,24,512,specified,Intel Core Ultra 7 366H,Intel Graphics,Intel,HP,Intel,InStock,"HP EliteBook X G2i 14 inch Notebook PC, Laptops. Intel Core Ultra 7 366H · 24 GB RAM · 512 GB · Intel Graphics · from $2,149. Specs, configurations, and where to buy on Plug PCs.",https://plugpcs.com/p/hp/hp-elitebook-x-g2i-14-inch-notebook-pc-dc4d6ua-aba,,,laptops,DC4D6UA#ABA,specified,https://schema.org/InStock,https://www.hp.com/us-en/shop/pdp/hp-elitebook-x-g2i-14-inch-notebook-next-gen-ai-pc-wolf-pro-security-edition-p-dc4d6ua-aba-1
HP EliteBook X G2i 14 NG AI,HP,2499,USD,32,1024,specified,Intel Core Ultra X7 358H,Intel Arc B390,Intel,HP,Intel,InStock,"HP EliteBook X G2i 14 NG AI, Laptops. Intel Core Ultra X7 358H · 32 GB RAM · 1 TB · Intel Arc B390 · from $2,499. Specs, configurations, and where to buy on Plug PCs.",https://plugpcs.com/p/hp/hp-elitebook-x-g2i-14-ng-ai,,,laptops,D4VH8UA#ABA,specified,https://schema.org/InStock,https://www.hp.com/us-en/shop/pdp/hp-elitebook-x-g2i-14-inch-notebook-next-gen-ai-pc-wolf-pro-security-edition
HP EliteBook X G2q 14 inch Notebook PC,HP,1999,USD,24,512,specified,Snapdragon X2 Plus X2P-42-100,Qualcomm Adreno,Qualcomm,HP,Qualcomm,InStock,"HP EliteBook X G2q 14 inch Notebook PC, Laptops. Snapdragon X2 Plus X2P-42-100 · 24 GB RAM · 512 GB · Qualcomm Adreno · from $1,999. Specs, configurations, and where to buy on Plug PCs.",https://plugpcs.com/p/hp/hp-elitebook-x-g2q-14-inch-notebook-pc-dp2m4ua-aba,,,laptops,DP2M4UA#ABA,specified,https://schema.org/InStock,https://www.hp.com/us-en/shop/pdp/hp-elitebook-x-g2q-14-inch-notebook-next-gen-ai-pc-wolf-pro-security-edition
HP EliteBook X G2q 14 inch Notebook PC,HP,2299,USD,32,512,specified,Snapdragon X2 Elite X2E-84-100,Qualcomm Adreno,Qualcomm,HP,Qualcomm,InStock,"HP EliteBook X G2q 14 inch Notebook PC, Laptops. Snapdragon X2 Elite X2E-84-100 · 32 GB RAM · 512 GB · Qualcomm Adreno · from $2,299. Specs, configurations, and where to buy on Plug PCs.",https://plugpcs.com/p/hp/hp-elitebook-x-g2q-14-inch-notebook-pc-dp2m5ua-aba,,,laptops,DP2M5UA#ABA,specified,https://schema.org/InStock,https://www.hp.com/us-en/shop/pdp/hp-elitebook-x-g2q-14-inch-notebook-next-gen-ai-pc-wolf-pro-security-edition-p-dp2m5ua-aba-1
HP EliteBook X G2q 14 inch Notebook PC,HP,2699,USD,32,1024,specified,Snapdragon X2 Elite X2E-84-100,Qualcomm Adreno,Qualcomm,HP,Qualcomm,InStock,"HP EliteBook X G2q 14 inch Notebook PC, Laptops. Snapdragon X2 Elite X2E-84-100 · 32 GB RAM · 1 TB · Qualcomm Adreno · from $2,699. Specs, configurations, and where to buy on Plug PCs.",https://plugpcs.com/p/hp/hp-elitebook-x-g2q-14-inch-notebook-pc-dp2n2ua-aba,,,laptops,DP2N2UA#ABA,specified,https://schema.org/InStock,https://www.hp.com/us-en/shop/pdp/hp-elitebook-x-g2q-14-inch-notebook-next-gen-ai-pc-wolf-pro-security-edition-p-dp2n2ua-aba-1
HP EliteBook X G2q 14 inch Notebook PC,HP,2799,USD,32,1024,specified,Snapdragon X2 Elite X2E-90-100,Qualcomm Adreno,Qualcomm,HP,Qualcomm,InStock,"HP EliteBook X G2q 14 inch Notebook PC, Laptops. Snapdragon X2 Elite X2E-90-100 · 32 GB RAM · 1 TB · Qualcomm Adreno · from $2,799. Specs, configurations, and where to buy on Plug PCs.",https://plugpcs.com/p/hp/hp-elitebook-x-g2q-14-inch-notebook-pc-dp2n3ua-aba,,,laptops,DP2N3UA#ABA,specified,https://schema.org/InStock,https://www.hp.com/us-en/shop/pdp/hp-elitebook-x-g2q-14-inch-notebook-next-gen-ai-pc-wolf-pro-security-edition-p-dp2n3ua-aba-1
HP EliteBook X G2q 14 inch Notebook PC,HP,3399,USD,64,1024,specified,Snapdragon X2 Elite X2E-90-100,Qualcomm Adreno,Qualcomm,HP,Qualcomm,InStock,"HP EliteBook X G2q 14 inch Notebook PC, Laptops. Snapdragon X2 Elite X2E-90-100 · 64 GB RAM · 1 TB · Qualcomm Adreno · from $3,399. Specs, configurations, and where to buy on Plug PCs.",https://plugpcs.com/p/hp/hp-elitebook-x-g2q-14-inch-notebook-pc-dp2n4ua-aba,,,laptops,DP2N4UA#ABA,specified,https://schema.org/InStock,https://www.hp.com/us-en/shop/pdp/hp-elitebook-x-g2q-14-inch-notebook-next-gen-ai-pc-wolf-pro-security-edition-p-dp2n4ua-aba-1
HP EliteBook X G2q 14 inch Notebook PC,HP,2699,USD,32,1024,specified,Snapdragon X2 Elite X2E-90-100,Qualcomm Adreno,Qualcomm,HP,Qualcomm,InStock,"HP EliteBook X G2q 14 inch Notebook PC, Laptops. Snapdragon X2 Elite X2E-90-100 · 32 GB RAM · 1 TB · Qualcomm Adreno · from $2,699. Specs, configurations, and where to buy on Plug PCs.",https://plugpcs.com/p/hp/hp-elitebook-x-g2q-14-inch-notebook-pc-dp2n5ua-aba,,,laptops,DP2N5UA#ABA,specified,https://schema.org/InStock,https://www.hp.com/us-en/shop/pdp/hp-elitebook-x-g2q-14-inch-notebook-next-gen-ai-pc-wolf-pro-security-edition-p-dp2n5ua-aba-1
"HP Googlebook 14""",HP,1199.99,USD,16,256,specified,Snapdragon X Elite,Qualcomm Adreno graphic,Qualcomm,HP,Qualcomm,InStock,"HP Googlebook 14"", Laptops. Snapdragon X Elite · 16 GB RAM · 256 GB · Qualcomm Adreno graphic · from $1,199.99. Specs, configurations, and where to buy on Plug PCs.",https://plugpcs.com/p/hp/hp-googlebook-14c-cf000,,,laptops,CJ7X9AV_1,specified,https://schema.org/InStock,https://www.hp.com/us-en/shop/pdp/hp-googlebook-14-cj7x9av-1
"HP Laptop 14-dq6017nr 14""",HP,499.99,USD,4,64,specified,Intel N150,Intel UHD Graphics,Intel,HP,Intel,InStock,"HP Laptop 14-dq6017nr 14"", Laptops. Intel N150 · 4 GB RAM · 64 GB · Intel UHD Graphics · from $499.99. Specs, configurations, and where to buy on Plug PCs.",https://plugpcs.com/p/hp/hp-laptop-14-dq6017nr-14,,,laptops,BE1C3UA#ABA,specified,https://schema.org/InStock,https://www.hp.com/us-en/shop/pdp/hp-laptop-14-dq6017nr
"HP Laptop 14-ep0097nr 14""",HP,999.99,USD,8,256,specified,Intel Core i7 1355U,Intel Iris Xe,Intel,HP,Intel,InStock,"HP Laptop 14-ep0097nr 14"", Laptops. Intel Core i7 1355U · 8 GB RAM · 256 GB · Intel Iris Xe · from $999.99. Specs, configurations, and where to buy on Plug PCs.",https://plugpcs.com/p/hp/hp-laptop-14-ep0097nr-14,,,laptops,841M8UA#ABA,specified,https://schema.org/InStock,https://www.hp.com/us-en/shop/pdp/hp-laptop-14-ep0097nr
HP Laptop 14t-ep200,HP,649.99,USD,8,256,specified,Intel N250,Intel UHD Graphics,Intel,HP,Intel,InStock,"HP Laptop 14t-ep200, Laptops. Intel N250 · 8 GB RAM · 256 GB · Intel UHD Graphics · from $649.99. Specs, configurations, and where to buy on Plug PCs.",https://plugpcs.com/p/hp/hp-laptop-14t-ep200,,,laptops,B3WG2AV_1,specified,https://schema.org/InStock,https://www.hp.com/us-en/shop/pdp/hp-14-inch-laptop-pc-b3wg2av-1
HP Laptop 14z-em000,HP,879.99,USD,8,256,specified,AMD Ryzen 5 7530U,AMD Radeon Graphics,AMD,HP,AMD,InStock,"HP Laptop 14z-em000, Laptops. AMD Ryzen 5 7530U · 8 GB RAM · 256 GB · AMD Radeon Graphics · from $879.99. Specs, configurations, and where to buy on Plug PCs.",https://plugpcs.com/p/hp/hp-laptop-14z-em000,,,laptops,72X32AV_1,specified,https://schema.org/InStock,https://www.hp.com/us-en/shop/pdp/hp-laptop-14z-em000-72x32av-1
HP Laptop 14z-em000,HP,699.99,USD,4,256,specified,AMD Athlon 7120U,AMD Radeon Graphics,AMD,HP,AMD,InStock,"HP Laptop 14z-em000, Laptops. AMD Athlon 7120U · 4 GB RAM · 256 GB · AMD Radeon Graphics · from $699.99. Specs, configurations, and where to buy on Plug PCs.",https://plugpcs.com/p/hp/hp-laptop-14z-em000-7f174av-1,,,laptops,7F174AV_1,specified,https://schema.org/InStock,https://www.hp.com/us-en/shop/pdp/hp-laptop-14z-em000-14-7f174av-1
HP Laptop 15t-fd000,HP,1299.99,USD,16,256,specified,13th Gen Intel Core i7,,Unknown,HP,Intel,InStock,"HP Laptop 15t-fd000, Laptops. 13th Gen Intel Core i7 · 16 GB RAM · 256 GB · from $1,299.99. Specs, configurations, and where to buy on Plug PCs.",https://plugpcs.com/p/hp/hp-laptop-15t-fd000,,,laptops,72N07AV_1,specified,https://schema.org/InStock,https://www.hp.com/us-en/shop/pdp/hp-laptop-15t-fd000-156-72n07av-1
HP Laptop 15t-fd000,HP,479.99,USD,8,256,specified,13th Gen Intel Core i5,,Unknown,HP,Intel,InStock,"HP Laptop 15t-fd000, Laptops. 13th Gen Intel Core i5 · 8 GB RAM · 256 GB · from $479.99. Specs, configurations, and where to buy on Plug PCs.",https://plugpcs.com/p/hp/hp-laptop-15t-fd000-7p8k6av-1,,,laptops,7P8K6AV_1,specified,https://schema.org/InStock,https://www.hp.com/us-en/shop/pdp/hp-laptop-15t-fd000-156-7p8k6av-1
HP Laptop 15t-fd100,HP,1149.99,USD,8,256,specified,Intel Core Ultra 7,Intel Arc Graphics,Intel,HP,Intel,InStock,"HP Laptop 15t-fd100, Laptops. Intel Core Ultra 7 · 8 GB RAM · 256 GB · Intel Arc Graphics · from $1,149.99. Specs, configurations, and where to buy on Plug PCs.",https://plugpcs.com/p/hp/hp-laptop-15t-fd100,,,laptops,8W8Z8AV_1,specified,https://schema.org/InStock,https://www.hp.com/us-en/shop/pdp/hp-laptop-15t-fd100-156-8w8z8av-1
HP Laptop 15t-fd100,HP,959.99,USD,8,256,specified,Intel Core Ultra 5,Intel Arc Graphics,Intel,HP,Intel,InStock,"HP Laptop 15t-fd100, Laptops. Intel Core Ultra 5 · 8 GB RAM · 256 GB · Intel Arc Graphics · from $959.99. Specs, configurations, and where to buy on Plug PCs.",https://plugpcs.com/p/hp/hp-laptop-15t-fd100-9y9x7av-1,,,laptops,9Y9X7AV_1,specified,https://schema.org/InStock,https://www.hp.com/us-en/shop/pdp/hp-laptop-15t-fd100-156-9y9x7av-1
HP Laptop 15z-fc000,HP,949.99,USD,8,128,specified,AMD Ryzen 5 7530U,AMD Radeon Graphics,AMD,HP,AMD,InStock,"HP Laptop 15z-fc000, Laptops. AMD Ryzen 5 7530U · 8 GB RAM · 128 GB · AMD Radeon Graphics · from $949.99. Specs, configurations, and where to buy on Plug PCs.",https://plugpcs.com/p/hp/hp-laptop-15z-fc000,,,laptops,741Q9AV_1,specified,https://schema.org/InStock,https://www.hp.com/us-en/shop/pdp/hp-laptop-15z-fc000-741q9av-1
HP Laptop 15z-fc000,HP,729.99,USD,8,128,specified,AMD Athlon 7120U,AMD Radeon Graphics,AMD,HP,AMD,InStock,"HP Laptop 15z-fc000, Laptops. AMD Athlon 7120U · 8 GB RAM · 128 GB · AMD Radeon Graphics · from $729.99. Specs, configurations, and where to buy on Plug PCs.",https://plugpcs.com/p/hp/hp-laptop-15z-fc000-7g730av-1,,,laptops,7G730AV_1,specified,https://schema.org/InStock,https://www.hp.com/us-en/shop/pdp/hp-laptop-15z-fc000-7g730av-1
HP Laptop 17,HP,949.99,USD,8,256,specified,Intel Core i5 1334U,Intel Iris Xe,Intel,HP,Intel,InStock,"HP Laptop 17, Laptops. Intel Core i5 1334U · 8 GB RAM · 256 GB · Intel Iris Xe · from $949.99. Specs, configurations, and where to buy on Plug PCs.",https://plugpcs.com/p/hp/hp-laptop-17,,,laptops,CN3V4UA#ABA,specified,https://schema.org/InStock,https://www.hp.com/us-en/shop/pdp/hp-laptop-17-cn3582nr
"HP Laptop 17-cn2077nr 17.3""",HP,1099.99,USD,8,512,specified,Intel Core i7 1255U,Intel Iris Xe,Intel,HP,Intel,InStock,"HP Laptop 17-cn2077nr 17.3"", Laptops. Intel Core i7 1255U · 8 GB RAM · 512 GB · Intel Iris Xe · from $1,099.99. Specs, configurations, and where to buy on Plug PCs.",https://plugpcs.com/p/hp/hp-laptop-17-cn2077nr-17-3,,,laptops,B6RX1UA#ABA,specified,https://schema.org/InStock,https://www.hp.com/us-en/shop/pdp/hp-laptop-17-cn2077nr
"HP Laptop 17-cn3077nr 17.3""",HP,849.99,USD,8,256,specified,Intel Core i5 1334U,Intel Iris Xe,Intel,HP,Intel,InStock,"HP Laptop 17-cn3077nr 17.3"", Laptops. Intel Core i5 1334U · 8 GB RAM · 256 GB · Intel Iris Xe · from $849.99. Specs, configurations, and where to buy on Plug PCs.",https://plugpcs.com/p/hp/hp-laptop-17-cn3077nr-17-3,,,laptops,B6RX2UA#ABA,specified,https://schema.org/InStock,https://www.hp.com/us-en/shop/pdp/hp-laptop-17-cn3077nr
HP Laptop 17z-cp200,HP,779.99,USD,8,128,specified,AMD Athlon Gold,AMD Radeon Graphics,AMD,HP,AMD,InStock,"HP Laptop 17z-cp200, Laptops. AMD Athlon Gold · 8 GB RAM · 128 GB · AMD Radeon Graphics · from $779.99. Specs, configurations, and where to buy on Plug PCs.",https://plugpcs.com/p/hp/hp-laptop-17z-cp200,,,laptops,67K43AV_1,specified,https://schema.org/InStock,https://www.hp.com/us-en/shop/pdp/hp-laptop-17z-cp200-67k43av-1
"HP Laptop AI 14-hc0037nr 14""",HP,599.99,USD,8,256,specified,Intel Core Ultra 5 225U,Intel Graphics,Intel,HP,Intel,InStock,"HP Laptop AI 14-hc0037nr 14"", Laptops. Intel Core Ultra 5 225U · 8 GB RAM · 256 GB · Intel Graphics · from $599.99. Specs, configurations, and where to buy on Plug PCs.",https://plugpcs.com/p/hp/hp-laptop-ai-14-hc0037nr-14,,,laptops,BE1C4UA#ABA,specified,https://schema.org/InStock,https://www.hp.com/us-en/shop/pdp/hp-laptop-ai-14-hc0037nr
HP Laptop AI 14t-hc000,HP,899.99,USD,8,256,specified,Intel Core Ultra 5 225U,,Unknown,HP,Intel,InStock,"HP Laptop AI 14t-hc000, Laptops. Intel Core Ultra 5 225U · 8 GB RAM · 256 GB · Intel AI Boost · from $899.99. Specs, configurations, and where to buy on Plug PCs.",https://plugpcs.com/p/hp/hp-laptop-ai-14t-hc000,,,laptops,B61BYAV_1,specified,https://schema.org/InStock,https://www.hp.com/us-en/shop/pdp/hp-14-inch-laptop-ai-pc-b61byav-1
"HP Laptop AI 15-fd2075nr 15.6""",HP,649.99,USD,12,256,specified,Intel Core Ultra 5 225U,Intel Graphics,Intel,HP,Intel,InStock,"HP Laptop AI 15-fd2075nr 15.6"", Laptops. Intel Core Ultra 5 225U · 12 GB RAM · 256 GB · Intel Graphics · from $649.99. Specs, configurations, and where to buy on Plug PCs.",https://plugpcs.com/p/hp/hp-laptop-ai-15-fd2075nr-15-6,,,laptops,C88JVUA#ABA,specified,https://schema.org/InStock,https://www.hp.com/us-en/shop/pdp/hp-laptop-ai-15-fd2075nr
"HP Laptop AI 15-fd2077nr 15.6""",HP,1199.99,USD,16,512,specified,Intel Core Ultra 7 255U,Intel Graphics,Intel,HP,Intel,InStock,"HP Laptop AI 15-fd2077nr 15.6"", Laptops. Intel Core Ultra 7 255U · 16 GB RAM · 512 GB · Intel Graphics · from $1,199.99. Specs, configurations, and where to buy on Plug PCs.",https://plugpcs.com/p/hp/hp-laptop-ai-15-fd2077nr-15-6,,,laptops,C88JRUA#ABA,specified,https://schema.org/InStock,https://www.hp.com/us-en/shop/pdp/hp-laptop-ai-15-fd2077nr
HP Laptop AI 15t-fd200,HP,1099.99,USD,8,256,specified,Intel Core Ultra 5 225U,,Unknown,HP,Intel,InStock,"HP Laptop AI 15t-fd200, Laptops. Intel Core Ultra 5 225U · 8 GB RAM · 256 GB · from $1,099.99. Specs, configurations, and where to buy on Plug PCs.",https://plugpcs.com/p/hp/hp-laptop-ai-15t-fd200,,,laptops,B59BQAV_1,specified,https://schema.org/InStock,https://www.hp.com/us-en/shop/pdp/hp-156-inch-laptop-ai-pc-b59bqav-1
"HP Laptop AI 17-cn5037nr 17.3""",HP,1129.99,USD,16,256,specified,Intel Core Ultra 7 255U,Intel Graphics,Intel,HP,Intel,InStock,"HP Laptop AI 17-cn5037nr 17.3"", Laptops. Intel Core Ultra 7 255U · 16 GB RAM · 256 GB · Intel Graphics · from $1,129.99. Specs, configurations, and where to buy on Plug PCs.",https://plugpcs.com/p/hp/hp-laptop-ai-17-cn5037nr-17-3,,,laptops,BE6J9UA#ABA,specified,https://schema.org/InStock,https://www.hp.com/us-en/shop/pdp/hp-laptop-ai-17-cn5037nr
HP OmniBook 3 Laptop 14,HP,899.99,USD,8,256,specified,Snapdragon X X1-26-100,Qualcomm Adreno,Qualcomm,HP,Qualcomm,InStock,"HP OmniBook 3 Laptop 14, Laptops. Snapdragon X X1-26-100 · 8 GB RAM · 256 GB · Qualcomm Adreno · from $899.99. Specs, configurations, and where to buy on Plug PCs.",https://plugpcs.com/p/hp/hp-omnibook-3-laptop-14,,,laptops,DQ2E8UA#ABA,specified,https://schema.org/InStock,https://www.hp.com/us-en/shop/pdp/hp-omnibook-3-laptop-next-gen-ai-14-hz0188nr
HP OmniBook 3 Laptop 14,HP,999.99,USD,16,256,specified,Snapdragon X X1-26-100,Qualcomm Adreno,Qualcomm,HP,Qualcomm,InStock,"HP OmniBook 3 Laptop 14, Laptops. Snapdragon X X1-26-100 · 16 GB RAM · 256 GB · Qualcomm Adreno · from $999.99. Specs, configurations, and where to buy on Plug PCs.",https://plugpcs.com/p/hp/hp-omnibook-3-laptop-14-dr3m5ua-aba,,,laptops,DR3M5UA#ABA,specified,https://schema.org/InStock,https://www.hp.com/us-en/shop/pdp/hp-omnibook-3-laptop-next-gen-ai-14-hz0288nr
"HP OmniBook 3 Laptop 14-ha0087nr 14""",HP,1379.99,USD,16,512,specified,AMD Ryzen AI 7 350,AMD Radeon 860M,AMD,HP,AMD,InStock,"HP OmniBook 3 Laptop 14-ha0087nr 14"", Laptops. AMD Ryzen AI 7 350 · 16 GB RAM · 512 GB · AMD Radeon 860M · from $1,379.99. Specs, configurations, and where to buy on Plug PCs.",https://plugpcs.com/p/hp/hp-omnibook-3-laptop-14-ha0087nr-14,,,laptops,C08DQUA#ABA,specified,https://schema.org/InStock,https://www.hp.com/us-en/shop/pdp/hp-omnibook-3-ngai-14-ha0087nr
"HP OmniBook 3 Laptop 14-hu0016nr 14""",HP,599.99,USD,4,256,specified,Intel N150,Intel Graphics,Intel,HP,Intel,InStock,"HP OmniBook 3 Laptop 14-hu0016nr 14"", Laptops. Intel N150 · 4 GB RAM · 256 GB · Intel Graphics · from $599.99. Specs, configurations, and where to buy on Plug PCs.",https://plugpcs.com/p/hp/hp-omnibook-3-laptop-14-hu0016nr-14,,,laptops,D18GNUA#ABA,specified,https://schema.org/InStock,https://www.hp.com/us-en/shop/pdp/hp-omnibook-3-laptop-14-hu0016nr
"HP OmniBook 3 Laptop 14-hu0026nr 14""",HP,849.99,USD,8,512,specified,Intel Core 5 120U,Intel Graphics,Intel,HP,Intel,InStock,"HP OmniBook 3 Laptop 14-hu0026nr 14"", Laptops. Intel Core 5 120U · 8 GB RAM · 512 GB · Intel Graphics · from $849.99. Specs, configurations, and where to buy on Plug PCs.",https://plugpcs.com/p/hp/hp-omnibook-3-laptop-14-hu0026nr-14,,,laptops,D18GPUA#ABA,specified,https://schema.org/InStock,https://www.hp.com/us-en/shop/pdp/hp-omnibook-3-laptop-14-hu0026nr
"HP OmniBook 3 Laptop 14-hy0017nr 14""",HP,799.99,USD,8,256,specified,AMD Ryzen 5 40,AMD Radeon 610M,AMD,HP,AMD,InStock,"HP OmniBook 3 Laptop 14-hy0017nr 14"", Laptops. AMD Ryzen 5 40 · 8 GB RAM · 256 GB · AMD Radeon 610M · from $799.99. Specs, configurations, and where to buy on Plug PCs.",https://plugpcs.com/p/hp/hp-omnibook-3-laptop-14-hy0017nr-14,,,laptops,D46P9UA#ABA,specified,https://schema.org/InStock,https://www.hp.com/us-en/shop/pdp/hp-omnibook-3-laptop-14-hy0017nr
HP OmniBook 3 Laptop 14-HZ000,HP,1309.99,USD,16,256,specified,Snapdragon X X1-26-100,Qualcomm Adreno graphic,Qualcomm,HP,Qualcomm,InStock,"HP OmniBook 3 Laptop 14-HZ000, Laptops. Snapdragon X X1-26-100 · 16 GB RAM · 256 GB · Qualcomm Adreno graphic · from $1,309.99. Specs, configurations, and where to buy on Plug PCs.",https://plugpcs.com/p/hp/hp-omnibook-3-laptop-14-hz000,,,laptops,C3GM8AV_1,specified,https://schema.org/InStock,https://www.hp.com/us-en/shop/pdp/hp-omnibook-3-laptop-next-gen-ai-14-hz000-14-c3gm8av-1
HP OmniBook 3 Laptop 14Z-HV000,HP,1099.99,USD,16,256,specified,AMD Ryzen AI 5,AMD Radeon Graphics,AMD,HP,AMD,InStock,"HP OmniBook 3 Laptop 14Z-HV000, Laptops. AMD Ryzen AI 5 · 16 GB RAM · 256 GB · AMD Radeon Graphics · from $1,099.99. Specs, configurations, and where to buy on Plug PCs.",https://plugpcs.com/p/hp/hp-omnibook-3-laptop-14z-hv000,,,laptops,C38JMAV_1,specified,https://schema.org/InStock,https://www.hp.com/us-en/shop/pdp/hp-omnibook-3-laptop-next-gen-ai-14z-hv000-14-c38jmav-1
HP OmniBook 3 Laptop 14z-hy000,HP,769.99,USD,8,256,specified,AMD Athlon Silver 10,AMD Radeon 610M,AMD,HP,AMD,InStock,"HP OmniBook 3 Laptop 14z-hy000, Laptops. AMD Athlon Silver 10 · 8 GB RAM · 256 GB · AMD Radeon 610M · from $769.99. Specs, configurations, and where to buy on Plug PCs.",https://plugpcs.com/p/hp/hp-omnibook-3-laptop-14z-hy000,,,laptops,C2PD0AV_1,specified,https://schema.org/InStock,https://www.hp.com/us-en/shop/pdp/hp-omnibook-3-laptop-14z-hy000-14-c2pd0av-1
"HP OmniBook 3 Laptop 15-fn0087nr 15.6"", Touch screen",HP,899.99,USD,16,1024,specified,AMD Ryzen AI 7 350,AMD Radeon 860M,AMD,HP,AMD,InStock,"HP OmniBook 3 Laptop 15-fn0087nr 15.6"", Touch screen, Laptops. AMD Ryzen AI 7 350 · 16 GB RAM · 1 TB · AMD Radeon 860M · from $899.99. Specs, configurations, and where to buy on Plug PCs.",https://plugpcs.com/p/hp/hp-omnibook-3-laptop-15-fn0087nr-15-6-touch-screen,,,laptops,BM6A6UA#ABA,specified,https://schema.org/InStock,https://www.hp.com/us-en/shop/pdp/hp-omnibook-3-ngai-15-fn0087nr
HP OmniBook 3 Laptop 16,HP,749.99,USD,4,256,specified,Intel N150,Intel UHD Graphics,Intel,HP,Intel,InStock,"HP OmniBook 3 Laptop 16, Laptops. Intel N150 · 4 GB RAM · 256 GB · Intel UHD Graphics · from $749.99. Specs, configurations, and where to buy on Plug PCs.",https://plugpcs.com/p/hp/hp-omnibook-3-laptop-16,,,laptops,DH8A8UA#ABA,specified,https://schema.org/InStock,https://www.hp.com/us-en/shop/pdp/hp-omnibook-3-laptop-16-bu0342nr
HP OmniBook 3 Laptop 16,HP,699.99,USD,4,256,specified,AMD Athlon Silver 10,AMD Radeon 610M,AMD,HP,AMD,InStock,"HP OmniBook 3 Laptop 16, Laptops. AMD Athlon Silver 10 · 4 GB RAM · 256 GB · AMD Radeon 610M · from $699.99. Specs, configurations, and where to buy on Plug PCs.",https://plugpcs.com/p/hp/hp-omnibook-3-laptop-16-dh8a9ua-aba,,,laptops,DH8A9UA#ABA,specified,https://schema.org/InStock,https://www.hp.com/us-en/shop/pdp/hp-omnibook-3-laptop-16-by0142nr
HP OmniBook 3 Laptop 16,HP,999.99,USD,16,256,specified,Snapdragon X X1-26-100,Qualcomm Adreno,Qualcomm,HP,Qualcomm,InStock,"HP OmniBook 3 Laptop 16, Laptops. Snapdragon X X1-26-100 · 16 GB RAM · 256 GB · Qualcomm Adreno · from $999.99. Specs, configurations, and where to buy on Plug PCs.",https://plugpcs.com/p/hp/hp-omnibook-3-laptop-16-dh8b0ua-aba,,,laptops,DH8B0UA#ABA,specified,https://schema.org/InStock,https://www.hp.com/us-en/shop/pdp/hp-omnibook-3-laptop-next-gen-ai-16-bz0212nr
"HP OmniBook 3 Laptop 16-by0000nr 16""",HP,899.99,USD,8,512,specified,AMD Ryzen 5 40,AMD Radeon 610M,AMD,HP,AMD,InStock,"HP OmniBook 3 Laptop 16-by0000nr 16"", Laptops. AMD Ryzen 5 40 · 8 GB RAM · 512 GB · AMD Radeon 610M · from $899.99. Specs, configurations, and where to buy on Plug PCs.",https://plugpcs.com/p/hp/hp-omnibook-3-laptop-16-by0000nr-16,,,laptops,D32JYUA#ABA,specified,https://schema.org/InStock,https://www.hp.com/us-en/shop/pdp/hp-omnibook-3-laptop-16-by0000nr
HP OmniBook 3 Laptop 16-BZ000,HP,1199.99,USD,16,256,specified,Snapdragon processor,Qualcomm Adreno graphics,Qualcomm,HP,Qualcomm,InStock,"HP OmniBook 3 Laptop 16-BZ000, Laptops. Qualcomm Adreno graphics · 16 GB RAM · 256 GB · Snapdragon processor · from $1,199.99. Specs, configurations, and where to buy on Plug PCs.",https://plugpcs.com/p/hp/hp-omnibook-3-laptop-16-bz000,,,laptops,C48XFAV_1,specified,https://schema.org/InStock,https://www.hp.com/us-en/shop/pdp/hp-omnibook-3-laptop-next-gen-ai-16-bz000-16-c48xfav-1
HP OmniBook 3 Laptop 16t-bs000,HP,1199.99,USD,16,256,specified,Intel Core Ultra 5,,Unknown,HP,Intel,InStock,"HP OmniBook 3 Laptop 16t-bs000, Laptops. Intel Core Ultra 5 · 16 GB RAM · 256 GB · from $1,199.99. Specs, configurations, and where to buy on Plug PCs.",https://plugpcs.com/p/hp/hp-omnibook-3-laptop-16t-bs000,,,laptops,C40FGAV_1,specified,https://schema.org/InStock,https://www.hp.com/us-en/shop/pdp/hp-omnibook-3-laptop-next-gen-ai-16t-bs000-16-c40fgav-1
HP OmniBook 3 Laptop 16T-BU000,HP,449.99,USD,8,256,specified,Intel Core 5,Intel Graphics,Intel,HP,Intel,InStock,"HP OmniBook 3 Laptop 16T-BU000, Laptops. Intel Core 5 · 8 GB RAM · 256 GB · Intel Graphics · from $449.99. Specs, configurations, and where to buy on Plug PCs.",https://plugpcs.com/p/hp/hp-omnibook-3-laptop-16t-bu000,,,laptops,C40FHAV_1,specified,https://schema.org/InStock,https://www.hp.com/us-en/shop/pdp/hp-omnibook-3-laptop-16t-bu000-16-c40fhav-1
HP OmniBook 3 Laptop 16T-BU000,HP,799.99,USD,4,256,specified,Intel N150,,Unknown,HP,Intel,InStock,"HP OmniBook 3 Laptop 16T-BU000, Laptops. Intel N150 · 4 GB RAM · 256 GB · Intel N250 · from $799.99. Specs, configurations, and where to buy on Plug PCs.",https://plugpcs.com/p/hp/hp-omnibook-3-laptop-16t-bu000-dq7f6av-1,,,laptops,DQ7F6AV_1,specified,https://schema.org/InStock,https://www.hp.com/us-en/shop/pdp/hp-omnibook-3-laptop-16t-bu000-16-dq7f6av-1
HP OmniBook 3 Laptop 16t-by000,HP,299.99,USD,4,128,specified,AMD Athlon Silver 10,AMD Radeon 610M,AMD,HP,AMD,InStock,"HP OmniBook 3 Laptop 16t-by000, Laptops. AMD Athlon Silver 10 · 4 GB RAM · 128 GB · AMD Radeon 610M · from $299.99. Specs, configurations, and where to buy on Plug PCs.",https://plugpcs.com/p/hp/hp-omnibook-3-laptop-16t-by000,,,laptops,C40G8AV_1,specified,https://schema.org/InStock,https://www.hp.com/us-en/shop/pdp/hp-omnibook-3-laptop-16t-by000-16-c40g8av-1
HP OmniBook 3 Laptop 16z-bv000,HP,1069.99,USD,16,256,specified,MD Ryzen AI,AMD Radeon 840M,AMD,HP,AMD,InStock,"HP OmniBook 3 Laptop 16z-bv000, Laptops. MD Ryzen AI · 16 GB RAM · 256 GB · AMD Radeon 840M · from $1,069.99. Specs, configurations, and where to buy on Plug PCs.",https://plugpcs.com/p/hp/hp-omnibook-3-laptop-16z-bv000,,,laptops,C40G9AV_1,specified,https://schema.org/InStock,https://www.hp.com/us-en/shop/pdp/hp-omnibook-3-laptop-next-gen-ai-16z-bv000-16-c40g9av-1
HP OmniBook 3 Laptop 17,HP,799.99,USD,16,512,specified,Intel Core Ultra 5 325,Intel Graphics,Intel,HP,Intel,InStock,"HP OmniBook 3 Laptop 17, Laptops. Intel Core Ultra 5 325 · 16 GB RAM · 512 GB · Intel Graphics · from $799.99. Specs, configurations, and where to buy on Plug PCs.",https://plugpcs.com/p/hp/hp-omnibook-3-laptop-17,,,laptops,D0BW9UA#ABA,specified,https://schema.org/InStock,https://www.hp.com/us-en/shop/pdp/hp-omnibook-3-laptop-next-gen-ai-17-df0000nr
"HP OmniBook 3 Laptop 17-dk0765nr 17.3""",HP,1429.99,USD,16,512,specified,Intel Core 7 150U,Intel Graphics,Intel,HP,Intel,InStock,"HP OmniBook 3 Laptop 17-dk0765nr 17.3"", Laptops. Intel Core 7 150U · 16 GB RAM · 512 GB · Intel Graphics · from $1,429.99. Specs, configurations, and where to buy on Plug PCs.",https://plugpcs.com/p/hp/hp-omnibook-3-laptop-17-dk0765nr-17-3,,,laptops,D18H2UA#ABA,specified,https://schema.org/InStock,https://www.hp.com/us-en/shop/pdp/hp-omnibook-3-laptop-17-dk0765nr
"HP OmniBook 3 Laptop 17-dm0761nr 17.3""",HP,1299.99,USD,16,1024,specified,AMD Ryzen AI 7 445,AMD Radeon 840M,AMD,HP,AMD,InStock,"HP OmniBook 3 Laptop 17-dm0761nr 17.3"", Laptops. AMD Ryzen AI 7 445 · 16 GB RAM · 1 TB · AMD Radeon 840M · from $1,299.99. Specs, configurations, and where to buy on Plug PCs.",https://plugpcs.com/p/hp/hp-omnibook-3-laptop-17-dm0761nr-17-3,,,laptops,D46PCUA#ABA,specified,https://schema.org/InStock,https://www.hp.com/us-en/shop/pdp/hp-omnibook-3-laptop-next-gen-ai-17-dm0761nr
HP OmniBook 3 Laptop 17T-DF000,HP,1299.99,USD,16,256,specified,Intel Core Ultra 5,,Unknown,HP,Intel,InStock,"HP OmniBook 3 Laptop 17T-DF000, Laptops. Intel Core Ultra 5 · 16 GB RAM · 256 GB · from $1,299.99. Specs, configurations, and where to buy on Plug PCs.",https://plugpcs.com/p/hp/hp-omnibook-3-laptop-17t-df000,,,laptops,C3PQ0AV_1,specified,https://schema.org/InStock,https://www.hp.com/us-en/shop/pdp/hp-omnibook-3-laptop-next-gen-ai-17t-df000-173-c3pq0av-1
HP OmniBook 3 Laptop 17t-dk000,HP,479.99,USD,8,256,specified,Intel Core 5,,Unknown,HP,Intel,InStock,"HP OmniBook 3 Laptop 17t-dk000, Laptops. Intel Core 5 · 8 GB RAM · 256 GB · from $479.99. Specs, configurations, and where to buy on Plug PCs.",https://plugpcs.com/p/hp/hp-omnibook-3-laptop-17t-dk000,,,laptops,C3PQ1AV_1,specified,https://schema.org/InStock,https://www.hp.com/us-en/shop/pdp/hp-omnibook-3-laptop-17t-dk000-173-c3pq1av-1
HP OmniBook 3 Laptop 17Z-DM000,HP,1269.99,USD,16,256,specified,AMD Ryzen AI 5,AMD Radeon Graphics,AMD,HP,AMD,InStock,"HP OmniBook 3 Laptop 17Z-DM000, Laptops. AMD Ryzen AI 5 · 16 GB RAM · 256 GB · AMD Radeon Graphics · from $1,269.99. Specs, configurations, and where to buy on Plug PCs.",https://plugpcs.com/p/hp/hp-omnibook-3-laptop-17z-dm000,,,laptops,C2XA8AV_1,specified,https://schema.org/InStock,https://www.hp.com/us-en/shop/pdp/hp-omnibook-3-laptop-next-gen-ai-17z-dm000-173-c2xa8av-1
HP OmniBook 3 Laptop 17z-dp000,HP,749.99,USD,8,128,specified,AMD Athlon Silver 10,AMD Radeon 610M,AMD,HP,AMD,InStock,"HP OmniBook 3 Laptop 17z-dp000, Laptops. AMD Athlon Silver 10 · 8 GB RAM · 128 GB · AMD Radeon 610M · from $749.99. Specs, configurations, and where to buy on Plug PCs.",https://plugpcs.com/p/hp/hp-omnibook-3-laptop-17z-dp000,,,laptops,C2XB0AV_1,specified,https://schema.org/InStock,https://www.hp.com/us-en/shop/pdp/hp-omnibook-3-laptop-17z-dp000-173-c2xb0av-1
"HP OmniBook 3 Laptop AI 14-hw0027nr 14""",HP,579.99,USD,8,512,specified,AMD Ryzen 5 230,AMD Radeon 760M,AMD,HP,AMD,InStock,"HP OmniBook 3 Laptop AI 14-hw0027nr 14"", Laptops. AMD Ryzen 5 230 · 8 GB RAM · 512 GB · AMD Radeon 760M · from $579.99. Specs, configurations, and where to buy on Plug PCs.",https://plugpcs.com/p/hp/hp-omnibook-3-laptop-ai-14-hw0027nr-14,,,laptops,D18GQUA#ABA,specified,https://schema.org/InStock,https://www.hp.com/us-en/shop/pdp/hp-omnibook-3-laptop-ai-14-hw0027nr
HP OmniBook 3 Laptop AI 14T-HU000,HP,749.99,USD,8,256,specified,Intel Core 3,,Unknown,HP,Intel,InStock,"HP OmniBook 3 Laptop AI 14T-HU000, Laptops. Intel Core 3 · 8 GB RAM · 256 GB · from $749.99. Specs, configurations, and where to buy on Plug PCs.",https://plugpcs.com/p/hp/hp-omnibook-3-laptop-ai-14t-hu000,,,laptops,C3ZX8AV_1,specified,https://schema.org/InStock,https://www.hp.com/us-en/shop/pdp/hp-omnibook-3-laptop-ai-14t-hu000-14-c3zx8av-1
HP OmniBook 3 Laptop AI 14z-hw000,HP,999.99,USD,8,256,specified,AMD Ryzen 5,AMD Radeon Graphics,AMD,HP,AMD,InStock,"HP OmniBook 3 Laptop AI 14z-hw000, Laptops. AMD Ryzen 5 · 8 GB RAM · 256 GB · AMD Radeon Graphics · from $999.99. Specs, configurations, and where to buy on Plug PCs.",https://plugpcs.com/p/hp/hp-omnibook-3-laptop-ai-14z-hw000,,,laptops,C38JNAV_1,specified,https://schema.org/InStock,https://www.hp.com/us-en/shop/pdp/hp-omnibook-3-laptop-ai-14z-hw000-14-c38jnav-1
"HP OmniBook 3 Laptop AI 16-bw0582nr 16""",HP,529.99,USD,8,256,specified,AMD Ryzen 5 230,AMD Radeon 760M,AMD,HP,AMD,InStock,"HP OmniBook 3 Laptop AI 16-bw0582nr 16"", Laptops. AMD Ryzen 5 230 · 8 GB RAM · 256 GB · AMD Radeon 760M · from $529.99. Specs, configurations, and where to buy on Plug PCs.",https://plugpcs.com/p/hp/hp-omnibook-3-laptop-ai-16-bw0582nr-16,,,laptops,D18H1UA#ABA,specified,https://schema.org/InStock,https://www.hp.com/us-en/shop/pdp/hp-omnibook-3-laptop-ai-16-bw0582nr
HP OmniBook 3 Laptop AI 16t-bw000,HP,919.99,USD,8,256,specified,AMD Ryzen 5,AMD Radeon Graphics,AMD,HP,AMD,InStock,"HP OmniBook 3 Laptop AI 16t-bw000, Laptops. AMD Ryzen 5 · 8 GB RAM · 256 GB · AMD Radeon Graphics · from $919.99. Specs, configurations, and where to buy on Plug PCs.",https://plugpcs.com/p/hp/hp-omnibook-3-laptop-ai-16t-bw000,,,laptops,C40G7AV_1,specified,https://schema.org/InStock,https://www.hp.com/us-en/shop/pdp/hp-omnibook-3-laptop-ai-16t-bw000-16-c40g7av-1
"HP OmniBook 3 Laptop AI 17-dn0765nr 17.3""",HP,849.99,USD,16,512,specified,AMD Ryzen 7 250,AMD Radeon 780M,AMD,HP,AMD,InStock,"HP OmniBook 3 Laptop AI 17-dn0765nr 17.3"", Laptops. AMD Ryzen 7 250 · 16 GB RAM · 512 GB · AMD Radeon 780M · from $849.99. Specs, configurations, and where to buy on Plug PCs.",https://plugpcs.com/p/hp/hp-omnibook-3-laptop-ai-17-dn0765nr-17-3,,,laptops,D18S1UA#ABA,specified,https://schema.org/InStock,https://www.hp.com/us-en/shop/pdp/hp-omnibook-3-laptop-ai-17-dn0765nr
HP OmniBook 3 Laptop AI 17t-dg000,HP,999.99,USD,8,256,specified,Intel Core 5,,Unknown,HP,Intel,InStock,"HP OmniBook 3 Laptop AI 17t-dg000, Laptops. Intel Core 5 · 8 GB RAM · 256 GB · from $999.99. Specs, configurations, and where to buy on Plug PCs.",https://plugpcs.com/p/hp/hp-omnibook-3-laptop-ai-17t-dg000,,,laptops,D3RR8AV_1,specified,https://schema.org/InStock,https://www.hp.com/us-en/shop/pdp/hp-omnibook-3-laptop-17t-dg000-173-d3rr8av-1
HP OmniBook 3 Laptop AI 17z-dn000,HP,549.99,USD,8,256,specified,AMD Ryzen 5,AMD Radeon Graphics,AMD,HP,AMD,InStock,"HP OmniBook 3 Laptop AI 17z-dn000, Laptops. AMD Ryzen 5 · 8 GB RAM · 256 GB · AMD Radeon Graphics · from $549.99. Specs, configurations, and where to buy on Plug PCs.",https://plugpcs.com/p/hp/hp-omnibook-3-laptop-ai-17z-dn000,,,laptops,C2XA9AV_1,specified,https://schema.org/InStock,https://www.hp.com/us-en/shop/pdp/hp-omnibook-3-laptop-ai-17z-dn000-17-c2xa9av-1
HP OmniBook 5 Flip 2-in-1 Laptop 14,HP,899.99,USD,16,256,specified,Intel Core Ultra 5 322,Intel Graphics,Intel,HP,Intel,InStock,"HP OmniBook 5 Flip 2-in-1 Laptop 14, Laptops. Intel Core Ultra 5 322 · 16 GB RAM · 256 GB · Intel Graphics · from $899.99. Specs, configurations, and where to buy on Plug PCs.",https://plugpcs.com/p/hp/hp-omnibook-5-flip-2-in-1-laptop-14,,,laptops,DH8A5UA#ABA,specified,https://schema.org/InStock,https://www.hp.com/us-en/shop/pdp/hp-omnibook-5-flip-2-in-1-laptop-next-gen-ai-14-km0512nr
HP OmniBook 5 Flip 2-in-1 Laptop 14-fp0000,HP,999.99,USD,8,256,specified,Intel Core 3 100U,,Unknown,HP,Intel,InStock,"HP OmniBook 5 Flip 2-in-1 Laptop 14-fp0000, Laptops. Intel Core 3 100U · 8 GB RAM · 256 GB · from $999.99. Specs, configurations, and where to buy on Plug PCs.",https://plugpcs.com/p/hp/hp-omnibook-5-flip-2-in-1-laptop-14-fp0000,,,laptops,B09FHAV_1,specified,https://schema.org/InStock,https://www.hp.com/us-en/shop/pdp/hp-omnibook-5-flip-14-inch-2-in-1-laptop-pc-b09fhav-1
"HP OmniBook 5 Flip 2-in-1 Laptop 14-fp0057nr 14"", Touch screen",HP,1199.99,USD,8,256,specified,Intel Core 5 120U,Intel Graphics,Intel,HP,Intel,InStock,"HP OmniBook 5 Flip 2-in-1 Laptop 14-fp0057nr 14"", Touch screen, Laptops. Intel Core 5 120U · 8 GB RAM · 256 GB · Intel Graphics · from $1,199.99. Specs, configurations, and where to buy on Plug PCs.",https://plugpcs.com/p/hp/hp-omnibook-5-flip-2-in-1-laptop-14-fp0057nr-14-touch-screen,,,laptops,BM6A5UA#ABA,specified,https://schema.org/InStock,https://www.hp.com/us-en/shop/pdp/hp-omnibook-5-flip-14-fp0057nr
HP OmniBook 5 Flip 2-in-1 Laptop 14T-KM000,HP,749.99,USD,16,256,specified,Intel Core Ultra 5,,Unknown,HP,Intel,InStock,"HP OmniBook 5 Flip 2-in-1 Laptop 14T-KM000, Laptops. Intel Core Ultra 5 · 16 GB RAM · 256 GB · from $749.99. Specs, configurations, and where to buy on Plug PCs.",https://plugpcs.com/p/hp/hp-omnibook-5-flip-2-in-1-laptop-14t-km000,,,laptops,C61NKAV_1,specified,https://schema.org/InStock,https://www.hp.com/us-en/shop/pdp/hp-omnibook-5-flip-2-in-1-laptop-next-gen-ai-14t-km000-14-c61nkav-1
HP OmniBook 5 Laptop 14,HP,1399.99,USD,16,512,specified,AMD Ryzen AI 7 445,AMD Radeon 840M,AMD,HP,AMD,InStock,"HP OmniBook 5 Laptop 14, Laptops. AMD Ryzen AI 7 445 · 16 GB RAM · 512 GB · AMD Radeon 840M · from $1,399.99. Specs, configurations, and where to buy on Plug PCs.",https://plugpcs.com/p/hp/hp-omnibook-5-laptop-14,,,laptops,E5DW2UA#ABA,specified,https://schema.org/InStock,https://www.hp.com/us-en/shop/pdp/hp-omnibook-5-laptop-next-gen-ai-14-hm0715nr
HP OmniBook 5 Laptop 14-he000,HP,759.99,USD,16,512,specified,Snapdragon X X1-26-100,,Unknown,HP,Qualcomm,InStock,"HP OmniBook 5 Laptop 14-he000, Laptops. Snapdragon X X1-26-100 · 16 GB RAM · 512 GB · Qualcomm Hexagon NPU · from $759.99. Specs, configurations, and where to buy on Plug PCs.",https://plugpcs.com/p/hp/hp-omnibook-5-laptop-14-he000,,,laptops,B78YXAV_1,specified,https://schema.org/InStock,https://www.hp.com/us-en/shop/pdp/hp-omnibook-5-14-inch-laptop-next-gen-ai-pc-b78yxav-1
HP OmniBook 5 Laptop 14-he000,HP,1399.99,USD,16,512,specified,Snapdragon X Plus X1P-42-100,,Unknown,HP,Qualcomm,InStock,"HP OmniBook 5 Laptop 14-he000, Laptops. Snapdragon X Plus X1P-42-100 · 16 GB RAM · 512 GB · Qualcomm Hexagon NPU · from $1,399.99. Specs, configurations, and where to buy on Plug PCs.",https://plugpcs.com/p/hp/hp-omnibook-5-laptop-14-he000-b81p1av-1,,,laptops,B81P1AV_1,specified,https://schema.org/InStock,https://www.hp.com/us-en/shop/pdp/hp-omnibook-5-14-inch-laptop-next-gen-ai-pc-b81p1av-1
"HP OmniBook 5 Laptop 14-he0017nr 14""",HP,699.99,USD,16,256,specified,Snapdragon X X1-26-100,Qualcomm Adreno,Qualcomm,HP,Qualcomm,InStock,"HP OmniBook 5 Laptop 14-he0017nr 14"", Laptops. Snapdragon X X1-26-100 · 16 GB RAM · 256 GB · Qualcomm Adreno · from $699.99. Specs, configurations, and where to buy on Plug PCs.",https://plugpcs.com/p/hp/hp-omnibook-5-laptop-14-he0017nr-14,,,laptops,BU1K1UA#ABA,specified,https://schema.org/InStock,https://www.hp.com/us-en/shop/pdp/hp-omnibook-5-ngai-14-he0017nr
"HP OmniBook 5 Laptop 14-he0027nr 14""",HP,1149.99,USD,16,512,specified,Snapdragon X X1-26-100,Qualcomm Adreno,Qualcomm,HP,Qualcomm,InStock,"HP OmniBook 5 Laptop 14-he0027nr 14"", Laptops. Snapdragon X X1-26-100 · 16 GB RAM · 512 GB · Qualcomm Adreno · from $1,149.99. Specs, configurations, and where to buy on Plug PCs.",https://plugpcs.com/p/hp/hp-omnibook-5-laptop-14-he0027nr-14,,,laptops,BU1K2UA#ABA,specified,https://schema.org/InStock,https://www.hp.com/us-en/shop/pdp/hp-omnibook-5-ngai-14-he0027nr
"HP OmniBook 5 Laptop 14-he0037nr 14"", Touch screen",HP,1799.99,USD,32,1024,specified,Snapdragon X Plus X1P-42-100,Qualcomm Adreno,Qualcomm,HP,Qualcomm,InStock,"HP OmniBook 5 Laptop 14-he0037nr 14"", Touch screen, Laptops. Snapdragon X Plus X1P-42-100 · 32 GB RAM · 1 TB · Qualcomm Adreno · from $1,799.99. Specs, configurations, and where to buy on Plug PCs.",https://plugpcs.com/p/hp/hp-omnibook-5-laptop-14-he0037nr-14-touch-screen,,,laptops,BU1K3UA#ABA,specified,https://schema.org/InStock,https://www.hp.com/us-en/shop/pdp/hp-omnibook-5-ngai-14-he0037nr
HP OmniBook 5 Laptop 14T-HH000,HP,749.99,USD,16,256,specified,Intel Core Ultra 5,,Unknown,HP,Intel,InStock,"HP OmniBook 5 Laptop 14T-HH000, Laptops. Intel Core Ultra 5 · 16 GB RAM · 256 GB · from $749.99. Specs, configurations, and where to buy on Plug PCs.",https://plugpcs.com/p/hp/hp-omnibook-5-laptop-14t-hh000,,,laptops,C32WTAV_1,specified,https://schema.org/InStock,https://www.hp.com/us-en/shop/pdp/hp-omnibook-5-laptop-next-gen-ai-14t-hh000-14-c32wtav-1
HP OmniBook 5 Laptop 14t-hk000,HP,1499.99,USD,16,512,specified,Intel Core 5 120U,,Unknown,HP,Intel,InStock,"HP OmniBook 5 Laptop 14t-hk000, Laptops. Intel Core 5 120U · 16 GB RAM · 512 GB · from $1,499.99. Specs, configurations, and where to buy on Plug PCs.",https://plugpcs.com/p/hp/hp-omnibook-5-laptop-14t-hk000,,,laptops,C32WVAV_1,specified,https://schema.org/InStock,https://www.hp.com/us-en/shop/pdp/hp-omnibook-5-laptop-14t-hk000-14-c32wvav-1
HP OmniBook 5 Laptop 14z-hm000,HP,649.99,USD,16,512,specified,Intel Core Ultra 5,AMD Radeon 840M,AMD,HP,Intel,InStock,"HP OmniBook 5 Laptop 14z-hm000, Laptops. Intel Core Ultra 5 · 16 GB RAM · 512 GB · AMD Radeon 840M · from $649.99. Specs, configurations, and where to buy on Plug PCs.",https://plugpcs.com/p/hp/hp-omnibook-5-laptop-14z-hm000,,,laptops,C32U1AV_1,specified,https://schema.org/InStock,https://www.hp.com/us-en/shop/pdp/hp-omnibook-5-laptop-next-gen-14z-hm000-14-c32u1av-1
HP OmniBook 5 Laptop 16,HP,1249.99,USD,16,512,specified,Intel Core Ultra 5 325,Intel Graphics,Intel,HP,Intel,InStock,"HP OmniBook 5 Laptop 16, Laptops. Intel Core Ultra 5 325 · 16 GB RAM · 512 GB · Intel Graphics · from $1,249.99. Specs, configurations, and where to buy on Plug PCs.",https://plugpcs.com/p/hp/hp-omnibook-5-laptop-16-df4m2ua-aba,,,laptops,DF4M2UA#ABA,specified,https://schema.org/InStock,https://www.hp.com/us-en/shop/pdp/hp-omnibook-5-laptop-next-gen-ai-16-cd0565nr
HP OmniBook 5 Laptop 16,HP,1399.99,USD,16,512,specified,Intel Core Ultra 7 355,Intel Graphics,Intel,HP,Intel,InStock,"HP OmniBook 5 Laptop 16, Laptops. Intel Core Ultra 7 355 · 16 GB RAM · 512 GB · Intel Graphics · from $1,399.99. Specs, configurations, and where to buy on Plug PCs.",https://plugpcs.com/p/hp/hp-omnibook-5-laptop-16-dh8a6ua-aba,,,laptops,DH8A6UA#ABA,specified,https://schema.org/InStock,https://www.hp.com/us-en/shop/pdp/hp-omnibook-5-laptop-next-gen-ai-16-bm0715nr
HP OmniBook 5 Laptop 16,HP,2299.99,USD,32,512,specified,Intel Core Ultra 9 386H,Intel Graphics,Intel,HP,Intel,InStock,"HP OmniBook 5 Laptop 16, Laptops. Intel Core Ultra 9 386H · 32 GB RAM · 512 GB · Intel Graphics · from $2,299.99. Specs, configurations, and where to buy on Plug PCs.",https://plugpcs.com/p/hp/hp-omnibook-5-laptop-16-dh8a7ua-aba,,,laptops,DH8A7UA#ABA,specified,https://schema.org/InStock,https://www.hp.com/us-en/shop/pdp/hp-omnibook-5-laptop-next-gen-ai-16-bm0935nr
HP OmniBook 5 Laptop 16,HP,1299.99,USD,16,256,specified,AMD Ryzen AI 5 330,AMD Radeon 820M,AMD,HP,AMD,InStock,"HP OmniBook 5 Laptop 16, Laptops. AMD Ryzen AI 5 330 · 16 GB RAM · 256 GB · AMD Radeon 820M · from $1,299.99. Specs, configurations, and where to buy on Plug PCs.",https://plugpcs.com/p/hp/hp-omnibook-5-laptop-16-e2ty5ua-aba,,,laptops,E2TY5UA#ABA,specified,https://schema.org/InStock,https://www.hp.com/us-en/shop/pdp/hp-omnibook-5-laptop-next-gen-ai-16-bp0512nr
"HP OmniBook 5 Laptop 16-bc1047nr 16""",HP,1399.99,USD,16,512,specified,AMD Ryzen 7 8840U,AMD Radeon 780M,AMD,HP,AMD,InStock,"HP OmniBook 5 Laptop 16-bc1047nr 16"", Laptops. AMD Ryzen 7 8840U · 16 GB RAM · 512 GB · AMD Radeon 780M · from $1,399.99. Specs, configurations, and where to buy on Plug PCs.",https://plugpcs.com/p/hp/hp-omnibook-5-laptop-16-bc1047nr-16,,,laptops,B7NG1UA#ABA,specified,https://schema.org/InStock,https://www.hp.com/us-en/shop/pdp/hp-omnibook-5-laptop-16-bc1047nr
HP OmniBook 5 Laptop 16-bf000,HP,1299.99,USD,16,256,specified,Snapdragon X X1-26-100,,Unknown,HP,Qualcomm,InStock,"HP OmniBook 5 Laptop 16-bf000, Laptops. Snapdragon X X1-26-100 · 16 GB RAM · 256 GB · Qualcomm Hexagon NPU · from $1,299.99. Specs, configurations, and where to buy on Plug PCs.",https://plugpcs.com/p/hp/hp-omnibook-5-laptop-16-bf000,,,laptops,B81YMAV_1,specified,https://schema.org/InStock,https://www.hp.com/us-en/shop/pdp/hp-omnibook-5-16-inch-laptop-next-gen-ai-pc-b81ymav-1
"HP OmniBook 5 Laptop 16-cf0582nr 16""",HP,1049.99,USD,8,512,specified,Intel Core 5 120U,Intel Graphics,Intel,HP,Intel,InStock,"HP OmniBook 5 Laptop 16-cf0582nr 16"", Laptops. Intel Core 5 120U · 8 GB RAM · 512 GB · Intel Graphics · from $1,049.99. Specs, configurations, and where to buy on Plug PCs.",https://plugpcs.com/p/hp/hp-omnibook-5-laptop-16-cf0582nr-16,,,laptops,D46PBUA#ABA,specified,https://schema.org/InStock,https://www.hp.com/us-en/shop/pdp/hp-omnibook-5-laptop-16-cf0582nr
"HP OmniBook 5 Laptop 16-fb0017nr 16""",HP,1179.99,USD,16,256,specified,Snapdragon X X1-26-100,Qualcomm Adreno,Qualcomm,HP,Qualcomm,InStock,"HP OmniBook 5 Laptop 16-fb0017nr 16"", Laptops. Snapdragon X X1-26-100 · 16 GB RAM · 256 GB · Qualcomm Adreno · from $1,179.99. Specs, configurations, and where to buy on Plug PCs.",https://plugpcs.com/p/hp/hp-omnibook-5-laptop-16-fb0017nr-16,,,laptops,BX8N1UA#ABA,specified,https://schema.org/InStock,https://www.hp.com/us-en/shop/pdp/hp-omnibook-5-ngai-16-fb0017nr
"HP OmniBook 5 Laptop 16-fb0027nr 16""",HP,1179.99,USD,16,512,specified,Snapdragon X X1-26-100,Qualcomm Adreno,Qualcomm,HP,Qualcomm,InStock,"HP OmniBook 5 Laptop 16-fb0027nr 16"", Laptops. Snapdragon X X1-26-100 · 16 GB RAM · 512 GB · Qualcomm Adreno · from $1,179.99. Specs, configurations, and where to buy on Plug PCs.",https://plugpcs.com/p/hp/hp-omnibook-5-laptop-16-fb0027nr-16,,,laptops,BX8M8UA#ABA,specified,https://schema.org/InStock,https://www.hp.com/us-en/shop/pdp/hp-omnibook-5-ngai-16-fb0027nr
"HP OmniBook 5 Laptop 16-fb0037nr 16"", Touch screen",HP,1099.99,USD,32,512,specified,Snapdragon X Plus X1P-42-100,Qualcomm Adreno,Qualcomm,HP,Qualcomm,InStock,"HP OmniBook 5 Laptop 16-fb0037nr 16"", Touch screen, Laptops. Snapdragon X Plus X1P-42-100 · 32 GB RAM · 512 GB · Qualcomm Adreno · from $1,099.99. Specs, configurations, and where to buy on Plug PCs.",https://plugpcs.com/p/hp/hp-omnibook-5-laptop-16-fb0037nr-16-touch-screen,,,laptops,BX7N1UA#ABA,specified,https://schema.org/InStock,https://www.hp.com/us-en/shop/pdp/hp-omnibook-5-ngai-16-fb0037nr
HP OmniBook 5 Laptop 16t-bm000,HP,899.99,USD,16,512,specified,Intel Core Ultra 7 355,,Unknown,HP,Intel,InStock,"HP OmniBook 5 Laptop 16t-bm000, Laptops. Intel Core Ultra 7 355 · 16 GB RAM · 512 GB · from $899.99. Specs, configurations, and where to buy on Plug PCs.",https://plugpcs.com/p/hp/hp-omnibook-5-laptop-16t-bm000,,,laptops,C2PV8AV_1,specified,https://schema.org/InStock,https://www.hp.com/us-en/shop/pdp/hp-omnibook-5-laptop-next-gen-ai-16t-bm000-16-c2pv8av-1
HP OmniBook 5 Laptop 16T-BN000,HP,1529.99,USD,16,512,specified,Intel Core 7,,Unknown,HP,Intel,InStock,"HP OmniBook 5 Laptop 16T-BN000, Laptops. Intel Core 7 · 16 GB RAM · 512 GB · from $1,529.99. Specs, configurations, and where to buy on Plug PCs.",https://plugpcs.com/p/hp/hp-omnibook-5-laptop-16t-bn000,,,laptops,C2PV9AV_1,specified,https://schema.org/InStock,https://www.hp.com/us-en/shop/pdp/hp-omnibook-5-laptop-16t-bn000-16-c2pv9av-1
HP OmniBook 5 Laptop 16T-CD000,HP,1399.99,USD,16,512,specified,Intel Core Ultra 5,,Unknown,HP,Intel,InStock,"HP OmniBook 5 Laptop 16T-CD000, Laptops. Intel Core Ultra 5 · 16 GB RAM · 512 GB · from $1,399.99. Specs, configurations, and where to buy on Plug PCs.",https://plugpcs.com/p/hp/hp-omnibook-5-laptop-16t-cd000,,,laptops,C56U8AV_1,specified,https://schema.org/InStock,https://www.hp.com/us-en/shop/pdp/hp-omnibook-5-laptop-next-gen-ai-16t-cd000-16-c56u8av-1
HP OmniBook 5 Laptop 16T-CF000,HP,549.99,USD,8,256,specified,Intel Core 5,Intel Graphics,Intel,HP,Intel,InStock,"HP OmniBook 5 Laptop 16T-CF000, Laptops. Intel Core 5 · 8 GB RAM · 256 GB · Intel Graphics · from $549.99. Specs, configurations, and where to buy on Plug PCs.",https://plugpcs.com/p/hp/hp-omnibook-5-laptop-16t-cf000,,,laptops,C56U9AV_1,specified,https://schema.org/InStock,https://www.hp.com/us-en/shop/pdp/hp-omnibook-5-laptop-16t-cf000-16-c56u9av-1
HP OmniBook 5 Laptop 16Z-CG000,HP,699.99,USD,16,256,specified,AMD Ryzen AI 5 430,AMD Radeon 840M,AMD,HP,AMD,InStock,"HP OmniBook 5 Laptop 16Z-CG000, Laptops. AMD Ryzen AI 5 430 · 16 GB RAM · 256 GB · AMD Radeon 840M · from $699.99. Specs, configurations, and where to buy on Plug PCs.",https://plugpcs.com/p/hp/hp-omnibook-5-laptop-16z-cg000,,,laptops,C5BR1AV_1,specified,https://schema.org/InStock,https://www.hp.com/us-en/shop/pdp/hp-omnibook-5-laptop-next-gen-ai-16z-cg000-16-c5br1av-1
HP OmniBook 5 Laptop AI 14t-kf000,HP,1229.99,USD,16,256,specified,Intel Core 5,,Unknown,HP,Intel,InStock,"HP OmniBook 5 Laptop AI 14t-kf000, Laptops. Intel Core 5 · 16 GB RAM · 256 GB · from $1,229.99. Specs, configurations, and where to buy on Plug PCs.",https://plugpcs.com/p/hp/hp-omnibook-5-laptop-ai-14t-kf000,,,laptops,CG3A8AV_1,specified,https://schema.org/InStock,https://www.hp.com/us-en/shop/pdp/hp-omnibook-5-laptop-ai-14t-kf000-14-cg3a8av-1
"HP OmniBook 5 Laptop AI 16-af1037nr 16"", Touch screen",HP,899.99,USD,16,512,specified,Intel Core Ultra 7 255U,Intel Graphics,Intel,HP,Intel,InStock,"HP OmniBook 5 Laptop AI 16-af1037nr 16"", Touch screen, Laptops. Intel Core Ultra 7 255U · 16 GB RAM · 512 GB · Intel Graphics · from $899.99. Specs, configurations, and where to buy on Plug PCs.",https://plugpcs.com/p/hp/hp-omnibook-5-laptop-ai-16-af1037nr-16-touch-screen,,,laptops,B7ND0UA#ABA,specified,https://schema.org/InStock,https://www.hp.com/us-en/shop/pdp/hp-omnibook-5-laptopai-16-af1037nr
HP OmniBook 5 Laptop AI 16T-CN100,HP,1199.99,USD,16,256,specified,Intel Core 5,,Unknown,HP,Intel,InStock,"HP OmniBook 5 Laptop AI 16T-CN100, Laptops. Intel Core 5 · 16 GB RAM · 256 GB · from $1,199.99. Specs, configurations, and where to buy on Plug PCs.",https://plugpcs.com/p/hp/hp-omnibook-5-laptop-ai-16t-cn100,,,laptops,DC8V1AV_1,specified,https://schema.org/InStock,https://www.hp.com/us-en/shop/pdp/hp-omnibook-5-laptop-ai-16t-cn100-16-dc8v1av-1
HP OmniBook 5 Laptop AI 5 14Z-HN000,HP,1179.99,USD,16,256,specified,AMD Ryzen 5,AMD Radeon Graphics,AMD,HP,AMD,InStock,"HP OmniBook 5 Laptop AI 5 14Z-HN000, Laptops. AMD Ryzen 5 · 16 GB RAM · 256 GB · AMD Radeon Graphics · from $1,179.99. Specs, configurations, and where to buy on Plug PCs.",https://plugpcs.com/p/hp/hp-omnibook-5-laptop-ai-5-14z-hn000,,,laptops,CJ3Z9AV_1,specified,https://schema.org/InStock,https://www.hp.com/us-en/shop/pdp/hp-omnibook-5-laptop-ai-5-14z-hn000-14-cj3z9av-1
HP OmniBook 5 LaptopAI 14,HP,1299.99,USD,16,256,specified,Intel Core 7 350,Intel Graphics,Intel,HP,Intel,InStock,"HP OmniBook 5 LaptopAI 14, Laptops. Intel Core 7 350 · 16 GB RAM · 256 GB · Intel Graphics · from $1,299.99. Specs, configurations, and where to buy on Plug PCs.",https://plugpcs.com/p/hp/hp-omnibook-5-laptopai-14,,,laptops,DH8A4UA#ABA,specified,https://schema.org/InStock,https://www.hp.com/us-en/shop/pdp/hp-omnibook-5-laptopai-14-kf0712nr
HP OmniBook 5 LaptopAI 16-ch0765nr,HP,1249.99,USD,16,512,specified,AMD Ryzen 7 250,AMD Radeon 780M,AMD,HP,AMD,InStock,"HP OmniBook 5 LaptopAI 16-ch0765nr, Laptops. AMD Ryzen 7 250 · 16 GB RAM · 512 GB · AMD Radeon 780M · from $1,249.99. Specs, configurations, and where to buy on Plug PCs.",https://plugpcs.com/p/hp/hp-omnibook-5-laptopai-16-ch0765nr,,,laptops,D18RXUA#ABA,specified,https://schema.org/InStock,https://www.hp.com/us-en/shop/pdp/hp-omnibook-5-laptopai-16-ch0765nr
HP OmniBook 5 LaptopAI 16-cn0582nr,HP,1099.99,USD,8,256,specified,Intel Core 5 315,Intel Graphics,Intel,HP,Intel,InStock,"HP OmniBook 5 LaptopAI 16-cn0582nr, Laptops. Intel Core 5 315 · 8 GB RAM · 256 GB · Intel Graphics · from $1,099.99. Specs, configurations, and where to buy on Plug PCs.",https://plugpcs.com/p/hp/hp-omnibook-5-laptopai-16-cn0582nr,,,laptops,E2UG9UA#ABA,specified,https://schema.org/InStock,https://www.hp.com/us-en/shop/pdp/hp-omnibook-5-laptopai-16-cn0582nr
HP OmniBook 7 Aero Laptop 13,HP,1779.99,USD,16,1024,specified,AMD Ryzen AI 7 350,AMD Radeon 860M,AMD,HP,AMD,InStock,"HP OmniBook 7 Aero Laptop 13, Laptops. AMD Ryzen AI 7 350 · 16 GB RAM · 1 TB · AMD Radeon 860M · from $1,779.99. Specs, configurations, and where to buy on Plug PCs.",https://plugpcs.com/p/hp/hp-omnibook-7-aero-laptop-13,,,laptops,CF7H2UA#ABA,specified,https://schema.org/InStock,https://www.hp.com/us-en/shop/pdp/hp-omnibook-7-aero-laptop-next-gen-ai-13-bg1059nr
"HP OmniBook 7 Aero Laptop 13-bg1057nr 13.3""",HP,1799.99,USD,16,1024,specified,AMD Ryzen AI 7 350,AMD Radeon 860M,AMD,HP,AMD,InStock,"HP OmniBook 7 Aero Laptop 13-bg1057nr 13.3"", Laptops. AMD Ryzen AI 7 350 · 16 GB RAM · 1 TB · AMD Radeon 860M · from $1,799.99. Specs, configurations, and where to buy on Plug PCs.",https://plugpcs.com/p/hp/hp-omnibook-7-aero-laptop-13-bg1057nr-13-3,,,laptops,BT2Z0UA#ABA,specified,https://schema.org/InStock,https://www.hp.com/us-en/shop/pdp/hp-omnibook-7-aerongai-13-bg1057nr
"HP OmniBook 7 Aero Laptop 13-bg1077nr 13.3""",HP,1899.99,USD,32,1024,specified,AMD Ryzen AI 7 350,AMD Radeon 860M,AMD,HP,AMD,InStock,"HP OmniBook 7 Aero Laptop 13-bg1077nr 13.3"", Laptops. AMD Ryzen AI 7 350 · 32 GB RAM · 1 TB · AMD Radeon 860M · from $1,899.99. Specs, configurations, and where to buy on Plug PCs.",https://plugpcs.com/p/hp/hp-omnibook-7-aero-laptop-13-bg1077nr-13-3,,,laptops,BT3F0UA#ABA,specified,https://schema.org/InStock,https://www.hp.com/us-en/shop/pdp/hp-omnibook-7-aerongai-13-bg1077nr
HP OmniBook 7 AI 14,HP,1449.99,USD,16,512,specified,Intel Core Ultra 5 225U,Intel Graphics,Intel,HP,Intel,InStock,"HP OmniBook 7 AI 14, Laptops. Intel Core Ultra 5 225U · 16 GB RAM · 512 GB · Intel Graphics · from $1,449.99. Specs, configurations, and where to buy on Plug PCs.",https://plugpcs.com/p/hp/hp-omnibook-7-ai-14,,,laptops,C57R1UA#ABA,specified,https://schema.org/InStock,https://www.hp.com/us-en/shop/pdp/hp-omnibook-7-ai-14-fr0027nr
HP OmniBook 7 Flip 2-in-1 16t-au000,HP,1599.99,USD,16,512,specified,Intel Core Ultra 7,Intel Arc Graphics,Intel,HP,Intel,InStock,"HP OmniBook 7 Flip 2-in-1 16t-au000, Laptops. Intel Core Ultra 7 · 16 GB RAM · 512 GB · Intel Arc Graphics · from $1,599.99. Specs, configurations, and where to buy on Plug PCs.",https://plugpcs.com/p/hp/hp-omnibook-7-flip-2-in-1-16t-au000,,,laptops,AK4J7AV_1,specified,https://schema.org/InStock,https://www.hp.com/us-en/shop/pdp/hp-omnibook-7-flip-16-inch-2-in-1-laptop-next-gen-ai-pc-ak4j7av-1
"HP OmniBook 7 Flip 2-in-1 Laptop 16-au0017nr 16"", Touch screen",HP,849.99,USD,16,512,specified,Intel Core Ultra 5 226V,Intel Arc 130V,Intel,HP,Intel,InStock,"HP OmniBook 7 Flip 2-in-1 Laptop 16-au0017nr 16"", Touch screen, Laptops. Intel Core Ultra 5 226V · 16 GB RAM · 512 GB · Intel Arc 130V · from $849.99. Specs, configurations, and where to buy on Plug PCs.",https://plugpcs.com/p/hp/hp-omnibook-7-flip-2-in-1-laptop-16-au0017nr-16-touch-screen,,,laptops,BT5B5UA#ABA,specified,https://schema.org/InStock,https://www.hp.com/us-en/shop/pdp/hp-omnibook-7-flipngai-16-au0017nr
"HP OmniBook 7 Flip 2-in-1 Laptop 16-au0047nr 16"", Touch screen",HP,1849.99,USD,16,1024,specified,Intel Core Ultra 7 256V,Intel Arc 140V,Intel,HP,Intel,InStock,"HP OmniBook 7 Flip 2-in-1 Laptop 16-au0047nr 16"", Touch screen, Laptops. Intel Core Ultra 7 256V · 16 GB RAM · 1 TB · Intel Arc 140V · from $1,849.99. Specs, configurations, and where to buy on Plug PCs.",https://plugpcs.com/p/hp/hp-omnibook-7-flip-2-in-1-laptop-16-au0047nr-16-touch-screen,,,laptops,BT5B6UA#ABA,specified,https://schema.org/InStock,https://www.hp.com/us-en/shop/pdp/hp-omnibook-7-flipngai-16-au0047nr
HP OmniBook 7 Laptop 14T-HG000,HP,1479.99,USD,16,512,specified,Intel Core Ultra 5,,Unknown,HP,Intel,InStock,"HP OmniBook 7 Laptop 14T-HG000, Laptops. Intel Core Ultra 5 · 16 GB RAM · 512 GB · from $1,479.99. Specs, configurations, and where to buy on Plug PCs.",https://plugpcs.com/p/hp/hp-omnibook-7-laptop-14t-hg000,,,laptops,C85ZGAV_1,specified,https://schema.org/InStock,https://www.hp.com/us-en/shop/pdp/hp-omnibook-7-laptop-next-gen-ai-14t-hg000-14-c85zgav-1
"HP OmniBook 7 Laptop 16-az0097nr 16""",HP,2899.99,USD,32,2048,specified,Intel Core 9 270H,Intel Graphics,Intel,HP,Intel,InStock,"HP OmniBook 7 Laptop 16-az0097nr 16"", Laptops. Intel Core 9 270H · 32 GB RAM · 2 TB · Intel Graphics · from $2,899.99. Specs, configurations, and where to buy on Plug PCs.",https://plugpcs.com/p/hp/hp-omnibook-7-laptop-16-az0097nr-16,,,laptops,B88YTUA#ABA,specified,https://schema.org/InStock,https://www.hp.com/us-en/shop/pdp/hp-omnibook-7-laptop-16-az0097nr
"HP OmniBook 7 Laptop 16-bh0047nr 16""",HP,2099.99,USD,32,1024,specified,Intel Core Ultra 7 356H,Intel Graphics,Intel,HP,Intel,InStock,"HP OmniBook 7 Laptop 16-bh0047nr 16"", Laptops. Intel Core Ultra 7 356H · 32 GB RAM · 1 TB · Intel Graphics · from $2,099.99. Specs, configurations, and where to buy on Plug PCs.",https://plugpcs.com/p/hp/hp-omnibook-7-laptop-16-bh0047nr-16,,,laptops,D18RWUA#ABA,specified,https://schema.org/InStock,https://www.hp.com/us-en/shop/pdp/hp-omnibook-7-laptop-next-gen-ai-16-bh0047nr
HP OmniBook 7 Laptop 16T-BH000,HP,1999.99,USD,24,512,specified,Intel Core Ultra 7,,Unknown,HP,Intel,InStock,"HP OmniBook 7 Laptop 16T-BH000, Laptops. Intel Core Ultra 7 · 24 GB RAM · 512 GB · from $1,999.99. Specs, configurations, and where to buy on Plug PCs.",https://plugpcs.com/p/hp/hp-omnibook-7-laptop-16t-bh000-d4md0av-1,,,laptops,D4MD0AV_1,specified,https://schema.org/InStock,https://www.hp.com/us-en/shop/pdp/hp-omnibook-7-laptop-next-gen-ai-16t-bh000-16-d4md0av-1
"HP OmniBook 7 Laptop 17-dc0037nr 17.3"", Touch screen",HP,1439.99,USD,16,512,specified,Intel Core Ultra 5 226V,Intel Arc 130V,Intel,HP,Intel,InStock,"HP OmniBook 7 Laptop 17-dc0037nr 17.3"", Touch screen, Laptops. Intel Core Ultra 5 226V · 16 GB RAM · 512 GB · Intel Arc 130V · from $1,439.99. Specs, configurations, and where to buy on Plug PCs.",https://plugpcs.com/p/hp/hp-omnibook-7-laptop-17-dc0037nr-17-3-touch-screen,,,laptops,BE1C5UA#ABA,specified,https://schema.org/InStock,https://www.hp.com/us-en/shop/pdp/hp-omnibook-7-ngai-17-dc0037nr
"HP OmniBook 7 Laptop 17-dc0097nr 17.3"", Touch screen",HP,1899.99,USD,32,2048,specified,Intel Core Ultra 7 258V,NVIDIA RTX 4050 Laptop,NVIDIA,HP,Intel,InStock,"HP OmniBook 7 Laptop 17-dc0097nr 17.3"", Touch screen, Laptops. Intel Core Ultra 7 258V · 32 GB RAM · 2 TB · NVIDIA RTX 4050 Laptop · from $1,899.99. Specs, configurations, and where to buy on Plug PCs.",https://plugpcs.com/p/hp/hp-omnibook-7-laptop-17-dc0097nr-17-3-touch-screen,,,laptops,BD1S1UA#ABA,specified,https://schema.org/InStock,https://www.hp.com/us-en/shop/pdp/hp-omnibook-7-ngai-17-dc0097nr
HP OmniBook 7 Laptop 17t-dc000,HP,1559.99,USD,16,512,specified,Intel Core Ultra 7,Intel Arc Graphics,Intel,HP,Intel,InStock,"HP OmniBook 7 Laptop 17t-dc000, Laptops. Intel Core Ultra 7 · 16 GB RAM · 512 GB · Intel Arc Graphics · from $1,559.99. Specs, configurations, and where to buy on Plug PCs.",https://plugpcs.com/p/hp/hp-omnibook-7-laptop-17t-dc000,,,laptops,AL2B7AV_1,specified,https://schema.org/InStock,https://www.hp.com/us-en/shop/pdp/-hp-omnibook-7-173-inch-laptop-next-gen-ai-pc-al2b7av-1
"HP OmniBook 7 Laptop AI 14-fr0017nr 14""",HP,1399.99,USD,16,512,specified,Intel Core Ultra 5 225U,Intel Graphics,Intel,HP,Intel,InStock,"HP OmniBook 7 Laptop AI 14-fr0017nr 14"", Laptops. Intel Core Ultra 5 225U · 16 GB RAM · 512 GB · Intel Graphics · from $1,399.99. Specs, configurations, and where to buy on Plug PCs.",https://plugpcs.com/p/hp/hp-omnibook-7-laptop-ai-14-fr0017nr-14,,,laptops,C08DPUA#ABA,specified,https://schema.org/InStock,https://www.hp.com/us-en/shop/pdp/hp-omnibook-7-ai-14-fr0017nr
HP OmniBook 7 Laptop AI 14t-fr000,HP,1499.99,USD,16,512,specified,Intel Core Ultra 5,Intel Arc 130T,Intel,HP,Intel,InStock,"HP OmniBook 7 Laptop AI 14t-fr000, Laptops. Intel Core Ultra 5 · 16 GB RAM · 512 GB · Intel Arc 130T · from $1,499.99. Specs, configurations, and where to buy on Plug PCs.",https://plugpcs.com/p/hp/hp-omnibook-7-laptop-14t-fr000,,,laptops,B4WJ5AV_1,specified,https://schema.org/InStock,https://www.hp.com/us-en/shop/pdp/hp-omnibook-7-14-inch-laptop-ai-pc-b4wj5av-1
"HP OmniBook 7 Laptop AI 16-ay0087nr 16"", Touch screen",HP,2099.99,USD,16,1024,specified,Intel Core Ultra 7 255H,NVIDIA RTX 4050 Laptop,NVIDIA,HP,Intel,InStock,"HP OmniBook 7 Laptop AI 16-ay0087nr 16"", Touch screen, Laptops. Intel Core Ultra 7 255H · 16 GB RAM · 1 TB · NVIDIA RTX 4050 Laptop · from $2,099.99. Specs, configurations, and where to buy on Plug PCs.",https://plugpcs.com/p/hp/hp-omnibook-7-laptop-ai-16-ay0087nr-16-touch-screen,,,laptops,B87ZPUA#ABA,specified,https://schema.org/InStock,https://www.hp.com/us-en/shop/pdp/hp-omnibook-7-ai-16-ay0087nr
HP OmniBook 7 Laptop AI 16t-ay000,HP,1699.99,USD,16,1024,specified,Intel Core Ultra 5,Intel Arc 130T,Intel,HP,Intel,InStock,"HP OmniBook 7 Laptop AI 16t-ay000, Laptops. Intel Core Ultra 5 · 16 GB RAM · 1 TB · Intel Arc 130T · from $1,699.99. Specs, configurations, and where to buy on Plug PCs.",https://plugpcs.com/p/hp/hp-omnibook-7-laptop-ai-16t-ay000,,,laptops,B0RT6AV_1,specified,https://schema.org/InStock,https://www.hp.com/us-en/shop/pdp/hp-omnibook-7-16-inch-laptop-ai-pc-b0rt6av-1
HP OmniBook 7 Laptop PC 17t-dc000,HP,819.99,USD,16,512,specified,Intel Core Ultra 7,Intel Arc 140V,Intel,HP,Intel,InStock,"HP OmniBook 7 Laptop PC 17t-dc000, Laptops. Intel Core Ultra 7 · 16 GB RAM · 512 GB · Intel Arc 140V · from $819.99. Specs, configurations, and where to buy on Plug PCs.",https://plugpcs.com/p/hp/hp-omnibook-7-laptop-pc-17t-dc000,,,laptops,BD6A3AV_1,specified,https://schema.org/InStock,https://www.hp.com/us-en/shop/pdp/hp-omnibook-7-173-inch-laptop-next-gen-ai-pc-bd6a3av-1
HP OmniBook Ultra Laptop 14,HP,1699.99,USD,32,1024,specified,Snapdragon X2 Elite X2E-84-100,Qualcomm Adreno,Qualcomm,HP,Qualcomm,InStock,"HP OmniBook Ultra Laptop 14, Laptops. Snapdragon X2 Elite X2E-84-100 · 32 GB RAM · 1 TB · Qualcomm Adreno · from $1,699.99. Specs, configurations, and where to buy on Plug PCs.",https://plugpcs.com/p/hp/hp-omnibook-ultra-laptop-14,,,laptops,D9KL5UA#ABA,specified,https://schema.org/InStock,https://www.hp.com/us-en/shop/pdp/hp-omnibook-ultra-laptop-next-gen-ai-14-kg0831nr
HP OmniBook Ultra Laptop 14,HP,2999.99,USD,32,2048,specified,Snapdragon X2 Elite X2E-90-100,Qualcomm Adreno,Qualcomm,HP,Qualcomm,InStock,"HP OmniBook Ultra Laptop 14, Laptops. Snapdragon X2 Elite X2E-90-100 · 32 GB RAM · 2 TB · Qualcomm Adreno · from $2,999.99. Specs, configurations, and where to buy on Plug PCs.",https://plugpcs.com/p/hp/hp-omnibook-ultra-laptop-14-d9kl6ua-aba,,,laptops,D9KL6UA#ABA,specified,https://schema.org/InStock,https://www.hp.com/us-en/shop/pdp/hp-omnibook-ultra-laptop-next-gen-ai-14-kg0932nr
HP OmniBook Ultra Laptop 14,HP,2299.99,USD,32,2048,specified,Intel Core Ultra X9 388H,Intel Arc B390,Intel,HP,Intel,InStock,"HP OmniBook Ultra Laptop 14, Laptops. Intel Core Ultra X9 388H · 32 GB RAM · 2 TB · Intel Arc B390 · from $2,299.99. Specs, configurations, and where to buy on Plug PCs.",https://plugpcs.com/p/hp/hp-omnibook-ultra-laptop-14-d9kp3ua-aba,,,laptops,D9KP3UA#ABA,specified,https://schema.org/InStock,https://www.hp.com/us-en/shop/pdp/hp-omnibook-ultra-laptop-next-gen-ai-14-kd0964nr
"HP OmniBook Ultra Laptop 14-kd0047nr 14"", Touch screen",HP,1999.99,USD,16,1024,specified,Intel Core Ultra 7 356H,Intel Graphics,Intel,HP,Intel,InStock,"HP OmniBook Ultra Laptop 14-kd0047nr 14"", Touch screen, Laptops. Intel Core Ultra 7 356H · 16 GB RAM · 1 TB · Intel Graphics · from $1,999.99. Specs, configurations, and where to buy on Plug PCs.",https://plugpcs.com/p/hp/hp-omnibook-ultra-laptop-14-kd0047nr-14-touch-screen,,,laptops,D1WB3UA#ABA,specified,https://schema.org/InStock,https://www.hp.com/us-en/shop/pdp/hp-omnibook-ultra-laptop-next-gen-ai-14-kd0047nr
HP OmniBook Ultra Laptop 14-kg000,HP,1249.99,USD,16,512,specified,Snapdragon X2 Plus X2P-64-100,Qualcomm Adreno,Qualcomm,HP,Qualcomm,InStock,"HP OmniBook Ultra Laptop 14-kg000, Laptops. Snapdragon X2 Plus X2P-64-100 · 16 GB RAM · 512 GB · Qualcomm Adreno · from $1,249.99. Specs, configurations, and where to buy on Plug PCs.",https://plugpcs.com/p/hp/hp-omnibook-ultra-laptop-14-kg000,,,laptops,C92SVAV_1,specified,https://schema.org/InStock,https://www.hp.com/us-en/shop/pdp/hp-omnibook-ultra-laptop-next-gen-ai-14-kg000-14-c92svav-1
HP OmniBook X Flip 2-in-1 Laptop 14,HP,1599.99,USD,32,1024,specified,Intel Core Ultra 7 356H,Intel Graphics,Intel,HP,Intel,InStock,"HP OmniBook X Flip 2-in-1 Laptop 14, Laptops. Intel Core Ultra 7 356H · 32 GB RAM · 1 TB · Intel Graphics · from $1,599.99. Specs, configurations, and where to buy on Plug PCs.",https://plugpcs.com/p/hp/hp-omnibook-x-flip-2-in-1-laptop-14,,,laptops,D9KT0UA#ABA,specified,https://schema.org/InStock,https://www.hp.com/us-en/shop/pdp/hp-omnibook-x-flip-2-in-1-laptop-next-gen-ai-14-kb0731nr
HP OmniBook X Flip 2-in-1 Laptop 14,HP,2999.99,USD,32,2048,specified,Intel Core Ultra 9 386H,Intel Graphics,Intel,HP,Intel,InStock,"HP OmniBook X Flip 2-in-1 Laptop 14, Laptops. Intel Core Ultra 9 386H · 32 GB RAM · 2 TB · Intel Graphics · from $2,999.99. Specs, configurations, and where to buy on Plug PCs.",https://plugpcs.com/p/hp/hp-omnibook-x-flip-2-in-1-laptop-14-d9kt1ua-aba,,,laptops,D9KT1UA#ABA,specified,https://schema.org/InStock,https://www.hp.com/us-en/shop/pdp/hp-omnibook-x-flip-2-in-1-laptop-next-gen-ai-14-kb0932nr
HP OmniBook X Flip 2-in-1 Laptop 14,HP,1099.99,USD,16,1024,specified,AMD Ryzen AI 7 445,AMD Radeon 840M,AMD,HP,AMD,InStock,"HP OmniBook X Flip 2-in-1 Laptop 14, Laptops. AMD Ryzen AI 7 445 · 16 GB RAM · 1 TB · AMD Radeon 840M · from $1,099.99. Specs, configurations, and where to buy on Plug PCs.",https://plugpcs.com/p/hp/hp-omnibook-x-flip-2-in-1-laptop-14-d9ku0ua-aba,,,laptops,D9KU0UA#ABA,specified,https://schema.org/InStock,https://www.hp.com/us-en/shop/pdp/hp-omnibook-x-flip-2-in-1-laptop-next-gen-ai-14-kc0732nr
HP OmniBook X Flip 2-in-1 Laptop 14,HP,1899.99,USD,32,2048,specified,AMD Ryzen AI 9 465,AMD Radeon 880M,AMD,HP,AMD,InStock,"HP OmniBook X Flip 2-in-1 Laptop 14, Laptops. AMD Ryzen AI 9 465 · 32 GB RAM · 2 TB · AMD Radeon 880M · from $1,899.99. Specs, configurations, and where to buy on Plug PCs.",https://plugpcs.com/p/hp/hp-omnibook-x-flip-2-in-1-laptop-14-d9ku1ua-aba,,,laptops,D9KU1UA#ABA,specified,https://schema.org/InStock,https://www.hp.com/us-en/shop/pdp/hp-omnibook-x-flip-2-in-1-laptop-next-gen-ai-14-kc0932nr
"HP OmniBook X Flip 2-in-1 Laptop 14-fk0047nr 14"", Touch screen",HP,899.99,USD,16,512,specified,AMD Ryzen AI 7 350,AMD Radeon 860M,AMD,HP,AMD,InStock,"HP OmniBook X Flip 2-in-1 Laptop 14-fk0047nr 14"", Touch screen, Laptops. AMD Ryzen AI 7 350 · 16 GB RAM · 512 GB · AMD Radeon 860M · from $899.99. Specs, configurations, and where to buy on Plug PCs.",https://plugpcs.com/p/hp/hp-omnibook-x-flip-2-in-1-laptop-14-fk0047nr-14-touch-screen,,,laptops,B88A5UA#ABA,specified,https://schema.org/InStock,https://www.hp.com/us-en/shop/pdp/hp-omnibook-x-flipngai-14-fk0047nr
"HP OmniBook X Flip 2-in-1 Laptop 14-fm0047nr 14"", Touch screen",HP,1399.99,USD,16,512,specified,Intel Core Ultra 7 256V,Intel Arc 140V,Intel,HP,Intel,InStock,"HP OmniBook X Flip 2-in-1 Laptop 14-fm0047nr 14"", Touch screen, Laptops. Intel Core Ultra 7 256V · 16 GB RAM · 512 GB · Intel Arc 140V · from $1,399.99. Specs, configurations, and where to buy on Plug PCs.",https://plugpcs.com/p/hp/hp-omnibook-x-flip-2-in-1-laptop-14-fm0047nr-14-touch-screen,,,laptops,B88A6UA#ABA,specified,https://schema.org/InStock,https://www.hp.com/us-en/shop/pdp/hp-omnibook-x-flipngai-14-fm0047nr
HP OmniBook X Flip 2-in-1 Laptop 14z-kc000,HP,899.99,USD,16,512,specified,AMD Ryzen AI 5,AMD Radeon Graphics,AMD,HP,AMD,InStock,"HP OmniBook X Flip 2-in-1 Laptop 14z-kc000, Laptops. AMD Ryzen AI 5 · 16 GB RAM · 512 GB · AMD Radeon Graphics · from $899.99. Specs, configurations, and where to buy on Plug PCs.",https://plugpcs.com/p/hp/hp-omnibook-x-flip-2-in-1-laptop-14z-kc000,,,laptops,C32YJAV_1,specified,https://schema.org/InStock,https://www.hp.com/us-en/shop/pdp/hp-omnibook-x-flip-2-in-1-laptop-next-gen-ai-14z-kc000-14-c32yjav-1
HP OmniBook X Flip 2-in-1 Laptop 16,HP,2399.99,USD,32,1024,specified,Intel Core Ultra 7 356H,Intel Graphics,Intel,HP,Intel,InStock,"HP OmniBook X Flip 2-in-1 Laptop 16, Laptops. Intel Core Ultra 7 356H · 32 GB RAM · 1 TB · Intel Graphics · from $2,399.99. Specs, configurations, and where to buy on Plug PCs.",https://plugpcs.com/p/hp/hp-omnibook-x-flip-2-in-1-laptop-16,,,laptops,D9KT4UA#ABA,specified,https://schema.org/InStock,https://www.hp.com/us-en/shop/pdp/hp-omnibook-x-flip-2-in-1-laptop-next-gen-ai-16-cb0731nr
HP OmniBook X Flip 2-in-1 Laptop 16,HP,2999.99,USD,32,2048,specified,Intel Core Ultra 9 386H,Intel Graphics,Intel,HP,Intel,InStock,"HP OmniBook X Flip 2-in-1 Laptop 16, Laptops. Intel Core Ultra 9 386H · 32 GB RAM · 2 TB · Intel Graphics · from $2,999.99. Specs, configurations, and where to buy on Plug PCs.",https://plugpcs.com/p/hp/hp-omnibook-x-flip-2-in-1-laptop-16-d9kt5ua-aba,,,laptops,D9KT5UA#ABA,specified,https://schema.org/InStock,https://www.hp.com/us-en/shop/pdp/hp-omnibook-x-flip-2-in-1-laptop-next-gen-ai-16-cb0932nr
HP OmniBook X Flip 2-in-1 Laptop 16,HP,1299.99,USD,24,1024,specified,AMD Ryzen AI 7 445,AMD Radeon 840M,AMD,HP,AMD,InStock,"HP OmniBook X Flip 2-in-1 Laptop 16, Laptops. AMD Ryzen AI 7 445 · 24 GB RAM · 1 TB · AMD Radeon 840M · from $1,299.99. Specs, configurations, and where to buy on Plug PCs.",https://plugpcs.com/p/hp/hp-omnibook-x-flip-2-in-1-laptop-16-d9kt6ua-aba,,,laptops,D9KT6UA#ABA,specified,https://schema.org/InStock,https://www.hp.com/us-en/shop/pdp/hp-omnibook-x-flip-2-in-1-laptop-next-gen-ai-16-cc0731nr
HP OmniBook X Flip 2-in-1 Laptop 16,HP,2599.99,USD,32,2048,specified,AMD Ryzen AI 9 465,AMD Radeon 880M,AMD,HP,AMD,InStock,"HP OmniBook X Flip 2-in-1 Laptop 16, Laptops. AMD Ryzen AI 9 465 · 32 GB RAM · 2 TB · AMD Radeon 880M · from $2,599.99. Specs, configurations, and where to buy on Plug PCs.",https://plugpcs.com/p/hp/hp-omnibook-x-flip-2-in-1-laptop-16-d9kt7ua-aba,,,laptops,D9KT7UA#ABA,specified,https://schema.org/InStock,https://www.hp.com/us-en/shop/pdp/hp-omnibook-x-flip-2-in-1-laptop-next-gen-ai-16-cc0932nr
"HP OmniBook X Flip 2-in-1 Laptop 16-ar0047nr 16"", Touch screen",HP,1499.99,USD,16,512,specified,AMD Ryzen AI 7 350,AMD Radeon 860M,AMD,HP,AMD,InStock,"HP OmniBook X Flip 2-in-1 Laptop 16-ar0047nr 16"", Touch screen, Laptops. AMD Ryzen AI 7 350 · 16 GB RAM · 512 GB · AMD Radeon 860M · from $1,499.99. Specs, configurations, and where to buy on Plug PCs.",https://plugpcs.com/p/hp/hp-omnibook-x-flip-2-in-1-laptop-16-ar0047nr-16-touch-screen,,,laptops,B88A7UA#ABA,specified,https://schema.org/InStock,https://www.hp.com/us-en/shop/pdp/hp-omnibook-x-flipngai-16-ar0047nr
HP OmniBook X Flip 2-in-1 Laptop 16-as1000nr,HP,1699.99,USD,16,1024,specified,Intel Core Ultra 5 325,Intel Graphics,Intel,HP,Intel,InStock,"HP OmniBook X Flip 2-in-1 Laptop 16-as1000nr, Laptops. Intel Core Ultra 5 325 · 16 GB RAM · 1 TB · Intel Graphics · from $1,699.99. Specs, configurations, and where to buy on Plug PCs.",https://plugpcs.com/p/hp/hp-omnibook-x-flip-2-in-1-laptop-16-as1000nr,,,laptops,D0AS1UA#ABA,specified,https://schema.org/InStock,https://www.hp.com/us-en/shop/pdp/hp-omnibook-x-flip-2-in-1-laptop-next-gen-ai-16-as1000nr
HP OmniBook X Flip 2-in-1 Laptop 16t-as00,HP,879.99,USD,16,512,specified,Intel Core Ultra 7,Intel Arc 130V,Intel,HP,Intel,InStock,"HP OmniBook X Flip 2-in-1 Laptop 16t-as00, Laptops. Intel Core Ultra 7 · 16 GB RAM · 512 GB · Intel Arc 130V · from $879.99. Specs, configurations, and where to buy on Plug PCs.",https://plugpcs.com/p/hp/hp-omnibook-x-flip-2-in-1-laptop-16t-as00,,,laptops,B88CWAV_1,specified,https://schema.org/InStock,https://www.hp.com/us-en/shop/pdp/hp-omnibook-x-flip-16-inch-2-in-1-laptop-next-gen-ai-pc-b88cwav-1
HP OmniBook X Flip 2-in-1 Laptop 16t-cb000,HP,999.99,USD,16,512,specified,Intel Core Ultra 5,,Unknown,HP,Intel,InStock,"HP OmniBook X Flip 2-in-1 Laptop 16t-cb000, Laptops. Intel Core Ultra 5 · 16 GB RAM · 512 GB · from $999.99. Specs, configurations, and where to buy on Plug PCs.",https://plugpcs.com/p/hp/hp-omnibook-x-flip-2-in-1-laptop-16t-cb000,,,laptops,C33GPAV_1,specified,https://schema.org/InStock,https://www.hp.com/us-en/shop/pdp/hp-omnibook-x-flip-2-in-1-laptop-next-gen-ai-16t-cb000-16-c33gpav-1
HP OmniBook X Flip 2-in-1 Laptop 16z-cc000,HP,899.99,USD,16,512,specified,AMD Ryzen AI 5 430,AMD Radeon 840M,AMD,HP,AMD,InStock,"HP OmniBook X Flip 2-in-1 Laptop 16z-cc000, Laptops. AMD Ryzen AI 5 430 · 16 GB RAM · 512 GB · AMD Radeon 840M · from $899.99. Specs, configurations, and where to buy on Plug PCs.",https://plugpcs.com/p/hp/hp-omnibook-x-flip-2-in-1-laptop-16z-cc000,,,laptops,C33FBAV_1,specified,https://schema.org/InStock,https://www.hp.com/us-en/shop/pdp/hp-omnibook-x-flip-2-in-1-laptop-next-gen-ai-16z-cc000-16-c33fbav-1
HP OmniBook X Flip Laptop 14t-kb000,HP,1399.99,USD,16,1024,specified,Intel Core Ultra 5,,Unknown,HP,Intel,InStock,"HP OmniBook X Flip Laptop 14t-kb000, Laptops. Intel Core Ultra 5 · 16 GB RAM · 1 TB · from $1,399.99. Specs, configurations, and where to buy on Plug PCs.",https://plugpcs.com/p/hp/hp-omnibook-x-flip-laptop-14t-kb000,,,laptops,C33D6AV_1,specified,https://schema.org/InStock,https://www.hp.com/us-en/shop/pdp/hp-omnibook-x-flip-laptop-next-gen-ai-14t-kb000-14-c33d6av-1
HP OmniBook X Laptop 14,HP,1799.99,USD,16,1024,specified,Intel Core Ultra 7 356H,Intel Graphics,Intel,HP,Intel,InStock,"HP OmniBook X Laptop 14, Laptops. Intel Core Ultra 7 356H · 16 GB RAM · 1 TB · Intel Graphics · from $1,799.99. Specs, configurations, and where to buy on Plug PCs.",https://plugpcs.com/p/hp/hp-omnibook-x-laptop-14,,,laptops,D3QC0UA#ABA,specified,https://schema.org/InStock,https://www.hp.com/us-en/shop/pdp/hp-omnibook-x-laptop-next-gen-ai-14-ka0047nr
HP OmniBook X Laptop 14,HP,3299.99,USD,32,2048,specified,Intel Core Ultra X9 388H,Intel Arc B390,Intel,HP,Intel,InStock,"HP OmniBook X Laptop 14, Laptops. Intel Core Ultra X9 388H · 32 GB RAM · 2 TB · Intel Arc B390 · from $3,299.99. Specs, configurations, and where to buy on Plug PCs.",https://plugpcs.com/p/hp/hp-omnibook-x-laptop-14-d9kt9ua-aba,,,laptops,D9KT9UA#ABA,specified,https://schema.org/InStock,https://www.hp.com/us-en/shop/pdp/hp-omnibook-x-laptop-next-gen-ai-14-ka0933nr
HP OmniBook X Laptop 14t-ka000,HP,999.99,USD,16,512,specified,Intel Core Ultra 5,,Unknown,HP,Intel,InStock,"HP OmniBook X Laptop 14t-ka000, Laptops. Intel Core Ultra 5 · 16 GB RAM · 512 GB · from $999.99. Specs, configurations, and where to buy on Plug PCs.",https://plugpcs.com/p/hp/hp-omnibook-x-laptop-14t-ka000,,,laptops,C63GRAV_1,specified,https://schema.org/InStock,https://www.hp.com/us-en/shop/pdp/hp-omnibook-x-laptop-next-gen-ai-14t-ka000-14-c63grav-1
HP OmniBook X Laptop 17,HP,1899.99,USD,16,1024,specified,Intel Core Ultra 7 356H,Intel Graphics,Intel,HP,Intel,InStock,"HP OmniBook X Laptop 17, Laptops. Intel Core Ultra 7 356H · 16 GB RAM · 1 TB · Intel Graphics · from $1,899.99. Specs, configurations, and where to buy on Plug PCs.",https://plugpcs.com/p/hp/hp-omnibook-x-laptop-17,,,laptops,D0BV0UA#ABA,specified,https://schema.org/InStock,https://www.hp.com/us-en/shop/pdp/hp-omnibook-x-laptop-next-gen-ai-17-dd1000nr
"HP OmniBook X Laptop 17-dd0047nr 17.3"", Touch screen",HP,849.99,USD,16,512,specified,Intel Core Ultra 7 256V,Intel Arc 140V,Intel,HP,Intel,InStock,"HP OmniBook X Laptop 17-dd0047nr 17.3"", Touch screen, Laptops. Intel Core Ultra 7 256V · 16 GB RAM · 512 GB · Intel Arc 140V · from $849.99. Specs, configurations, and where to buy on Plug PCs.",https://plugpcs.com/p/hp/hp-omnibook-x-laptop-17-dd0047nr-17-3-touch-screen,,,laptops,B88A2UA#ABA,specified,https://schema.org/InStock,https://www.hp.com/us-en/shop/pdp/hp-omnibook-x-ngai-17-dd0047nr
"HP OmniBook X Laptop 17-dd0057nr 17.3"", Touch screen",HP,1999.99,USD,16,1024,specified,Intel Core Ultra 7 256V,NVIDIA RTX 4050 Laptop,NVIDIA,HP,Intel,InStock,"HP OmniBook X Laptop 17-dd0057nr 17.3"", Touch screen, Laptops. Intel Core Ultra 7 256V · 16 GB RAM · 1 TB · NVIDIA RTX 4050 Laptop · from $1,999.99. Specs, configurations, and where to buy on Plug PCs.",https://plugpcs.com/p/hp/hp-omnibook-x-laptop-17-dd0057nr-17-3-touch-screen,,,laptops,B88A3UA#ABA,specified,https://schema.org/InStock,https://www.hp.com/us-en/shop/pdp/hp-omnibook-x-ngai-17-dd0057nr
HP OmniBook X Laptop 17t-de000,HP,1049.99,USD,16,512,specified,Intel Core Ultra 5,,Unknown,HP,Intel,InStock,"HP OmniBook X Laptop 17t-de000, Laptops. Intel Core Ultra 5 · 16 GB RAM · 512 GB · from $1,049.99. Specs, configurations, and where to buy on Plug PCs.",https://plugpcs.com/p/hp/hp-omnibook-x-laptop-17t-de000,,,laptops,C35S4AV_1,specified,https://schema.org/InStock,https://www.hp.com/us-en/shop/pdp/hp-omnibook-x-laptop-next-gen-ai-17t-de000-173-c35s4av-1
HP OmniBook X Laptop 7t-dd000,HP,999.99,USD,16,512,specified,Intel Core Ultra 7,Intel Arc 140V,Intel,HP,Intel,InStock,"HP OmniBook X Laptop 7t-dd000, Laptops. Intel Core Ultra 7 · 16 GB RAM · 512 GB · Intel Arc 140V · from $999.99. Specs, configurations, and where to buy on Plug PCs.",https://plugpcs.com/p/hp/hp-omnibook-x-laptop-7t-dd000,,,laptops,B9RJ0AV_1,specified,https://schema.org/InStock,https://www.hp.com/us-en/shop/pdp/hp-omnibook-x-173-inch-laptop-next-gen-ai-pc-b9rj0av-1
HP ProBook 4 G1a 14 Notebook AI PC,HP,1099,USD,16,256,specified,AMD Ryzen 5 230,AMD Radeon 760M,AMD,HP,AMD,InStock,"HP ProBook 4 G1a 14 Notebook AI PC, Laptops. AMD Ryzen 5 230 · 16 GB RAM · 256 GB · AMD Radeon 760M · from $1,099. Specs, configurations, and where to buy on Plug PCs.",https://plugpcs.com/p/hp/hp-probook-4-g1a-14-notebook-ai-pc-bp8c0ua-aba,,,laptops,BP8C0UA#ABA,specified,https://schema.org/InStock,https://www.hp.com/us-en/shop/pdp/hp-probook-4-g1a-14-inch-notebook-ai-pc-wolf-pro-security-edition-p-bp8c0ua-aba-1
HP ProBook 4 G1a 14 Notebook AI PC,HP,1449,USD,16,1024,specified,AMD Ryzen 5 230,AMD Radeon 760M,AMD,HP,AMD,InStock,"HP ProBook 4 G1a 14 Notebook AI PC, Laptops. AMD Ryzen 5 230 · 16 GB RAM · 1 TB · AMD Radeon 760M · from $1,449. Specs, configurations, and where to buy on Plug PCs.",https://plugpcs.com/p/hp/hp-probook-4-g1a-14-notebook-ai-pc-bp8c3ua-aba,,,laptops,BP8C3UA#ABA,specified,https://schema.org/InStock,https://www.hp.com/us-en/shop/pdp/hp-probook-4-g1a-14-inch-notebook-ai-pc-wolf-pro-security-edition-p-bp8c3ua-aba-1
HP ProBook 4 G1a 14 Notebook AI PC,HP,1599,USD,24,1024,specified,AMD Ryzen 7 250,AMD Radeon 780M,AMD,HP,AMD,InStock,"HP ProBook 4 G1a 14 Notebook AI PC, Laptops. AMD Ryzen 7 250 · 24 GB RAM · 1 TB · AMD Radeon 780M · from $1,599. Specs, configurations, and where to buy on Plug PCs.",https://plugpcs.com/p/hp/hp-probook-4-g1a-14-notebook-ai-pc-d6dp7ua-aba,,,laptops,D6DP7UA#ABA,specified,https://schema.org/InStock,https://www.hp.com/us-en/shop/pdp/hp-probook-4-g1a-14-inch-notebook-ai-pc-wolf-pro-security-edition-p-d6dp7ua-aba-1
HP ProBook 4 G1a 14 Notebook AI PC,HP,1699,USD,24,1024,specified,AMD Ryzen 7 250,AMD Radeon 780M,AMD,HP,AMD,InStock,"HP ProBook 4 G1a 14 Notebook AI PC, Laptops. AMD Ryzen 7 250 · 24 GB RAM · 1 TB · AMD Radeon 780M · from $1,699. Specs, configurations, and where to buy on Plug PCs.",https://plugpcs.com/p/hp/hp-probook-4-g1a-14-notebook-ai-pc-d6dp8ua-aba,,,laptops,D6DP8UA#ABA,specified,https://schema.org/InStock,https://www.hp.com/us-en/shop/pdp/hp-probook-4-g1a-14-inch-notebook-ai-pc-wolf-pro-security-edition-p-d6dp8ua-aba-1
HP ProBook 4 G1a 14 Notebook AI PC Touch,HP,1329,USD,16,512,specified,AMD Ryzen 5 230,AMD Radeon 760M,AMD,HP,AMD,InStock,"HP ProBook 4 G1a 14 Notebook AI PC Touch, Laptops. AMD Ryzen 5 230 · 16 GB RAM · 512 GB · AMD Radeon 760M · from $1,329. Specs, configurations, and where to buy on Plug PCs.",https://plugpcs.com/p/hp/hp-probook-4-g1a-14-notebook-ai-pc-touch,,,laptops,BP8C2UA#ABA,specified,https://schema.org/InStock,https://www.hp.com/us-en/shop/pdp/hp-probook-4-g1a-14-inch-notebook-ai-pc-wolf-pro-security-edition-p-bp8c2ua-aba-1
HP ProBook 4 G1a 16 Notebook AI PC,HP,1599,USD,24,1024,specified,AMD Ryzen 7 250,AMD Radeon 780M,AMD,HP,AMD,InStock,"HP ProBook 4 G1a 16 Notebook AI PC, Laptops. AMD Ryzen 7 250 · 24 GB RAM · 1 TB · AMD Radeon 780M · from $1,599. Specs, configurations, and where to buy on Plug PCs.",https://plugpcs.com/p/hp/hp-probook-4-g1a-16-notebook-ai-pc-d6ds5ua-aba,,,laptops,D6DS5UA#ABA,specified,https://schema.org/InStock,https://www.hp.com/us-en/shop/pdp/hp-probook-4-g1a-16-inch-notebook-ai-pc-wolf-pro-security-edition-p-d6ds5ua-aba-1
HP ProBook 4 G1i 14 Notebook AI PC,HP,1699,USD,24,1024,specified,Intel Core Ultra 7 255U,Intel Graphics,Intel,HP,Intel,InStock,"HP ProBook 4 G1i 14 Notebook AI PC, Laptops. Intel Core Ultra 7 255U · 24 GB RAM · 1 TB · Intel Graphics · from $1,699. Specs, configurations, and where to buy on Plug PCs.",https://plugpcs.com/p/hp/hp-probook-4-g1i-14-notebook-ai-pc-d78e0ua-aba,,,laptops,D78E0UA#ABA,specified,https://schema.org/InStock,https://www.hp.com/us-en/shop/pdp/hp-probook-4-g1i-14-inch-notebook-ai-pc-wolf-pro-security-edition-p-d78e0ua-aba-1
HP ProBook 4 G1i 14 Notebook AI PC Touch,HP,3472,USD,32,1024,specified,Intel Core Ultra 7 255U,Intel Graphics,Intel,HP,Intel,InStock,"HP ProBook 4 G1i 14 Notebook AI PC Touch, Laptops. Intel Core Ultra 7 255U · 32 GB RAM · 1 TB · Intel Graphics · from $3,472. Specs, configurations, and where to buy on Plug PCs.",https://plugpcs.com/p/hp/hp-probook-4-g1i-14-notebook-ai-pc-touch-bp0v4ua-aba,,,laptops,BP0V4UA#ABA,specified,https://schema.org/InStock,https://www.hp.com/us-en/shop/pdp/hp-probook-4-g1i-14-inch-notebook-ai-pc-wolf-pro-security-edition-p-bp0v4ua-aba-1
HP ProBook 4 G1i 14-inch Notebook AI PC,HP,2542,USD,8,256,specified,Intel Core Ultra 5,Intel Graphics,Intel,HP,Intel,InStock,"HP ProBook 4 G1i 14-inch Notebook AI PC, Laptops. Intel Core Ultra 5 · 8 GB RAM · 256 GB · Intel Graphics · from $2,542. Specs, configurations, and where to buy on Plug PCs.",https://plugpcs.com/p/hp/hp-probook-4-g1i-14-inch-notebook-ai-pc,,,laptops,AT6F2AV_MB,specified,https://schema.org/InStock,https://www.hp.com/us-en/shop/pdp/hp-probook-4-g1i-14-inch-ai-customizable-at6f2av-mb
HP ProBook 4 G1i 16 inch Notebook AI PC,HP,3494,USD,32,1024,specified,Intel Core Ultra 7 255U,Intel Graphics,Intel,HP,Intel,InStock,"HP ProBook 4 G1i 16 inch Notebook AI PC, Laptops. Intel Core Ultra 7 255U · 32 GB RAM · 1 TB · Intel Graphics · from $3,494. Specs, configurations, and where to buy on Plug PCs.",https://plugpcs.com/p/hp/hp-probook-4-g1i-16-inch-notebook-ai-pc-bp0q9ua-aba,,,laptops,BP0Q9UA#ABA,specified,https://schema.org/InStock,https://www.hp.com/us-en/shop/pdp/hp-probook-4-g1i-16-inch-notebook-ai-pc-wolf-pro-security-edition-p-bp0q9ua-aba-1
HP ProBook 4 G1i 16 inch Notebook AI PC,HP,4048,USD,32,1024,specified,Intel Core Ultra 7 255H,NVIDIA RTX 3050,NVIDIA,HP,Intel,InStock,"HP ProBook 4 G1i 16 inch Notebook AI PC, Laptops. Intel Core Ultra 7 255H · 32 GB RAM · 1 TB · NVIDIA RTX 3050 · from $4,048. Specs, configurations, and where to buy on Plug PCs.",https://plugpcs.com/p/hp/hp-probook-4-g1i-16-inch-notebook-ai-pc-bp1f6ua-aba,,,laptops,BP1F6UA#ABA,specified,https://schema.org/InStock,https://www.hp.com/us-en/shop/pdp/hp-probook-4-g1i-16-inch-notebook-ai-pc-wolf-pro-security-edition-p-bp1f6ua-aba-1
HP ProBook 4 G1i 16 Notebook AI PC,HP,4142,USD,48,1024,specified,Intel Core Ultra 5 225U,Intel Graphics,Intel,HP,Intel,InStock,"HP ProBook 4 G1i 16 Notebook AI PC, Laptops. Intel Core Ultra 5 225U · 48 GB RAM · 1 TB · Intel Graphics · from $4,142. Specs, configurations, and where to buy on Plug PCs.",https://plugpcs.com/p/hp/hp-probook-4-g1i-16-notebook-ai-pc-d78f1ua-aba,,,laptops,D78F1UA#ABA,specified,https://schema.org/InStock,https://www.hp.com/us-en/shop/pdp/hp-probook-4-g1i-16-inch-notebook-ai-pc-wolf-pro-security-edition-p-d78f1ua-aba-1
HP ProBook 4 G1i 16-inch Notebook AI PC,HP,2543,USD,8,256,specified,Intel Core Ultra 5,Intel Graphics,Intel,HP,Intel,InStock,"HP ProBook 4 G1i 16-inch Notebook AI PC, Laptops. Intel Core Ultra 5 · 8 GB RAM · 256 GB · Intel Graphics · from $2,543. Specs, configurations, and where to buy on Plug PCs.",https://plugpcs.com/p/hp/hp-probook-4-g1i-16-inch-notebook-ai-pc,,,laptops,AT7K2AV_MB,specified,https://schema.org/InStock,https://www.hp.com/us-en/shop/pdp/hp-probook-4-g1i-16-inch-ai-customizable-at7k2av-mb
HP ProBook 4 G1q 14 Notebook AI PC,HP,1399,USD,16,256,specified,Snapdragon X X1-26-100,Qualcomm Adreno,Qualcomm,HP,Qualcomm,InStock,"HP ProBook 4 G1q 14 Notebook AI PC, Laptops. Snapdragon X X1-26-100 · 16 GB RAM · 256 GB · Qualcomm Adreno · from $1,399. Specs, configurations, and where to buy on Plug PCs.",https://plugpcs.com/p/hp/hp-probook-4-g1q-14-notebook-ai-pc,,,laptops,BP0V9UA#ABA,specified,https://schema.org/InStock,https://www.hp.com/us-en/shop/pdp/hp-probook-4-g1q-14-inch-notebook-next-gen-ai-pc-wolf-pro-security-edition-p-bp0v9ua-aba-1
HP ProBook 4 G1q 14 Notebook AI PC,HP,1049,USD,16,512,specified,Snapdragon X X1-26-100,Qualcomm Adreno,Qualcomm,HP,Qualcomm,InStock,"HP ProBook 4 G1q 14 Notebook AI PC, Laptops. Snapdragon X X1-26-100 · 16 GB RAM · 512 GB · Qualcomm Adreno · from $1,049. Specs, configurations, and where to buy on Plug PCs.",https://plugpcs.com/p/hp/hp-probook-4-g1q-14-notebook-ai-pc-bp0w1ua-aba,,,laptops,BP0W1UA#ABA,specified,https://schema.org/InStock,https://www.hp.com/us-en/shop/pdp/hp-probook-4-g1q-14-inch-notebook-next-gen-ai-pc-wolf-pro-security-edition-p-bp0w1ua-aba-1
HP ProBook 4 G1q 14 Notebook AI PC,HP,1499,USD,32,1024,specified,Snapdragon X X1-26-100,Qualcomm Adreno,Qualcomm,HP,Qualcomm,InStock,"HP ProBook 4 G1q 14 Notebook AI PC, Laptops. Snapdragon X X1-26-100 · 32 GB RAM · 1 TB · Qualcomm Adreno · from $1,499. Specs, configurations, and where to buy on Plug PCs.",https://plugpcs.com/p/hp/hp-probook-4-g1q-14-notebook-ai-pc-bp0w4ua-aba,,,laptops,BP0W4UA#ABA,specified,https://schema.org/InStock,https://www.hp.com/us-en/shop/pdp/hp-probook-4-g1q-14-inch-notebook-next-gen-ai-pc-wolf-pro-security-edition
HP ProBook 4 G1q 14-inch Notebook PC,HP,2473,USD,16,256,specified,Snapdragon,Qualcomm Adreno,Qualcomm,HP,Qualcomm,InStock,"HP ProBook 4 G1q 14-inch Notebook PC, Laptops. Snapdragon · 16 GB RAM · 256 GB · Qualcomm Adreno · from $2,473. Specs, configurations, and where to buy on Plug PCs.",https://plugpcs.com/p/hp/hp-probook-4-g1q-14-inch-notebook-pc,,,laptops,B86G5AV_MB,specified,https://schema.org/InStock,https://www.hp.com/us-en/shop/pdp/hp-probook-4-g1q-14-inch-next-gen-ai-customizable-b86g5av-mb
HP ProBook 4 G2a 14 inch Notebook PC,HP,1369,USD,16,512,specified,AMD Ryzen AI 5 430,AMD Radeon 840M,AMD,HP,AMD,InStock,"HP ProBook 4 G2a 14 inch Notebook PC, Laptops. AMD Ryzen AI 5 430 · 16 GB RAM · 512 GB · AMD Radeon 840M · from $1,369. Specs, configurations, and where to buy on Plug PCs.",https://plugpcs.com/p/hp/hp-probook-4-g2a-14-inch-notebook-pc-dz1l0ua-aba,,,laptops,DZ1L0UA#ABA,specified,https://schema.org/InStock,https://www.hp.com/us-en/shop/pdp/hp-probook-4-g2a-14-inch-notebook-next-gen-ai-pc-wolf-pro-security-edition-p-dz1l0ua-aba-1
HP ProBook 4 G2a 14 inch Notebook PC,HP,1499,USD,16,1024,specified,AMD Ryzen AI 5 430,AMD Radeon 840M,AMD,HP,AMD,InStock,"HP ProBook 4 G2a 14 inch Notebook PC, Laptops. AMD Ryzen AI 5 430 · 16 GB RAM · 1 TB · AMD Radeon 840M · from $1,499. Specs, configurations, and where to buy on Plug PCs.",https://plugpcs.com/p/hp/hp-probook-4-g2a-14-inch-notebook-pc-dz1l1ua-aba,,,laptops,DZ1L1UA#ABA,specified,https://schema.org/InStock,https://www.hp.com/us-en/shop/pdp/hp-probook-4-g2a-14-inch-notebook-next-gen-ai-pc-wolf-pro-security-edition
HP ProBook 4 G2a 14 inch Notebook PC,HP,1649,USD,32,512,specified,AMD Ryzen AI 5 430,AMD Radeon 840M,AMD,HP,AMD,InStock,"HP ProBook 4 G2a 14 inch Notebook PC, Laptops. AMD Ryzen AI 5 430 · 32 GB RAM · 512 GB · AMD Radeon 840M · from $1,649. Specs, configurations, and where to buy on Plug PCs.",https://plugpcs.com/p/hp/hp-probook-4-g2a-14-inch-notebook-pc-dz1n0ua-aba,,,laptops,DZ1N0UA#ABA,specified,https://schema.org/InStock,https://www.hp.com/us-en/shop/pdp/hp-probook-4-g2a-14-inch-notebook-next-gen-ai-pc-wolf-pro-security-edition-p-dz1n0ua-aba-1
HP ProBook 4 G2a 14 inch Notebook PC,HP,1699,USD,32,512,specified,AMD Ryzen AI 5 430,AMD Radeon 840M,AMD,HP,AMD,InStock,"HP ProBook 4 G2a 14 inch Notebook PC, Laptops. AMD Ryzen AI 5 430 · 32 GB RAM · 512 GB · AMD Radeon 840M · from $1,699. Specs, configurations, and where to buy on Plug PCs.",https://plugpcs.com/p/hp/hp-probook-4-g2a-14-inch-notebook-pc-dz1n1ua-aba,,,laptops,DZ1N1UA#ABA,specified,https://schema.org/InStock,https://www.hp.com/us-en/shop/pdp/hp-probook-4-g2a-14-inch-notebook-next-gen-ai-pc-wolf-pro-security-edition-p-dz1n1ua-aba-1
HP ProBook 4 G2a 14 inch Notebook PC,HP,1249,USD,16,512,specified,AMD Ryzen AI 7 445,AMD Radeon 840M,AMD,HP,AMD,InStock,"HP ProBook 4 G2a 14 inch Notebook PC, Laptops. AMD Ryzen AI 7 445 · 16 GB RAM · 512 GB · AMD Radeon 840M · from $1,249. Specs, configurations, and where to buy on Plug PCs.",https://plugpcs.com/p/hp/hp-probook-4-g2a-14-inch-notebook-pc-dz1n2ua-aba,,,laptops,DZ1N2UA#ABA,specified,https://schema.org/InStock,https://www.hp.com/us-en/shop/pdp/hp-probook-4-g2a-14-inch-notebook-next-gen-ai-pc-wolf-pro-security-edition-p-dz1n2ua-aba-1
HP ProBook 4 G2a 14 inch Notebook PC,HP,1399,USD,16,512,specified,AMD Ryzen AI 7 445,AMD Radeon 840M,AMD,HP,AMD,InStock,"HP ProBook 4 G2a 14 inch Notebook PC, Laptops. AMD Ryzen AI 7 445 · 16 GB RAM · 512 GB · AMD Radeon 840M · from $1,399. Specs, configurations, and where to buy on Plug PCs.",https://plugpcs.com/p/hp/hp-probook-4-g2a-14-inch-notebook-pc-dz1n3ua-aba,,,laptops,DZ1N3UA#ABA,specified,https://schema.org/InStock,https://www.hp.com/us-en/shop/pdp/hp-probook-4-g2a-14-inch-notebook-next-gen-ai-pc-wolf-pro-security-edition-p-dz1n3ua-aba-1
HP ProBook 4 G2a 14 inch Notebook PC,HP,2199,USD,32,1024,specified,AMD Ryzen AI 7 445,AMD Radeon 840M,AMD,HP,AMD,InStock,"HP ProBook 4 G2a 14 inch Notebook PC, Laptops. AMD Ryzen AI 7 445 · 32 GB RAM · 1 TB · AMD Radeon 840M · from $2,199. Specs, configurations, and where to buy on Plug PCs.",https://plugpcs.com/p/hp/hp-probook-4-g2a-14-inch-notebook-pc-dz1n5ua-aba,,,laptops,DZ1N5UA#ABA,specified,https://schema.org/InStock,https://www.hp.com/us-en/shop/pdp/hp-probook-4-g2a-14-inch-notebook-next-gen-ai-pc-wolf-pro-security-edition-p-dz1n5ua-aba-1
HP ProBook 4 G2a 14 inch Notebook PC,HP,2049,USD,32,1024,specified,AMD Ryzen AI 7 445,AMD Radeon 840M,AMD,HP,AMD,InStock,"HP ProBook 4 G2a 14 inch Notebook PC, Laptops. AMD Ryzen AI 7 445 · 32 GB RAM · 1 TB · AMD Radeon 840M · from $2,049. Specs, configurations, and where to buy on Plug PCs.",https://plugpcs.com/p/hp/hp-probook-4-g2a-14-inch-notebook-pc-dz1n6ua-aba,,,laptops,DZ1N6UA#ABA,specified,https://schema.org/InStock,https://www.hp.com/us-en/shop/pdp/hp-probook-4-g2a-14-inch-notebook-next-gen-ai-pc-wolf-pro-security-edition-p-dz1n6ua-aba-1
HP ProBook 4 G2a 14 inch Notebook PC,HP,1899,USD,32,1024,specified,AMD Ryzen AI 7 445,AMD Radeon 840M,AMD,HP,AMD,InStock,"HP ProBook 4 G2a 14 inch Notebook PC, Laptops. AMD Ryzen AI 7 445 · 32 GB RAM · 1 TB · AMD Radeon 840M · from $1,899. Specs, configurations, and where to buy on Plug PCs.",https://plugpcs.com/p/hp/hp-probook-4-g2a-14-inch-notebook-pc-dz1n8ua-aba,,,laptops,DZ1N8UA#ABA,specified,https://schema.org/InStock,https://www.hp.com/us-en/shop/pdp/hp-probook-4-g2a-14-inch-notebook-next-gen-ai-pc-wolf-pro-security-edition-p-dz1n8ua-aba-1
HP ProBook 4 G2a 14-inch Notebook PC,HP,2724,USD,16,512,specified,AMD Ryzen AI 5,AMD Radeon,AMD,HP,AMD,InStock,"HP ProBook 4 G2a 14-inch Notebook PC, Laptops. AMD Ryzen AI 5 · 16 GB RAM · 512 GB · AMD Radeon · from $2,724. Specs, configurations, and where to buy on Plug PCs.",https://plugpcs.com/p/hp/hp-probook-4-g2a-14-inch-notebook-pc,,,laptops,C8MV8AV_MB,specified,https://schema.org/InStock,https://www.hp.com/us-en/shop/pdp/hp-probook-4-g2a-14-inch-notebook-next-gen-ai-pc-customizable-c8mv8av-mb
HP ProBook 4 G2a 16 inch Notebook PC,HP,1599,USD,16,1024,specified,AMD Ryzen AI 5 430,AMD Radeon 840M,AMD,HP,AMD,InStock,"HP ProBook 4 G2a 16 inch Notebook PC, Laptops. AMD Ryzen AI 5 430 · 16 GB RAM · 1 TB · AMD Radeon 840M · from $1,599. Specs, configurations, and where to buy on Plug PCs.",https://plugpcs.com/p/hp/hp-probook-4-g2a-16-inch-notebook-pc-dz1e4ua-aba,,,laptops,DZ1E4UA#ABA,specified,https://schema.org/InStock,https://www.hp.com/us-en/shop/pdp/hp-probook-4-g2a-16-inch-notebook-next-gen-ai-pc-wolf-pro-security-edition-p-dz1e4ua-aba-1
HP ProBook 4 G2a 16 inch Notebook PC,HP,1299,USD,16,512,specified,AMD Ryzen AI 5 430,AMD Radeon 840M,AMD,HP,AMD,InStock,"HP ProBook 4 G2a 16 inch Notebook PC, Laptops. AMD Ryzen AI 5 430 · 16 GB RAM · 512 GB · AMD Radeon 840M · from $1,299. Specs, configurations, and where to buy on Plug PCs.",https://plugpcs.com/p/hp/hp-probook-4-g2a-16-inch-notebook-pc-dz1e7ua-aba,,,laptops,DZ1E7UA#ABA,specified,https://schema.org/InStock,https://www.hp.com/us-en/shop/pdp/hp-probook-4-g2a-16-inch-notebook-next-gen-ai-pc-wolf-pro-security-edition-p-dz1e7ua-aba-1
HP ProBook 4 G2a 16 inch Notebook PC,HP,1199,USD,16,512,specified,AMD Ryzen AI 5 430,AMD Radeon 840M,AMD,HP,AMD,InStock,"HP ProBook 4 G2a 16 inch Notebook PC, Laptops. AMD Ryzen AI 5 430 · 16 GB RAM · 512 GB · AMD Radeon 840M · from $1,199. Specs, configurations, and where to buy on Plug PCs.",https://plugpcs.com/p/hp/hp-probook-4-g2a-16-inch-notebook-pc-dz1f1ua-aba,,,laptops,DZ1F1UA#ABA,specified,https://schema.org/InStock,https://www.hp.com/us-en/shop/pdp/hp-probook-4-g2a-16-inch-notebook-next-gen-ai-pc-wolf-pro-security-edition-p-dz1f1ua-aba-1
HP ProBook 4 G2a 16 inch Notebook PC,HP,1499,USD,16,512,specified,AMD Ryzen AI 7 445,AMD Radeon 840M,AMD,HP,AMD,InStock,"HP ProBook 4 G2a 16 inch Notebook PC, Laptops. AMD Ryzen AI 7 445 · 16 GB RAM · 512 GB · AMD Radeon 840M · from $1,499. Specs, configurations, and where to buy on Plug PCs.",https://plugpcs.com/p/hp/hp-probook-4-g2a-16-inch-notebook-pc-dz1g7ua-aba,,,laptops,DZ1G7UA#ABA,specified,https://schema.org/InStock,https://www.hp.com/us-en/shop/pdp/hp-probook-4-g2a-16-inch-notebook-next-gen-ai-pc-wolf-pro-security-edition-p-dz1g7ua-aba-1
HP ProBook 4 G2a 16 inch Notebook PC,HP,2199,USD,32,1024,specified,AMD Ryzen AI 7 445,AMD Radeon 840M,AMD,HP,AMD,InStock,"HP ProBook 4 G2a 16 inch Notebook PC, Laptops. AMD Ryzen AI 7 445 · 32 GB RAM · 1 TB · AMD Radeon 840M · from $2,199. Specs, configurations, and where to buy on Plug PCs.",https://plugpcs.com/p/hp/hp-probook-4-g2a-16-inch-notebook-pc-dz1g9ua-aba,,,laptops,DZ1G9UA#ABA,specified,https://schema.org/InStock,https://www.hp.com/us-en/shop/pdp/hp-probook-4-g2a-16-inch-notebook-next-gen-ai-pc-wolf-pro-security-edition-p-dz1g9ua-aba-1
HP ProBook 4 G2a 16 inch Notebook PC,HP,2099,USD,32,1024,specified,AMD Ryzen AI 7 445,AMD Radeon 840M,AMD,HP,AMD,InStock,"HP ProBook 4 G2a 16 inch Notebook PC, Laptops. AMD Ryzen AI 7 445 · 32 GB RAM · 1 TB · AMD Radeon 840M · from $2,099. Specs, configurations, and where to buy on Plug PCs.",https://plugpcs.com/p/hp/hp-probook-4-g2a-16-inch-notebook-pc-dz1h2ua-aba,,,laptops,DZ1H2UA#ABA,specified,https://schema.org/InStock,https://www.hp.com/us-en/shop/pdp/hp-probook-4-g2a-16-inch-notebook-next-gen-ai-pc-wolf-pro-security-edition-p-dz1h2ua-aba-1
HP ProBook 4 G2i 14 inch Notebook PC,HP,1249,USD,16,256,specified,Intel Core Ultra 5 325,Intel Graphics,Intel,HP,Intel,InStock,"HP ProBook 4 G2i 14 inch Notebook PC, Laptops. Intel Core Ultra 5 325 · 16 GB RAM · 256 GB · Intel Graphics · from $1,249. Specs, configurations, and where to buy on Plug PCs.",https://plugpcs.com/p/hp/hp-probook-4-g2i-14-inch-notebook-pc-dc5k1ua-aba,,,laptops,DC5K1UA#ABA,specified,https://schema.org/InStock,https://www.hp.com/us-en/shop/pdp/hp-probook-4-g2i-14-inch-notebook-next-gen-ai-pc-wolf-pro-security-edition-p-dc5k1ua-aba-1
HP ProBook 4 G2i 14 inch Notebook PC,HP,1099,USD,16,256,specified,Intel Core Ultra 5 325,Intel Graphics,Intel,HP,Intel,InStock,"HP ProBook 4 G2i 14 inch Notebook PC, Laptops. Intel Core Ultra 5 325 · 16 GB RAM · 256 GB · Intel Graphics · from $1,099. Specs, configurations, and where to buy on Plug PCs.",https://plugpcs.com/p/hp/hp-probook-4-g2i-14-inch-notebook-pc-dc5k3ua-aba,,,laptops,DC5K3UA#ABA,specified,https://schema.org/InStock,https://www.hp.com/us-en/shop/pdp/hp-probook-4-g2i-14-inch-notebook-next-gen-ai-pc-wolf-pro-security-edition-p-dc5k3ua-aba-1
HP ProBook 4 G2i 14 inch Notebook PC,HP,1299,USD,16,512,specified,Intel Core Ultra 5 325,Intel Graphics,Intel,HP,Intel,InStock,"HP ProBook 4 G2i 14 inch Notebook PC, Laptops. Intel Core Ultra 5 325 · 16 GB RAM · 512 GB · Intel Graphics · from $1,299. Specs, configurations, and where to buy on Plug PCs.",https://plugpcs.com/p/hp/hp-probook-4-g2i-14-inch-notebook-pc-dc5k8ua-aba,,,laptops,DC5K8UA#ABA,specified,https://schema.org/InStock,https://www.hp.com/us-en/shop/pdp/hp-probook-4-g2i-14-inch-notebook-next-gen-ai-pc-wolf-pro-security-edition-p-dc5k8ua-aba-1
HP ProBook 4 G2i 14 inch Notebook PC,HP,1449,USD,16,512,specified,Intel Core Ultra 7 355,Intel Graphics,Intel,HP,Intel,InStock,"HP ProBook 4 G2i 14 inch Notebook PC, Laptops. Intel Core Ultra 7 355 · 16 GB RAM · 512 GB · Intel Graphics · from $1,449. Specs, configurations, and where to buy on Plug PCs.",https://plugpcs.com/p/hp/hp-probook-4-g2i-14-inch-notebook-pc-dc5k9ua-aba,,,laptops,DC5K9UA#ABA,specified,https://schema.org/InStock,https://www.hp.com/us-en/shop/pdp/hp-probook-4-g2i-14-inch-notebook-next-gen-ai-pc-wolf-pro-security-edition-p-dc5k9ua-aba-1
HP ProBook 4 G2i 14 inch Notebook PC,HP,1449,USD,16,512,specified,Intel Core Ultra 7 355,Intel Graphics,Intel,HP,Intel,InStock,"HP ProBook 4 G2i 14 inch Notebook PC, Laptops. Intel Core Ultra 7 355 · 16 GB RAM · 512 GB · Intel Graphics · from $1,449. Specs, configurations, and where to buy on Plug PCs.",https://plugpcs.com/p/hp/hp-probook-4-g2i-14-inch-notebook-pc-dc5l1ua-aba,,,laptops,DC5L1UA#ABA,specified,https://schema.org/InStock,https://www.hp.com/us-en/shop/pdp/hp-probook-4-g2i-14-inch-notebook-next-gen-ai-pc-wolf-pro-security-edition-p-dc5l1ua-aba-1
HP ProBook 4 G2i 14 inch Notebook PC,HP,1699,USD,16,1024,specified,Intel Core Ultra 7 355,Intel Graphics,Intel,HP,Intel,InStock,"HP ProBook 4 G2i 14 inch Notebook PC, Laptops. Intel Core Ultra 7 355 · 16 GB RAM · 1 TB · Intel Graphics · from $1,699. Specs, configurations, and where to buy on Plug PCs.",https://plugpcs.com/p/hp/hp-probook-4-g2i-14-inch-notebook-pc-dc5l6ua-aba,,,laptops,DC5L6UA#ABA,specified,https://schema.org/InStock,https://www.hp.com/us-en/shop/pdp/hp-probook-4-g2i-14-inch-notebook-next-gen-ai-pc-wolf-pro-security-edition-p-dc5l6ua-aba-1
HP ProBook 4 G2i 14 inch Notebook PC,HP,1749,USD,16,1024,specified,Intel Core Ultra 7 355,Intel Graphics,Intel,HP,Intel,InStock,"HP ProBook 4 G2i 14 inch Notebook PC, Laptops. Intel Core Ultra 7 355 · 16 GB RAM · 1 TB · Intel Graphics · from $1,749. Specs, configurations, and where to buy on Plug PCs.",https://plugpcs.com/p/hp/hp-probook-4-g2i-14-inch-notebook-pc-dc5l9ua-aba,,,laptops,DC5L9UA#ABA,specified,https://schema.org/InStock,https://www.hp.com/us-en/shop/pdp/hp-probook-4-g2i-14-inch-notebook-next-gen-ai-pc-wolf-pro-security-edition-p-dc5l9ua-aba-1
HP ProBook 4 G2i 16 inch Notebook PC,HP,1299,USD,16,256,specified,Intel Core Ultra 5 322,Intel Graphics,Intel,HP,Intel,InStock,"HP ProBook 4 G2i 16 inch Notebook PC, Laptops. Intel Core Ultra 5 322 · 16 GB RAM · 256 GB · Intel Graphics · from $1,299. Specs, configurations, and where to buy on Plug PCs.",https://plugpcs.com/p/hp/hp-probook-4-g2i-16-inch-notebook-pc-dc5p7ua-aba,,,laptops,DC5P7UA#ABA,specified,https://schema.org/InStock,https://www.hp.com/us-en/shop/pdp/hp-probook-4-g2i-16-inch-notebook-next-gen-ai-pc-wolf-pro-security-edition-p-dc5p7ua-aba-1
HP ProBook 4 G2i 16 inch Notebook PC,HP,1249,USD,16,256,specified,Intel Core Ultra 5 325,Intel Graphics,Intel,HP,Intel,InStock,"HP ProBook 4 G2i 16 inch Notebook PC, Laptops. Intel Core Ultra 5 325 · 16 GB RAM · 256 GB · Intel Graphics · from $1,249. Specs, configurations, and where to buy on Plug PCs.",https://plugpcs.com/p/hp/hp-probook-4-g2i-16-inch-notebook-pc-dc5p8ua-aba,,,laptops,DC5P8UA#ABA,specified,https://schema.org/InStock,https://www.hp.com/us-en/shop/pdp/hp-probook-4-g2i-16-inch-notebook-next-gen-ai-pc-wolf-pro-security-edition-p-dc5p8ua-aba-1
HP ProBook 4 G2i 16 inch Notebook PC,HP,1299,USD,16,512,specified,Intel Core Ultra 5 325,Intel Graphics,Intel,HP,Intel,InStock,"HP ProBook 4 G2i 16 inch Notebook PC, Laptops. Intel Core Ultra 5 325 · 16 GB RAM · 512 GB · Intel Graphics · from $1,299. Specs, configurations, and where to buy on Plug PCs.",https://plugpcs.com/p/hp/hp-probook-4-g2i-16-inch-notebook-pc-dc5p9ua-aba,,,laptops,DC5P9UA#ABA,specified,https://schema.org/InStock,https://www.hp.com/us-en/shop/pdp/hp-probook-4-g2i-16-inch-notebook-next-gen-ai-pc-wolf-pro-security-edition
HP ProBook 4 G2i 16 inch Notebook PC,HP,1599,USD,16,512,specified,Intel Core Ultra 7 355,Intel Graphics,Intel,HP,Intel,InStock,"HP ProBook 4 G2i 16 inch Notebook PC, Laptops. Intel Core Ultra 7 355 · 16 GB RAM · 512 GB · Intel Graphics · from $1,599. Specs, configurations, and where to buy on Plug PCs.",https://plugpcs.com/p/hp/hp-probook-4-g2i-16-inch-notebook-pc-dc5q0ua-aba,,,laptops,DC5Q0UA#ABA,specified,https://schema.org/InStock,https://www.hp.com/us-en/shop/pdp/hp-probook-4-g2i-16-inch-notebook-next-gen-ai-pc-wolf-pro-security-edition-p-dc5q0ua-aba-1
HP ProBook 4 G2i 16 inch Notebook PC,HP,1499,USD,16,512,specified,Intel Core Ultra 7 355,Intel Graphics,Intel,HP,Intel,InStock,"HP ProBook 4 G2i 16 inch Notebook PC, Laptops. Intel Core Ultra 7 355 · 16 GB RAM · 512 GB · Intel Graphics · from $1,499. Specs, configurations, and where to buy on Plug PCs.",https://plugpcs.com/p/hp/hp-probook-4-g2i-16-inch-notebook-pc-dc5q1ua-aba,,,laptops,DC5Q1UA#ABA,specified,https://schema.org/InStock,https://www.hp.com/us-en/shop/pdp/hp-probook-4-g2i-16-inch-notebook-next-gen-ai-pc-wolf-pro-security-edition-p-dc5q1ua-aba-1
HP ProBook 4 G2i 16 inch Notebook PC,HP,1499,USD,16,512,specified,Intel Core Ultra 7 355,Intel Graphics,Intel,HP,Intel,InStock,"HP ProBook 4 G2i 16 inch Notebook PC, Laptops. Intel Core Ultra 7 355 · 16 GB RAM · 512 GB · Intel Graphics · from $1,499. Specs, configurations, and where to buy on Plug PCs.",https://plugpcs.com/p/hp/hp-probook-4-g2i-16-inch-notebook-pc-dc5q2ua-aba,,,laptops,DC5Q2UA#ABA,specified,https://schema.org/InStock,https://www.hp.com/us-en/shop/pdp/hp-probook-4-g2i-16-inch-notebook-next-gen-ai-pc-wolf-pro-security-edition-p-dc5q2ua-aba-1
HP ProBook 4 G2i 16 inch Notebook PC,HP,1999,USD,32,1024,specified,Intel Core Ultra 7 355,Intel Graphics,Intel,HP,Intel,InStock,"HP ProBook 4 G2i 16 inch Notebook PC, Laptops. Intel Core Ultra 7 355 · 32 GB RAM · 1 TB · Intel Graphics · from $1,999. Specs, configurations, and where to buy on Plug PCs.",https://plugpcs.com/p/hp/hp-probook-4-g2i-16-inch-notebook-pc-dc5r4ua-aba,,,laptops,DC5R4UA#ABA,specified,https://schema.org/InStock,https://www.hp.com/us-en/shop/pdp/hp-probook-4-g2i-16-inch-notebook-next-gen-ai-pc-wolf-pro-security-edition-p-dc5r4ua-aba-1
HP ProBook 4 G2i 16 inch Notebook PC,HP,2099,USD,32,1024,specified,Intel Core Ultra 7 355,Intel Graphics,Intel,HP,Intel,InStock,"HP ProBook 4 G2i 16 inch Notebook PC, Laptops. Intel Core Ultra 7 355 · 32 GB RAM · 1 TB · Intel Graphics · from $2,099. Specs, configurations, and where to buy on Plug PCs.",https://plugpcs.com/p/hp/hp-probook-4-g2i-16-inch-notebook-pc-dc5r5ua-aba,,,laptops,DC5R5UA#ABA,specified,https://schema.org/InStock,https://www.hp.com/us-en/shop/pdp/hp-probook-4-g2i-16-inch-notebook-next-gen-ai-pc-wolf-pro-security-edition-p-dc5r5ua-aba-1
HP ProBook 4 G2i 16 inch Notebook PC,HP,1799,USD,32,512,specified,Intel Core Ultra 7 355,Intel Graphics,Intel,HP,Intel,InStock,"HP ProBook 4 G2i 16 inch Notebook PC, Laptops. Intel Core Ultra 7 355 · 32 GB RAM · 512 GB · Intel Graphics · from $1,799. Specs, configurations, and where to buy on Plug PCs.",https://plugpcs.com/p/hp/hp-probook-4-g2i-16-inch-notebook-pc-dc5r6ua-aba,,,laptops,DC5R6UA#ABA,specified,https://schema.org/InStock,https://www.hp.com/us-en/shop/pdp/hp-probook-4-g2i-16-inch-notebook-next-gen-ai-pc-wolf-pro-security-edition-p-dc5r6ua-aba-1
HP ProBook 4 G2i 16 inch Notebook PC,HP,1999,USD,32,512,specified,Intel Core Ultra 7 355,Intel Graphics,Intel,HP,Intel,InStock,"HP ProBook 4 G2i 16 inch Notebook PC, Laptops. Intel Core Ultra 7 355 · 32 GB RAM · 512 GB · Intel Graphics · from $1,999. Specs, configurations, and where to buy on Plug PCs.",https://plugpcs.com/p/hp/hp-probook-4-g2i-16-inch-notebook-pc-dc5r7ua-aba,,,laptops,DC5R7UA#ABA,specified,https://schema.org/InStock,https://www.hp.com/us-en/shop/pdp/hp-probook-4-g2i-16-inch-notebook-next-gen-ai-pc-wolf-pro-security-edition-p-dc5r7ua-aba-1
HP ProBook 4 G2i 16 inch Notebook PC,HP,1699,USD,16,1024,specified,Intel Core Ultra 7 355,Intel Graphics,Intel,HP,Intel,InStock,"HP ProBook 4 G2i 16 inch Notebook PC, Laptops. Intel Core Ultra 7 355 · 16 GB RAM · 1 TB · Intel Graphics · from $1,699. Specs, configurations, and where to buy on Plug PCs.",https://plugpcs.com/p/hp/hp-probook-4-g2i-16-inch-notebook-pc-dc5r9ua-aba,,,laptops,DC5R9UA#ABA,specified,https://schema.org/InStock,https://www.hp.com/us-en/shop/pdp/hp-probook-4-g2i-16-inch-notebook-next-gen-ai-pc-wolf-pro-security-edition-p-dc5r9ua-aba-1
HP ProBook 4 G2i 16 inch Notebook PC,HP,1299,USD,16,256,specified,Intel Core Ultra 5 325,Intel Graphics,Intel,HP,Intel,InStock,"HP ProBook 4 G2i 16 inch Notebook PC, Laptops. Intel Core Ultra 5 325 · 16 GB RAM · 256 GB · Intel Graphics · from $1,299. Specs, configurations, and where to buy on Plug PCs.",https://plugpcs.com/p/hp/hp-probook-4-g2i-16-inch-notebook-pc-dc6b5ua-aba,,,laptops,DC6B5UA#ABA,specified,https://schema.org/InStock,https://www.hp.com/us-en/shop/pdp/hp-probook-4-g2i-16-inch-notebook-next-gen-ai-pc-wolf-pro-security-edition-p-dc6b5ua-aba-1
HP ProBook 4 G2i 16 inch Notebook PC,HP,1299,USD,16,512,specified,Intel Core Ultra 5 325,Intel Graphics,Intel,HP,Intel,InStock,"HP ProBook 4 G2i 16 inch Notebook PC, Laptops. Intel Core Ultra 5 325 · 16 GB RAM · 512 GB · Intel Graphics · from $1,299. Specs, configurations, and where to buy on Plug PCs.",https://plugpcs.com/p/hp/hp-probook-4-g2i-16-inch-notebook-pc-dc6b6ua-aba,,,laptops,DC6B6UA#ABA,specified,https://schema.org/InStock,https://www.hp.com/us-en/shop/pdp/hp-probook-4-g2i-16-inch-notebook-next-gen-ai-pc-wolf-pro-security-edition-p-dc6b6ua-aba-1
HP ProBook 4 G2i 16-inch Notebook PC,HP,1946,USD,16,256,specified,Intel Core Ultra 5,Intel Graphics,Intel,HP,Intel,InStock,"HP ProBook 4 G2i 16-inch Notebook PC, Laptops. Intel Core Ultra 5 · 16 GB RAM · 256 GB · Intel Graphics · from $1,946. Specs, configurations, and where to buy on Plug PCs.",https://plugpcs.com/p/hp/hp-probook-4-g2i-16-inch-notebook-pc,,,laptops,C69XYAV_MB,specified,https://schema.org/InStock,https://www.hp.com/us-en/shop/pdp/hp-probook-4-g2i-16-inch-notebook-next-gen-ai-pc-customizable-c69xyav-mb
HP ProBook 460 16 inch G11 Notebook PC,HP,2239,USD,16,512,specified,Intel Core Ultra 5 125U,Intel Graphics,Intel,HP,Intel,InStock,"HP ProBook 460 16 inch G11 Notebook PC, Laptops. Intel Core Ultra 5 125U · 16 GB RAM · 512 GB · Intel Graphics · from $2,239. Specs, configurations, and where to buy on Plug PCs.",https://plugpcs.com/p/hp/hp-probook-460-16-inch-g11-notebook-pc-a3rf4ua-aba,,,laptops,A3RF4UA#ABA,specified,https://schema.org/InStock,https://www.hp.com/us-en/shop/pdp/hp-probook-460-16-inch-g11-notebook-pc-p-a3rf4ua-aba-1
HP ProBook G2i 14 inch Notebook PC,HP,2149,USD,32,1024,specified,Intel Core Ultra 7 355,Intel Graphics,Intel,HP,Intel,InStock,"HP ProBook G2i 14 inch Notebook PC, Laptops. Intel Core Ultra 7 355 · 32 GB RAM · 1 TB · Intel Graphics · from $2,149. Specs, configurations, and where to buy on Plug PCs.",https://plugpcs.com/p/hp/hp-probook-g2i-14-inch-notebook-pc,,,laptops,DC5L2UA#ABA,specified,https://schema.org/InStock,https://www.hp.com/us-en/shop/pdp/hp-probook-4-g2i-14-inch-notebook-next-gen-ai-pc-wolf-pro-security-edition
HP ProBook G2i 14 inch Notebook PC,HP,2199,USD,32,1024,specified,Intel Core Ultra 7 355,Intel Graphics,Intel,HP,Intel,InStock,"HP ProBook G2i 14 inch Notebook PC, Laptops. Intel Core Ultra 7 355 · 32 GB RAM · 1 TB · Intel Graphics · from $2,199. Specs, configurations, and where to buy on Plug PCs.",https://plugpcs.com/p/hp/hp-probook-g2i-14-inch-notebook-pc-dc5l3ua-aba,,,laptops,DC5L3UA#ABA,specified,https://schema.org/InStock,https://www.hp.com/us-en/shop/pdp/hp-probook-4-g2i-14-inch-notebook-next-gen-ai-pc-wolf-pro-security-edition-p-dc5l3ua-aba-1
HP ProBook G2i 14 inch Notebook PC,HP,1999,USD,32,512,specified,Intel Core Ultra 7 355,Intel Graphics,Intel,HP,Intel,InStock,"HP ProBook G2i 14 inch Notebook PC, Laptops. Intel Core Ultra 7 355 · 32 GB RAM · 512 GB · Intel Graphics · from $1,999. Specs, configurations, and where to buy on Plug PCs.",https://plugpcs.com/p/hp/hp-probook-g2i-14-inch-notebook-pc-dc5l4ua-aba,,,laptops,DC5L4UA#ABA,specified,https://schema.org/InStock,https://www.hp.com/us-en/shop/pdp/hp-probook-4-g2i-14-inch-notebook-next-gen-ai-pc-wolf-pro-security-edition-p-dc5l4ua-aba-1
HP ProBook G2i 14 inch Notebook PC,HP,2049,USD,32,512,specified,Intel Core Ultra 7 355,Intel Graphics,Intel,HP,Intel,InStock,"HP ProBook G2i 14 inch Notebook PC, Laptops. Intel Core Ultra 7 355 · 32 GB RAM · 512 GB · Intel Graphics · from $2,049. Specs, configurations, and where to buy on Plug PCs.",https://plugpcs.com/p/hp/hp-probook-g2i-14-inch-notebook-pc-dc5l5ua-aba,,,laptops,DC5L5UA#ABA,specified,https://schema.org/InStock,https://www.hp.com/us-en/shop/pdp/hp-probook-4-g2i-14-inch-notebook-next-gen-ai-pc-wolf-pro-security-edition-p-dc5l5ua-aba-1
HP ZBook 8 G1a 14 Mobile Workstation PC,HP,2399,USD,32,1024,specified,AMD Ryzen AI 7 350,AMD Radeon 860M,AMD,HP,AMD,InStock,"HP ZBook 8 G1a 14 Mobile Workstation PC, Laptops. AMD Ryzen AI 7 350 · 32 GB RAM · 1 TB · AMD Radeon 860M · from $2,399. Specs, configurations, and where to buy on Plug PCs.",https://plugpcs.com/p/hp/hp-zbook-8-g1a-14-mobile-workstation-pc-touch-c01fkua-aba,,,laptops,C01FKUA#ABA,specified,https://schema.org/InStock,https://www.hp.com/us-en/shop/pdp/hp-zbook-8-g1ak-14-inch-mobile-workstation-pc-wolf-pro-security-edition
HP ZBook 8 G1ak 14 inch Mobile Workstation PC,HP,3499.2,USD,16,256,specified,AMD Ryzen 5,AMD Radeon,AMD,HP,AMD,InStock,"HP ZBook 8 G1ak 14 inch Mobile Workstation PC, Laptops. AMD Ryzen 5 · 16 GB RAM · 256 GB · AMD Radeon · from $3,499.20. Specs, configurations, and where to buy on Plug PCs.",https://plugpcs.com/p/hp/hp-zbook-8-g1ak-14-inch-mobile-workstation-pc,,,laptops,B3JQ4AV_MB,specified,https://schema.org/InStock,https://www.hp.com/us-en/shop/pdp/hp-zbook-8-g1a-14-inch-next-gen-ai-customizable-b3jq4av-mb
HP ZBook 8 G1i 14 inch Mobile Workstation PC,HP,3116.7,USD,16,256,specified,,Intel Graphics,Intel,HP,Unknown,InStock,"HP ZBook 8 G1i 14 inch Mobile Workstation PC, Laptops. 16 GB RAM · 256 GB · Intel Graphics · from $3,116.70. Specs, configurations, and where to buy on Plug PCs.",https://plugpcs.com/p/hp/hp-zbook-8-g1i-14-inch-mobile-workstation-pc,,,laptops,B25DQAV_MB,specified,https://schema.org/InStock,https://www.hp.com/us-en/shop/pdp/hp-zbook-8-g1i-14-inch-ai-customizable-b25dqav-mb
HP ZBook 8 G1i 14 inch Mobile Workstation PC,HP,5198,USD,32,512,specified,Intel Core Ultra 7 255H,NVIDIA RTX 500 Ada Laptop,NVIDIA,HP,Intel,InStock,"HP ZBook 8 G1i 14 inch Mobile Workstation PC, Laptops. Intel Core Ultra 7 255H · 32 GB RAM · 512 GB · NVIDIA RTX 500 Ada Laptop · from $5,198. Specs, configurations, and where to buy on Plug PCs.",https://plugpcs.com/p/hp/hp-zbook-8-g1i-14-inch-mobile-workstation-pc-c01e6ua-aba,,,laptops,C01E6UA#ABA,specified,https://schema.org/InStock,https://www.hp.com/us-en/shop/pdp/hp-zbook-8-g1i-14-inch-mobile-workstation-pc-wolf-pro-security-edition-p-c01e6ua-aba-1
HP ZBook 8 G1i 14 inch Mobile Workstation PC,HP,2959,USD,32,512,specified,Intel Core Ultra 7 265H,NVIDIA RTX 500 Ada Laptop,NVIDIA,HP,Intel,InStock,"HP ZBook 8 G1i 14 inch Mobile Workstation PC, Laptops. Intel Core Ultra 7 265H · 32 GB RAM · 512 GB · NVIDIA RTX 500 Ada Laptop · from $2,959. Specs, configurations, and where to buy on Plug PCs.",https://plugpcs.com/p/hp/hp-zbook-8-g1i-14-inch-mobile-workstation-pc-c01e8ua-aba,,,laptops,C01E8UA#ABA,specified,https://schema.org/InStock,https://www.hp.com/us-en/shop/pdp/hp-zbook-8-g1i-14-inch-mobile-workstation-pc-wolf-pro-security-edition-p-c01e8ua-aba-1
HP ZBook 8 G1i 14 inch Mobile Workstation PC,HP,2839,USD,64,1024,specified,Intel Core Ultra 9 285H,NVIDIA RTX 500 Ada Laptop,NVIDIA,HP,Intel,InStock,"HP ZBook 8 G1i 14 inch Mobile Workstation PC, Laptops. Intel Core Ultra 9 285H · 64 GB RAM · 1 TB · NVIDIA RTX 500 Ada Laptop · from $2,839. Specs, configurations, and where to buy on Plug PCs.",https://plugpcs.com/p/hp/hp-zbook-8-g1i-14-inch-mobile-workstation-pc-c01f3ua-aba,,,laptops,C01F3UA#ABA,specified,https://schema.org/InStock,https://www.hp.com/us-en/shop/pdp/hp-zbook-8-g1i-14-inch-mobile-workstation-pc-wolf-pro-security-edition-p-c01f3ua-aba-1
HP ZBook 8 G1i 16 inch Mobile Workstation PC,HP,3139.2,USD,16,256,specified,,Intel Graphics,Intel,HP,Unknown,InStock,"HP ZBook 8 G1i 16 inch Mobile Workstation PC, Laptops. 16 GB RAM · 256 GB · Intel Graphics · from $3,139.20. Specs, configurations, and where to buy on Plug PCs.",https://plugpcs.com/p/hp/hp-zbook-8-g1i-16-inch-mobile-workstation-pc,,,laptops,B24GWAV_MB,specified,https://schema.org/InStock,https://www.hp.com/us-en/shop/pdp/hp-zbook-8-g1i-16-inch-ai-customizable-b24gwav-mb
HP ZBook 8 G2a 14 inch Mobile Workstation PC,HP,2881.8,USD,16,512,specified,AMD Ryzen 5,AMD Radeon,AMD,HP,AMD,InStock,"HP ZBook 8 G2a 14 inch Mobile Workstation PC, Laptops. AMD Ryzen 5 · 16 GB RAM · 512 GB · AMD Radeon · from $2,881.80. Specs, configurations, and where to buy on Plug PCs.",https://plugpcs.com/p/hp/hp-zbook-8-g2a-14-inch-mobile-workstation-pc,,,laptops,C8HD0AV_MB,specified,https://schema.org/InStock,https://www.hp.com/us-en/shop/pdp/hp-zbook-8-g2a-14-inch-mobile-workstation-pc-customizable-c8hd0av-mb
HP ZBook 8 G2a 14 Mobile Workstation PC,HP,1399,USD,16,512,specified,AMD Ryzen AI 5 440,AMD Radeon 840M,AMD,HP,AMD,InStock,"HP ZBook 8 G2a 14 Mobile Workstation PC, Laptops. AMD Ryzen AI 5 440 · 16 GB RAM · 512 GB · AMD Radeon 840M · from $1,399. Specs, configurations, and where to buy on Plug PCs.",https://plugpcs.com/p/hp/hp-zbook-8-g2a-14-mobile-workstation-pc,,,laptops,DP3E6UA#ABA,specified,https://schema.org/InStock,https://www.hp.com/us-en/shop/pdp/hp-zbook-8-g2a-14-inch-mobile-workstation-pc-wolf-pro-security-edition-p-dp3e6ua-aba-1
HP ZBook 8 G2a 14 Mobile Workstation PC,HP,1799,USD,32,512,specified,AMD Ryzen AI 5 440,AMD Radeon 840M,AMD,HP,AMD,InStock,"HP ZBook 8 G2a 14 Mobile Workstation PC, Laptops. AMD Ryzen AI 5 440 · 32 GB RAM · 512 GB · AMD Radeon 840M · from $1,799. Specs, configurations, and where to buy on Plug PCs.",https://plugpcs.com/p/hp/hp-zbook-8-g2a-14-mobile-workstation-pc-dp3e7ua-aba,,,laptops,DP3E7UA#ABA,specified,https://schema.org/InStock,https://www.hp.com/us-en/shop/pdp/hp-zbook-8-g2a-14-inch-mobile-workstation-pc-wolf-pro-security-edition-p-dp3e7ua-aba-1
HP ZBook 8 G2a 14 Mobile Workstation PC,HP,1969,USD,32,512,specified,AMD Ryzen AI 7 450,AMD Radeon 860M,AMD,HP,AMD,InStock,"HP ZBook 8 G2a 14 Mobile Workstation PC, Laptops. AMD Ryzen AI 7 450 · 32 GB RAM · 512 GB · AMD Radeon 860M · from $1,969. Specs, configurations, and where to buy on Plug PCs.",https://plugpcs.com/p/hp/hp-zbook-8-g2a-14-mobile-workstation-pc-dp3e8ua-aba,,,laptops,DP3E8UA#ABA,specified,https://schema.org/InStock,https://www.hp.com/us-en/shop/pdp/hp-zbook-8-g2a-14-inch-mobile-workstation-pc-wolf-pro-security-edition-p-dp3e8ua-aba-1
HP ZBook 8 G2a 14 Mobile Workstation PC,HP,2149,USD,32,1024,specified,AMD Ryzen AI 7 450,AMD Radeon 860M,AMD,HP,AMD,InStock,"HP ZBook 8 G2a 14 Mobile Workstation PC, Laptops. AMD Ryzen AI 7 450 · 32 GB RAM · 1 TB · AMD Radeon 860M · from $2,149. Specs, configurations, and where to buy on Plug PCs.",https://plugpcs.com/p/hp/hp-zbook-8-g2a-14-mobile-workstation-pc-dp3f0ua-aba,,,laptops,DP3F0UA#ABA,specified,https://schema.org/InStock,https://www.hp.com/us-en/shop/pdp/hp-zbook-8-g2a-14-inch-mobile-workstation-pc-wolf-pro-security-edition-p-dp3f0ua-aba-1
HP ZBook 8 G2a 14 Mobile Workstation PC,HP,2099,USD,32,1024,specified,AMD Ryzen AI 7 450,AMD Radeon 860M,AMD,HP,AMD,InStock,"HP ZBook 8 G2a 14 Mobile Workstation PC, Laptops. AMD Ryzen AI 7 450 · 32 GB RAM · 1 TB · AMD Radeon 860M · from $2,099. Specs, configurations, and where to buy on Plug PCs.",https://plugpcs.com/p/hp/hp-zbook-8-g2a-14-mobile-workstation-pc-dp3f1ua-aba,,,laptops,DP3F1UA#ABA,specified,https://schema.org/InStock,https://www.hp.com/us-en/shop/pdp/hp-zbook-8-g2a-14-inch-mobile-workstation-pc-wolf-pro-security-edition-p-dp3f1ua-aba-1
HP ZBook 8 G2a 14 Mobile Workstation PC,HP,2769,USD,64,1024,specified,AMD Ryzen AI 7 450,AMD Radeon 860M,AMD,HP,AMD,InStock,"HP ZBook 8 G2a 14 Mobile Workstation PC, Laptops. AMD Ryzen AI 7 450 · 64 GB RAM · 1 TB · AMD Radeon 860M · from $2,769. Specs, configurations, and where to buy on Plug PCs.",https://plugpcs.com/p/hp/hp-zbook-8-g2a-14-mobile-workstation-pc-dp3f2ua-aba,,,laptops,DP3F2UA#ABA,specified,https://schema.org/InStock,https://www.hp.com/us-en/shop/pdp/hp-zbook-8-g2a-14-inch-mobile-workstation-pc-wolf-pro-security-edition-p-dp3f2ua-aba-1
HP ZBook 8 G2a 14 Mobile Workstation PC,HP,2019,USD,32,512,specified,AMD Ryzen AI 9 470,AMD Radeon 890M,AMD,HP,AMD,InStock,"HP ZBook 8 G2a 14 Mobile Workstation PC, Laptops. AMD Ryzen AI 9 470 · 32 GB RAM · 512 GB · AMD Radeon 890M · from $2,019. Specs, configurations, and where to buy on Plug PCs.",https://plugpcs.com/p/hp/hp-zbook-8-g2a-14-mobile-workstation-pc-dp3f4ua-aba,,,laptops,DP3F4UA#ABA,specified,https://schema.org/InStock,https://www.hp.com/us-en/shop/pdp/hp-zbook-8-g2a-14-inch-mobile-workstation-pc-wolf-pro-security-edition-p-dp3f4ua-aba-1
HP ZBook 8 G2a 14 Mobile Workstation PC,HP,2239,USD,32,512,specified,AMD Ryzen AI 9 470,AMD Radeon 890M,AMD,HP,AMD,InStock,"HP ZBook 8 G2a 14 Mobile Workstation PC, Laptops. AMD Ryzen AI 9 470 · 32 GB RAM · 512 GB · AMD Radeon 890M · from $2,239. Specs, configurations, and where to buy on Plug PCs.",https://plugpcs.com/p/hp/hp-zbook-8-g2a-14-mobile-workstation-pc-dp3f5ua-aba,,,laptops,DP3F5UA#ABA,specified,https://schema.org/InStock,https://www.hp.com/us-en/shop/pdp/hp-zbook-8-g2a-14-inch-mobile-workstation-pc-wolf-pro-security-edition-p-dp3f5ua-aba-1
HP ZBook 8 G2a 14 Mobile Workstation PC,HP,2289,USD,32,1024,specified,AMD Ryzen AI 9 470,AMD Radeon 890M,AMD,HP,AMD,InStock,"HP ZBook 8 G2a 14 Mobile Workstation PC, Laptops. AMD Ryzen AI 9 470 · 32 GB RAM · 1 TB · AMD Radeon 890M · from $2,289. Specs, configurations, and where to buy on Plug PCs.",https://plugpcs.com/p/hp/hp-zbook-8-g2a-14-mobile-workstation-pc-dp3f8ua-aba,,,laptops,DP3F8UA#ABA,specified,https://schema.org/InStock,https://www.hp.com/us-en/shop/pdp/hp-zbook-8-g2a-14-inch-mobile-workstation-pc-wolf-pro-security-edition-p-dp3f8ua-aba-1
HP ZBook 8 G2a 14 Mobile Workstation PC,HP,2339,USD,32,1024,specified,AMD Ryzen AI 9 470,AMD Radeon 890M,AMD,HP,AMD,InStock,"HP ZBook 8 G2a 14 Mobile Workstation PC, Laptops. AMD Ryzen AI 9 470 · 32 GB RAM · 1 TB · AMD Radeon 890M · from $2,339. Specs, configurations, and where to buy on Plug PCs.",https://plugpcs.com/p/hp/hp-zbook-8-g2a-14-mobile-workstation-pc-dp3f9ua-aba,,,laptops,DP3F9UA#ABA,specified,https://schema.org/InStock,https://www.hp.com/us-en/shop/pdp/hp-zbook-8-g2a-14-inch-mobile-workstation-pc-wolf-pro-security-edition-p-dp3f9ua-aba-1
HP ZBook 8 G2a 14 Mobile Workstation PC,HP,3059,USD,64,1024,specified,AMD Ryzen AI 9 470,AMD Radeon 890M,AMD,HP,AMD,InStock,"HP ZBook 8 G2a 14 Mobile Workstation PC, Laptops. AMD Ryzen AI 9 470 · 64 GB RAM · 1 TB · AMD Radeon 890M · from $3,059. Specs, configurations, and where to buy on Plug PCs.",https://plugpcs.com/p/hp/hp-zbook-8-g2a-14-mobile-workstation-pc-dp3g0ua-aba,,,laptops,DP3G0UA#ABA,specified,https://schema.org/InStock,https://www.hp.com/us-en/shop/pdp/hp-zbook-8-g2a-14-inch-mobile-workstation-pc-wolf-pro-security-edition
HP ZBook 8 G2a 14 Mobile Workstation PC,HP,1599,USD,32,512,specified,AMD Ryzen AI 5 440,AMD Radeon 840M,AMD,HP,AMD,InStock,"HP ZBook 8 G2a 14 Mobile Workstation PC, Laptops. AMD Ryzen AI 5 440 · 32 GB RAM · 512 GB · AMD Radeon 840M · from $1,599. Specs, configurations, and where to buy on Plug PCs.",https://plugpcs.com/p/hp/hp-zbook-8-g2a-14-mobile-workstation-pc-dp3v9ua-aba,,,laptops,DP3V9UA#ABA,specified,https://schema.org/InStock,https://www.hp.com/us-en/shop/pdp/hp-zbook-8-g2a-14-inch-mobile-workstation-pc-wolf-pro-security-edition-p-dp3v9ua-aba-1
HP ZBook 8 G2a 16 inch Mobile Workstation PC,HP,3223,USD,16,512,specified,AMD Ryzen 5,AMD Radeon,AMD,HP,AMD,InStock,"HP ZBook 8 G2a 16 inch Mobile Workstation PC, Laptops. AMD Ryzen 5 · 16 GB RAM · 512 GB · AMD Radeon · from $3,223. Specs, configurations, and where to buy on Plug PCs.",https://plugpcs.com/p/hp/hp-zbook-8-g2a-16-inch-mobile-workstation-pc,,,laptops,D1VD9AV_MB,specified,https://schema.org/InStock,https://www.hp.com/us-en/shop/pdp/hp-zbook-8-g2a-16-inch-mobile-workstation-pc-customizable-d1vd9av-mb
HP ZBook 8 G2i 14 inch Mobile Workstation PC,HP,2199,USD,16,512,specified,Intel Core Ultra 5 336H,Intel Graphics,Intel,HP,Intel,InStock,"HP ZBook 8 G2i 14 inch Mobile Workstation PC, Laptops. Intel Core Ultra 5 336H · 16 GB RAM · 512 GB · Intel Graphics · from $2,199. Specs, configurations, and where to buy on Plug PCs.",https://plugpcs.com/p/hp/hp-zbook-8-g2i-14-inch-mobile-workstation-pc,,,laptops,DF9G7UA#ABA,specified,https://schema.org/InStock,https://www.hp.com/us-en/shop/pdp/hp-zbook-8-g2i-14-inch-mobile-workstation-pc-wolf-pro-security-edition-p-df9g7ua-aba-1
HP ZBook 8 G2i 14 inch Mobile Workstation PC,HP,2239,USD,32,512,specified,Intel Core Ultra 5 336H,NVIDIA RTX PRO 500 Laptop,NVIDIA,HP,Intel,InStock,"HP ZBook 8 G2i 14 inch Mobile Workstation PC, Laptops. Intel Core Ultra 5 336H · 32 GB RAM · 512 GB · NVIDIA RTX PRO 500 Laptop · from $2,239. Specs, configurations, and where to buy on Plug PCs.",https://plugpcs.com/p/hp/hp-zbook-8-g2i-14-inch-mobile-workstation-pc-df9g8ua-aba,,,laptops,DF9G8UA#ABA,specified,https://schema.org/InStock,https://www.hp.com/us-en/shop/pdp/hp-zbook-8-g2i-14-inch-mobile-workstation-pc-wolf-pro-security-edition-p-df9g8ua-aba-1
HP ZBook 8 G2i 14 inch Mobile Workstation PC,HP,1799,USD,32,512,specified,Intel Core Ultra 7 356H,Intel Graphics,Intel,HP,Intel,InStock,"HP ZBook 8 G2i 14 inch Mobile Workstation PC, Laptops. Intel Core Ultra 7 356H · 32 GB RAM · 512 GB · Intel Graphics · from $1,799. Specs, configurations, and where to buy on Plug PCs.",https://plugpcs.com/p/hp/hp-zbook-8-g2i-14-inch-mobile-workstation-pc-df9g9ua-aba,,,laptops,DF9G9UA#ABA,specified,https://schema.org/InStock,https://www.hp.com/us-en/shop/pdp/hp-zbook-8-g2i-14-inch-mobile-workstation-pc-wolf-pro-security-edition-p-df9g9ua-aba-1
HP ZBook 8 G2i 14 inch Mobile Workstation PC,HP,2339,USD,32,512,specified,Intel Core Ultra 7 356H,NVIDIA RTX PRO 500 Laptop,NVIDIA,HP,Intel,InStock,"HP ZBook 8 G2i 14 inch Mobile Workstation PC, Laptops. Intel Core Ultra 7 356H · 32 GB RAM · 512 GB · NVIDIA RTX PRO 500 Laptop · from $2,339. Specs, configurations, and where to buy on Plug PCs.",https://plugpcs.com/p/hp/hp-zbook-8-g2i-14-inch-mobile-workstation-pc-df9h1ua-aba,,,laptops,DF9H1UA#ABA,specified,https://schema.org/InStock,https://www.hp.com/us-en/shop/pdp/hp-zbook-8-g2i-14-inch-mobile-workstation-pc-wolf-pro-security-edition-p-df9h1ua-aba-1
HP ZBook 8 G2i 14 inch Mobile Workstation PC,HP,3349,USD,64,1024,specified,Intel Core Ultra 7 366H,NVIDIA RTX PRO 500 Laptop,NVIDIA,HP,Intel,InStock,"HP ZBook 8 G2i 14 inch Mobile Workstation PC, Laptops. Intel Core Ultra 7 366H · 64 GB RAM · 1 TB · NVIDIA RTX PRO 500 Laptop · from $3,349. Specs, configurations, and where to buy on Plug PCs.",https://plugpcs.com/p/hp/hp-zbook-8-g2i-14-inch-mobile-workstation-pc-df9h2ua-aba,,,laptops,DF9H2UA#ABA,specified,https://schema.org/InStock,https://www.hp.com/us-en/shop/pdp/hp-zbook-8-g2i-14-inch-mobile-workstation-pc-wolf-pro-security-edition-p-df9h2ua-aba-1
HP ZBook 8 G2i 14 inch Mobile Workstation PC,HP,2199,USD,32,512,specified,Intel Core Ultra 7 366H,Intel Graphics,Intel,HP,Intel,InStock,"HP ZBook 8 G2i 14 inch Mobile Workstation PC, Laptops. Intel Core Ultra 7 366H · 32 GB RAM · 512 GB · Intel Graphics · from $2,199. Specs, configurations, and where to buy on Plug PCs.",https://plugpcs.com/p/hp/hp-zbook-8-g2i-14-inch-mobile-workstation-pc-df9h3ua-aba,,,laptops,DF9H3UA#ABA,specified,https://schema.org/InStock,https://www.hp.com/us-en/shop/pdp/hp-zbook-8-g2i-14-inch-mobile-workstation-pc-wolf-pro-security-edition-p-df9h3ua-aba-1
HP ZBook 8 G2i 14 inch Mobile Workstation PC,HP,2829,USD,32,1024,specified,Intel Core Ultra 9 386H,NVIDIA RTX PRO 500 Laptop,NVIDIA,HP,Intel,InStock,"HP ZBook 8 G2i 14 inch Mobile Workstation PC, Laptops. Intel Core Ultra 9 386H · 32 GB RAM · 1 TB · NVIDIA RTX PRO 500 Laptop · from $2,829. Specs, configurations, and where to buy on Plug PCs.",https://plugpcs.com/p/hp/hp-zbook-8-g2i-14-inch-mobile-workstation-pc-df9h4ua-aba,,,laptops,DF9H4UA#ABA,specified,https://schema.org/InStock,https://www.hp.com/us-en/shop/pdp/hp-zbook-8-g2i-14-inch-mobile-workstation-pc-wolf-pro-security-edition-p-df9h4ua-aba-1
HP ZBook 8 G2i 14 inch Mobile Workstation PC,HP,2599,USD,32,1024,specified,Intel Core Ultra 7 366H,NVIDIA RTX PRO 500 Laptop,NVIDIA,HP,Intel,InStock,"HP ZBook 8 G2i 14 inch Mobile Workstation PC, Laptops. Intel Core Ultra 7 366H · 32 GB RAM · 1 TB · NVIDIA RTX PRO 500 Laptop · from $2,599. Specs, configurations, and where to buy on Plug PCs.",https://plugpcs.com/p/hp/hp-zbook-8-g2i-14-inch-mobile-workstation-pc-df9h5ua-aba,,,laptops,DF9H5UA#ABA,specified,https://schema.org/InStock,https://www.hp.com/us-en/shop/pdp/hp-zbook-8-g2i-14-inch-mobile-workstation-pc-wolf-pro-security-edition-p-df9h5ua-aba-1
HP ZBook 8 G2i 14 inch Mobile Workstation PC,HP,3379,USD,64,1024,specified,Intel Core Ultra X9 388H,Intel Arc B390,Intel,HP,Intel,InStock,"HP ZBook 8 G2i 14 inch Mobile Workstation PC, Laptops. Intel Core Ultra X9 388H · 64 GB RAM · 1 TB · Intel Arc B390 · from $3,379. Specs, configurations, and where to buy on Plug PCs.",https://plugpcs.com/p/hp/hp-zbook-8-g2i-14-inch-mobile-workstation-pc-df9k1ua-aba,,,laptops,DF9K1UA#ABA,specified,https://schema.org/InStock,https://www.hp.com/us-en/shop/pdp/hp-zbook-8-g2i-14-inch-mobile-workstation-pc-wolf-pro-security-edition-p-df9k1ua-aba-1
HP ZBook 8 G2i 14 inch Mobile Workstation PC,HP,3069,USD,64,1024,specified,Intel Core Ultra 7 366H,Intel Graphics,Intel,HP,Intel,InStock,"HP ZBook 8 G2i 14 inch Mobile Workstation PC, Laptops. Intel Core Ultra 7 366H · 64 GB RAM · 1 TB · Intel Graphics · from $3,069. Specs, configurations, and where to buy on Plug PCs.",https://plugpcs.com/p/hp/hp-zbook-8-g2i-14-inch-mobile-workstation-pc-dg0l3ua-aba,,,laptops,DG0L3UA#ABA,specified,https://schema.org/InStock,https://www.hp.com/us-en/shop/pdp/hp-zbook-8-g2i-14-inch-mobile-workstation-pc-wolf-pro-security-edition-p-dg0l3ua-aba-1
HP ZBook 8 G2i 14 inch Mobile Workstation PC,HP,3569,USD,64,1024,specified,Intel Core Ultra 9 386H,NVIDIA RTX PRO 500 Laptop,NVIDIA,HP,Intel,InStock,"HP ZBook 8 G2i 14 inch Mobile Workstation PC, Laptops. Intel Core Ultra 9 386H · 64 GB RAM · 1 TB · NVIDIA RTX PRO 500 Laptop · from $3,569. Specs, configurations, and where to buy on Plug PCs.",https://plugpcs.com/p/hp/hp-zbook-8-g2i-14-inch-mobile-workstation-pc-dg0l4ua-aba,,,laptops,DG0L4UA#ABA,specified,https://schema.org/InStock,https://www.hp.com/us-en/shop/pdp/hp-zbook-8-g2i-14-inch-mobile-workstation-pc-wolf-pro-security-edition
HP ZBook 8 G2i 16 inch Mobile Workstation PC,HP,2874.6,USD,16,256,specified,,Intel Graphics,Intel,HP,Unknown,InStock,"HP ZBook 8 G2i 16 inch Mobile Workstation PC, Laptops. 16 GB RAM · 256 GB · Intel Graphics · from $2,874.60. Specs, configurations, and where to buy on Plug PCs.",https://plugpcs.com/p/hp/hp-zbook-8-g2i-16-inch-mobile-workstation-pc,,,laptops,C77A4AV_MB,specified,https://schema.org/InStock,https://www.hp.com/us-en/shop/pdp/hp-zbook-8-g2i-16-inch-mobile-workstation-pc-customizable-c77a4av-mb
HP ZBook 8 G2i 16 inch Mobile Workstation PC,HP,1499,USD,16,512,specified,Intel Core Ultra 5 336H,Intel Graphics,Intel,HP,Intel,InStock,"HP ZBook 8 G2i 16 inch Mobile Workstation PC, Laptops. Intel Core Ultra 5 336H · 16 GB RAM · 512 GB · Intel Graphics · from $1,499. Specs, configurations, and where to buy on Plug PCs.",https://plugpcs.com/p/hp/hp-zbook-8-g2i-16-inch-mobile-workstation-pc-df9j1ua-aba,,,laptops,DF9J1UA#ABA,specified,https://schema.org/InStock,https://www.hp.com/us-en/shop/pdp/hp-zbook-8-g2i-16-inch-mobile-workstation-pc-wolf-pro-security-edition-p-df9j1ua-aba-1
HP ZBook 8 G2i 16 inch Mobile Workstation PC,HP,2099,USD,32,512,specified,Intel Core Ultra 7 356H,Intel Graphics,Intel,HP,Intel,InStock,"HP ZBook 8 G2i 16 inch Mobile Workstation PC, Laptops. Intel Core Ultra 7 356H · 32 GB RAM · 512 GB · Intel Graphics · from $2,099. Specs, configurations, and where to buy on Plug PCs.",https://plugpcs.com/p/hp/hp-zbook-8-g2i-16-inch-mobile-workstation-pc-df9j3ua-aba,,,laptops,DF9J3UA#ABA,specified,https://schema.org/InStock,https://www.hp.com/us-en/shop/pdp/hp-zbook-8-g2i-16-inch-mobile-workstation-pc-wolf-pro-security-edition-p-df9j3ua-aba-1
HP ZBook 8 G2i 16 inch Mobile Workstation PC,HP,2219,USD,32,512,specified,Intel Core Ultra 7 366H,Intel Graphics,Intel,HP,Intel,InStock,"HP ZBook 8 G2i 16 inch Mobile Workstation PC, Laptops. Intel Core Ultra 7 366H · 32 GB RAM · 512 GB · Intel Graphics · from $2,219. Specs, configurations, and where to buy on Plug PCs.",https://plugpcs.com/p/hp/hp-zbook-8-g2i-16-inch-mobile-workstation-pc-df9j4ua-aba,,,laptops,DF9J4UA#ABA,specified,https://schema.org/InStock,https://www.hp.com/us-en/shop/pdp/hp-zbook-8-g2i-16-inch-mobile-workstation-pc-wolf-pro-security-edition-p-df9j4ua-aba-1
HP ZBook 8 G2i 16 inch Mobile Workstation PC,HP,2079,USD,16,512,specified,Intel Core Ultra 7 356H,NVIDIA RTX PRO 500 Laptop,NVIDIA,HP,Intel,InStock,"HP ZBook 8 G2i 16 inch Mobile Workstation PC, Laptops. Intel Core Ultra 7 356H · 16 GB RAM · 512 GB · NVIDIA RTX PRO 500 Laptop · from $2,079. Specs, configurations, and where to buy on Plug PCs.",https://plugpcs.com/p/hp/hp-zbook-8-g2i-16-inch-mobile-workstation-pc-df9j5ua-aba,,,laptops,DF9J5UA#ABA,specified,https://schema.org/InStock,https://www.hp.com/us-en/shop/pdp/hp-zbook-8-g2i-16-inch-mobile-workstation-pc-wolf-pro-security-edition-p-df9j5ua-aba-1
HP ZBook 8 G2i 16 inch Mobile Workstation PC,HP,3199,USD,64,1024,specified,Intel Core Ultra 7 366H,Intel Graphics,Intel,HP,Intel,InStock,"HP ZBook 8 G2i 16 inch Mobile Workstation PC, Laptops. Intel Core Ultra 7 366H · 64 GB RAM · 1 TB · Intel Graphics · from $3,199. Specs, configurations, and where to buy on Plug PCs.",https://plugpcs.com/p/hp/hp-zbook-8-g2i-16-inch-mobile-workstation-pc-df9j6ua-aba,,,laptops,DF9J6UA#ABA,specified,https://schema.org/InStock,https://www.hp.com/us-en/shop/pdp/hp-zbook-8-g2i-16-inch-mobile-workstation-pc-wolf-pro-security-edition-p-df9j6ua-aba-1
HP ZBook 8 G2i 16 inch Mobile Workstation PC,HP,2749,USD,32,1024,specified,Intel Core Ultra 7 366H,NVIDIA RTX PRO 500 Laptop,NVIDIA,HP,Intel,InStock,"HP ZBook 8 G2i 16 inch Mobile Workstation PC, Laptops. Intel Core Ultra 7 366H · 32 GB RAM · 1 TB · NVIDIA RTX PRO 500 Laptop · from $2,749. Specs, configurations, and where to buy on Plug PCs.",https://plugpcs.com/p/hp/hp-zbook-8-g2i-16-inch-mobile-workstation-pc-df9j7ua-aba,,,laptops,DF9J7UA#ABA,specified,https://schema.org/InStock,https://www.hp.com/us-en/shop/pdp/hp-zbook-8-g2i-16-inch-mobile-workstation-pc-wolf-pro-security-edition-p-df9j7ua-aba-1
HP ZBook 8 G2i 16 inch Mobile Workstation PC,HP,2859,USD,32,1024,specified,Intel Core Ultra 7 366H,NVIDIA RTX PRO 500 Laptop,NVIDIA,HP,Intel,InStock,"HP ZBook 8 G2i 16 inch Mobile Workstation PC, Laptops. Intel Core Ultra 7 366H · 32 GB RAM · 1 TB · NVIDIA RTX PRO 500 Laptop · from $2,859. Specs, configurations, and where to buy on Plug PCs.",https://plugpcs.com/p/hp/hp-zbook-8-g2i-16-inch-mobile-workstation-pc-df9j8ua-aba,,,laptops,DF9J8UA#ABA,specified,https://schema.org/InStock,https://www.hp.com/us-en/shop/pdp/hp-zbook-8-g2i-16-inch-mobile-workstation-pc-wolf-pro-security-edition-p-df9j8ua-aba-1
HP ZBook 8 G2i 16 inch Mobile Workstation PC,HP,3699,USD,64,1024,specified,Intel Core Ultra 7 366H,NVIDIA RTX PRO 500 Laptop,NVIDIA,HP,Intel,InStock,"HP ZBook 8 G2i 16 inch Mobile Workstation PC, Laptops. Intel Core Ultra 7 366H · 64 GB RAM · 1 TB · NVIDIA RTX PRO 500 Laptop · from $3,699. Specs, configurations, and where to buy on Plug PCs.",https://plugpcs.com/p/hp/hp-zbook-8-g2i-16-inch-mobile-workstation-pc-df9j9ua-aba,,,laptops,DF9J9UA#ABA,specified,https://schema.org/InStock,https://www.hp.com/us-en/shop/pdp/hp-zbook-8-g2i-16-inch-mobile-workstation-pc-wolf-pro-security-edition-p-df9j9ua-aba-1
HP ZBook 8 G2i 16 inch Mobile Workstation PC,HP,2419,USD,32,512,specified,Intel Core Ultra 7 366H,NVIDIA RTX PRO 500 Laptop,NVIDIA,HP,Intel,InStock,"HP ZBook 8 G2i 16 inch Mobile Workstation PC, Laptops. Intel Core Ultra 7 366H · 32 GB RAM · 512 GB · NVIDIA RTX PRO 500 Laptop · from $2,419. Specs, configurations, and where to buy on Plug PCs.",https://plugpcs.com/p/hp/hp-zbook-8-g2i-16-inch-mobile-workstation-pc-df9k2ua-aba,,,laptops,DF9K2UA#ABA,specified,https://schema.org/InStock,https://www.hp.com/us-en/shop/pdp/hp-zbook-8-g2i-16-inch-mobile-workstation-pc-wolf-pro-security-edition
HP ZBook 8 G2i 16 inch Mobile Workstation PC,HP,3099,USD,32,1024,specified,Intel Core Ultra 9 386H,NVIDIA RTX PRO 500 Laptop,NVIDIA,HP,Intel,InStock,"HP ZBook 8 G2i 16 inch Mobile Workstation PC, Laptops. Intel Core Ultra 9 386H · 32 GB RAM · 1 TB · NVIDIA RTX PRO 500 Laptop · from $3,099. Specs, configurations, and where to buy on Plug PCs.",https://plugpcs.com/p/hp/hp-zbook-8-g2i-16-inch-mobile-workstation-pc-df9k3ua-aba,,,laptops,DF9K3UA#ABA,specified,https://schema.org/InStock,https://www.hp.com/us-en/shop/pdp/hp-zbook-8-g2i-16-inch-mobile-workstation-pc-wolf-pro-security-edition-p-df9k3ua-aba-1
HP ZBook 8 G2i 16 inch Mobile Workstation PC,HP,3929,USD,64,1024,specified,Intel Core Ultra 9 386H,NVIDIA RTX PRO 500 Laptop,NVIDIA,HP,Intel,InStock,"HP ZBook 8 G2i 16 inch Mobile Workstation PC, Laptops. Intel Core Ultra 9 386H · 64 GB RAM · 1 TB · NVIDIA RTX PRO 500 Laptop · from $3,929. Specs, configurations, and where to buy on Plug PCs.",https://plugpcs.com/p/hp/hp-zbook-8-g2i-16-inch-mobile-workstation-pc-df9k4ua-aba,,,laptops,DF9K4UA#ABA,specified,https://schema.org/InStock,https://www.hp.com/us-en/shop/pdp/hp-zbook-8-g2i-16-inch-mobile-workstation-pc-wolf-pro-security-edition-p-df9k4ua-aba-1
HP ZBook 8 G2i 16 inch Mobile Workstation PC,HP,3689,USD,64,1024,specified,Intel Core Ultra X9 388H,Intel Arc B390,Intel,HP,Intel,InStock,"HP ZBook 8 G2i 16 inch Mobile Workstation PC, Laptops. Intel Core Ultra X9 388H · 64 GB RAM · 1 TB · Intel Arc B390 · from $3,689. Specs, configurations, and where to buy on Plug PCs.",https://plugpcs.com/p/hp/hp-zbook-8-g2i-16-inch-mobile-workstation-pc-df9k9ua-aba,,,laptops,DF9K9UA#ABA,specified,https://schema.org/InStock,https://www.hp.com/us-en/shop/pdp/hp-zbook-8-g2i-16-inch-mobile-workstation-pc-wolf-pro-security-edition-p-df9k9ua-aba-1
HP ZBook 8 G2i 16 inch Mobile Workstation PC,HP,1939,USD,32,512,specified,Intel Core Ultra 5 336H,Intel Graphics,Intel,HP,Intel,InStock,"HP ZBook 8 G2i 16 inch Mobile Workstation PC, Laptops. Intel Core Ultra 5 336H · 32 GB RAM · 512 GB · Intel Graphics · from $1,939. Specs, configurations, and where to buy on Plug PCs.",https://plugpcs.com/p/hp/hp-zbook-8-g2i-16-inch-mobile-workstation-pc-dg0l5ua-aba,,,laptops,DG0L5UA#ABA,specified,https://schema.org/InStock,https://www.hp.com/us-en/shop/pdp/hp-zbook-8-g2i-16-inch-mobile-workstation-pc-wolf-pro-security-edition-p-dg0l5ua-aba-1
HP ZBook 8 G2i 16 inch Mobile Workstation PC,HP,3879,USD,64,1024,specified,Intel Core Ultra 9 386H,NVIDIA RTX PRO 500 Laptop,NVIDIA,HP,Intel,InStock,"HP ZBook 8 G2i 16 inch Mobile Workstation PC, Laptops. Intel Core Ultra 9 386H · 64 GB RAM · 1 TB · NVIDIA RTX PRO 500 Laptop · from $3,879. Specs, configurations, and where to buy on Plug PCs.",https://plugpcs.com/p/hp/hp-zbook-8-g2i-16-inch-mobile-workstation-pc-dg0l6ua-aba,,,laptops,DG0L6UA#ABA,specified,https://schema.org/InStock,https://www.hp.com/us-en/shop/pdp/hp-zbook-8-g2i-16-inch-mobile-workstation-pc-wolf-pro-security-edition-p-dg0l6ua-aba-1
HP ZBook Fury G1i 16 inch Mobile Workstation PC,HP,6014.7,USD,16,512,specified,,Intel UHD Graphics,Intel,HP,Unknown,InStock,"HP ZBook Fury G1i 16 inch Mobile Workstation PC, Laptops. 16 GB RAM · 512 GB · Intel UHD Graphics · from $6,014.70. Specs, configurations, and where to buy on Plug PCs.",https://plugpcs.com/p/hp/hp-zbook-fury-g1i-16-inch-mobile-workstation-pc,,,laptops,B14E1AV_MB,specified,https://schema.org/InStock,https://www.hp.com/us-en/shop/pdp/hp-zbook-16-inch-fury-g1i-mobile-workstation-pc-customizable-b14e1av-mb
HP ZBook Fury G1i 16 Mobile Workstation PC,HP,2359,USD,32,512,specified,Intel Core Ultra 5 245HX,NVIDIA RTX PRO 1000 Laptop,NVIDIA,HP,Intel,InStock,"HP ZBook Fury G1i 16 Mobile Workstation PC, Laptops. Intel Core Ultra 5 245HX · 32 GB RAM · 512 GB · NVIDIA RTX PRO 1000 Laptop · from $2,359. Specs, configurations, and where to buy on Plug PCs.",https://plugpcs.com/p/hp/hp-zbook-fury-g1i-16-mobile-workstation-pc,,,laptops,C3FK2UA#ABA,specified,https://schema.org/InStock,https://www.hp.com/us-en/shop/pdp/hp-zbook-fury-g1i-16-inch-mobile-workstation-pc-wolf-pro-security-edition-p-c3fk2ua-aba-1
HP ZBook Fury G1i 16 Mobile Workstation PC,HP,3899,USD,32,1024,specified,Intel Core Ultra 7 255HX,NVIDIA RTX PRO 1000 Laptop,NVIDIA,HP,Intel,InStock,"HP ZBook Fury G1i 16 Mobile Workstation PC, Laptops. Intel Core Ultra 7 255HX · 32 GB RAM · 1 TB · NVIDIA RTX PRO 1000 Laptop · from $3,899. Specs, configurations, and where to buy on Plug PCs.",https://plugpcs.com/p/hp/hp-zbook-fury-g1i-16-mobile-workstation-pc-c3fk3ua-aba,,,laptops,C3FK3UA#ABA,specified,https://schema.org/InStock,https://www.hp.com/us-en/shop/pdp/hp-zbook-fury-g1i-16-inch-mobile-workstation-pc-wolf-pro-security-edition-p-c3fk3ua-aba-1
HP ZBook Fury G1i 16 Mobile Workstation PC,HP,4099,USD,32,1024,specified,Intel Core Ultra 7 255HX,NVIDIA RTX PRO 2000 Laptop,NVIDIA,HP,Intel,InStock,"HP ZBook Fury G1i 16 Mobile Workstation PC, Laptops. Intel Core Ultra 7 255HX · 32 GB RAM · 1 TB · NVIDIA RTX PRO 2000 Laptop · from $4,099. Specs, configurations, and where to buy on Plug PCs.",https://plugpcs.com/p/hp/hp-zbook-fury-g1i-16-mobile-workstation-pc-c3fk4ua-aba,,,laptops,C3FK4UA#ABA,specified,https://schema.org/InStock,https://www.hp.com/us-en/shop/pdp/hp-zbook-fury-g1i-16-inch-mobile-workstation-pc-wolf-pro-security-edition-p-c3fk4ua-aba-1
HP ZBook Fury G1i 16 Mobile Workstation PC,HP,5599,USD,64,1024,specified,Intel Core Ultra 7 265HX,NVIDIA RTX PRO 2000 Laptop,NVIDIA,HP,Intel,InStock,"HP ZBook Fury G1i 16 Mobile Workstation PC, Laptops. Intel Core Ultra 7 265HX · 64 GB RAM · 1 TB · NVIDIA RTX PRO 2000 Laptop · from $5,599. Specs, configurations, and where to buy on Plug PCs.",https://plugpcs.com/p/hp/hp-zbook-fury-g1i-16-mobile-workstation-pc-c3fk5ua-aba,,,laptops,C3FK5UA#ABA,specified,https://schema.org/InStock,https://www.hp.com/us-en/shop/pdp/hp-zbook-fury-g1i-16-inch-mobile-workstation-pc-wolf-pro-security-edition-p-c3fk5ua-aba-1
HP ZBook Fury G1i 16 Mobile Workstation PC,HP,5798.99,USD,64,1024,specified,Intel Core Ultra 7 265HX,NVIDIA RTX PRO 3000 Laptop,NVIDIA,HP,Intel,InStock,"HP ZBook Fury G1i 16 Mobile Workstation PC, Laptops. Intel Core Ultra 7 265HX · 64 GB RAM · 1 TB · NVIDIA RTX PRO 3000 Laptop · from $5,798.99. Specs, configurations, and where to buy on Plug PCs.",https://plugpcs.com/p/hp/hp-zbook-fury-g1i-16-mobile-workstation-pc-c3fk6ua-aba,,,laptops,C3FK6UA#ABA,specified,https://schema.org/InStock,https://www.hp.com/us-en/shop/pdp/hp-zbook-fury-g1i-16-inch-mobile-workstation-pc-wolf-pro-security-edition-p-c3fk6ua-aba-1
HP ZBook Fury G1i 16 Mobile Workstation PC,HP,5999.01,USD,64,2048,specified,Intel Core Ultra 9 285HX,NVIDIA RTX PRO 3000 Laptop,NVIDIA,HP,Intel,InStock,"HP ZBook Fury G1i 16 Mobile Workstation PC, Laptops. Intel Core Ultra 9 285HX · 64 GB RAM · 2 TB · NVIDIA RTX PRO 3000 Laptop · from $5,999.01. Specs, configurations, and where to buy on Plug PCs.",https://plugpcs.com/p/hp/hp-zbook-fury-g1i-16-mobile-workstation-pc-c3fk8ua-aba,,,laptops,C3FK8UA#ABA,specified,https://schema.org/InStock,https://www.hp.com/us-en/shop/pdp/hp-zbook-fury-g1i-16-inch-mobile-workstation-pc-wolf-pro-security-edition-p-c3fk8ua-aba-1
HP ZBook Fury G1i 16 Mobile Workstation PC,HP,7489,USD,64,2048,specified,Intel Core Ultra 9 285HX,NVIDIA RTX PRO 4000 Laptop,NVIDIA,HP,Intel,InStock,"HP ZBook Fury G1i 16 Mobile Workstation PC, Laptops. Intel Core Ultra 9 285HX · 64 GB RAM · 2 TB · NVIDIA RTX PRO 4000 Laptop · from $7,489. Specs, configurations, and where to buy on Plug PCs.",https://plugpcs.com/p/hp/hp-zbook-fury-g1i-16-mobile-workstation-pc-c3fk9ua-aba,,,laptops,C3FK9UA#ABA,specified,https://schema.org/InStock,https://www.hp.com/us-en/shop/pdp/hp-zbook-fury-g1i-16-inch-mobile-workstation-pc-wolf-pro-security-edition-p-c3fk9ua-aba-1
HP ZBook Fury G1i 16 Mobile Workstation PC,HP,6179,USD,64,2048,specified,Intel Core Ultra 7 265HX,NVIDIA RTX PRO 4000 Laptop,NVIDIA,HP,Intel,InStock,"HP ZBook Fury G1i 16 Mobile Workstation PC, Laptops. Intel Core Ultra 7 265HX · 64 GB RAM · 2 TB · NVIDIA RTX PRO 4000 Laptop · from $6,179. Specs, configurations, and where to buy on Plug PCs.",https://plugpcs.com/p/hp/hp-zbook-fury-g1i-16-mobile-workstation-pc-c3fl1ua-aba,,,laptops,C3FL1UA#ABA,specified,https://schema.org/InStock,https://www.hp.com/us-en/shop/pdp/hp-zbook-fury-g1i-16-inch-mobile-workstation-pc-wolf-pro-security-edition
HP ZBook Fury G1i 16 Mobile Workstation PC,HP,7739,USD,64,1024,specified,Intel Core Ultra 9 285HX,NVIDIA RTX PRO 3000 Laptop,NVIDIA,HP,Intel,InStock,"HP ZBook Fury G1i 16 Mobile Workstation PC, Laptops. Intel Core Ultra 9 285HX · 64 GB RAM · 1 TB · NVIDIA RTX PRO 3000 Laptop · from $7,739. Specs, configurations, and where to buy on Plug PCs.",https://plugpcs.com/p/hp/hp-zbook-fury-g1i-16-mobile-workstation-pc-c3fl2ua-aba,,,laptops,C3FL2UA#ABA,specified,https://schema.org/InStock,https://www.hp.com/us-en/shop/pdp/hp-zbook-fury-g1i-16-inch-mobile-workstation-pc-wolf-pro-security-edition-p-c3fl2ua-aba-1
HP ZBook Fury G1i 16 Mobile Workstation PC,HP,19660,USD,64,1024,specified,Intel Core Ultra 9 285HX,NVIDIA RTX PRO 4000 Laptop,NVIDIA,HP,Intel,InStock,"HP ZBook Fury G1i 16 Mobile Workstation PC, Laptops. Intel Core Ultra 9 285HX · 64 GB RAM · 1 TB · NVIDIA RTX PRO 4000 Laptop · from $19,660. Specs, configurations, and where to buy on Plug PCs.",https://plugpcs.com/p/hp/hp-zbook-fury-g1i-16-mobile-workstation-pc-c3fl3ua-aba,,,laptops,C3FL3UA#ABA,specified,https://schema.org/InStock,https://www.hp.com/us-en/shop/pdp/hp-zbook-fury-g1i-16-inch-mobile-workstation-pc-wolf-pro-security-edition-p-c3fl3ua-aba-1
HP ZBook Fury G1i 16 Mobile Workstation PC,HP,7899,USD,128,2048,specified,Intel Core Ultra 9 285HX,NVIDIA RTX PRO 5000 Laptop,NVIDIA,HP,Intel,InStock,"HP ZBook Fury G1i 16 Mobile Workstation PC, Laptops. Intel Core Ultra 9 285HX · 128 GB RAM · 2 TB · NVIDIA RTX PRO 5000 Laptop · from $7,899. Specs, configurations, and where to buy on Plug PCs.",https://plugpcs.com/p/hp/hp-zbook-fury-g1i-16-mobile-workstation-pc-c3fl4ua-aba,,,laptops,C3FL4UA#ABA,specified,https://schema.org/InStock,https://www.hp.com/us-en/shop/pdp/hp-zbook-fury-g1i-16-inch-mobile-workstation-pc-wolf-pro-security-edition-p-c3fl4ua-aba-1
HP ZBook Fury G1i 16 Mobile Workstation PC,HP,6799.01,USD,64,1024,specified,Intel Core Ultra 9 285HX,NVIDIA RTX PRO 3000 Laptop,NVIDIA,HP,Intel,InStock,"HP ZBook Fury G1i 16 Mobile Workstation PC, Laptops. Intel Core Ultra 9 285HX · 64 GB RAM · 1 TB · NVIDIA RTX PRO 3000 Laptop · from $6,799.01. Specs, configurations, and where to buy on Plug PCs.",https://plugpcs.com/p/hp/hp-zbook-fury-g1i-16-mobile-workstation-pc-c3fl5ua-aba,,,laptops,C3FL5UA#ABA,specified,https://schema.org/InStock,https://www.hp.com/us-en/shop/pdp/hp-zbook-fury-g1i-16-inch-mobile-workstation-pc-wolf-pro-security-edition-p-c3fl5ua-aba-1
HP ZBook Fury G1i 16 Mobile Workstation PC,HP,6549,USD,64,1024,specified,Intel Core Ultra 9 285HX,NVIDIA RTX PRO 3000 Laptop,NVIDIA,HP,Intel,InStock,"HP ZBook Fury G1i 16 Mobile Workstation PC, Laptops. Intel Core Ultra 9 285HX · 64 GB RAM · 1 TB · NVIDIA RTX PRO 3000 Laptop · from $6,549. Specs, configurations, and where to buy on Plug PCs.",https://plugpcs.com/p/hp/hp-zbook-fury-g1i-16-mobile-workstation-pc-c3fl6ua-aba,,,laptops,C3FL6UA#ABA,specified,https://schema.org/InStock,https://www.hp.com/us-en/shop/pdp/hp-zbook-fury-g1i-16-inch-mobile-workstation-pc-wolf-pro-security-edition-p-c3fl6ua-aba-1
HP ZBook Fury G1i 16 Mobile Workstation PC,HP,3539,USD,32,1024,specified,Intel Core Ultra 7 270HX,NVIDIA RTX PRO 1000 Laptop,NVIDIA,HP,Intel,InStock,"HP ZBook Fury G1i 16 Mobile Workstation PC, Laptops. Intel Core Ultra 7 270HX · 32 GB RAM · 1 TB · NVIDIA RTX PRO 1000 Laptop · from $3,539. Specs, configurations, and where to buy on Plug PCs.",https://plugpcs.com/p/hp/hp-zbook-fury-g1i-16-mobile-workstation-pc-e04xdua-aba,,,laptops,E04XDUA#ABA,specified,https://schema.org/InStock,https://www.hp.com/us-en/shop/pdp/hp-zbook-fury-g1i-16-inch-mobile-workstation-pc-wolf-pro-security-edition-p-e04xdua-aba-1
HP ZBook Fury G1i 16 Mobile Workstation PC,HP,4189,USD,32,1024,specified,Intel Core Ultra 7 270HX,NVIDIA RTX PRO 3000 Laptop,NVIDIA,HP,Intel,InStock,"HP ZBook Fury G1i 16 Mobile Workstation PC, Laptops. Intel Core Ultra 7 270HX · 32 GB RAM · 1 TB · NVIDIA RTX PRO 3000 Laptop · from $4,189. Specs, configurations, and where to buy on Plug PCs.",https://plugpcs.com/p/hp/hp-zbook-fury-g1i-16-mobile-workstation-pc-e04xfua-aba,,,laptops,E04XFUA#ABA,specified,https://schema.org/InStock,https://www.hp.com/us-en/shop/pdp/hp-zbook-fury-g1i-16-inch-mobile-workstation-pc-wolf-pro-security-edition-p-e04xfua-aba-1
HP ZBook Fury G1i 16 Mobile Workstation PC Touch,HP,4899,USD,64,1024,specified,Intel Core Ultra 9 285HX,NVIDIA RTX PRO 2000 Laptop,NVIDIA,HP,Intel,InStock,"HP ZBook Fury G1i 16 Mobile Workstation PC Touch, Laptops. Intel Core Ultra 9 285HX · 64 GB RAM · 1 TB · NVIDIA RTX PRO 2000 Laptop · from $4,899. Specs, configurations, and where to buy on Plug PCs.",https://plugpcs.com/p/hp/hp-zbook-fury-g1i-16-mobile-workstation-pc-touch,,,laptops,C3FK7UA#ABA,specified,https://schema.org/InStock,https://www.hp.com/us-en/shop/pdp/hp-zbook-fury-g1i-16-inch-mobile-workstation-pc-wolf-pro-security-edition-p-c3fk7ua-aba-1
HP ZBook Fury G1i 16 Mobile Workstation PC Touch,HP,4239,USD,32,1024,specified,Intel Core Ultra 7 255HX,NVIDIA RTX PRO 3000 Laptop,NVIDIA,HP,Intel,InStock,"HP ZBook Fury G1i 16 Mobile Workstation PC Touch, Laptops. Intel Core Ultra 7 255HX · 32 GB RAM · 1 TB · NVIDIA RTX PRO 3000 Laptop · from $4,239. Specs, configurations, and where to buy on Plug PCs.",https://plugpcs.com/p/hp/hp-zbook-fury-g1i-16-mobile-workstation-pc-touch-c3fl0ua-aba,,,laptops,C3FL0UA#ABA,specified,https://schema.org/InStock,https://www.hp.com/us-en/shop/pdp/hp-zbook-fury-g1i-16-inch-mobile-workstation-pc-wolf-pro-security-edition-p-c3fl0ua-aba-1
HP ZBook Fury G1i 18 inch Mobile Workstation PC,HP,6897.6,USD,16,512,specified,,NVIDIA RTX PRO 1000 Laptop,NVIDIA,HP,Unknown,InStock,"HP ZBook Fury G1i 18 inch Mobile Workstation PC, Laptops. 16 GB RAM · 512 GB · NVIDIA RTX PRO 1000 Laptop · from $6,897.60. Specs, configurations, and where to buy on Plug PCs.",https://plugpcs.com/p/hp/hp-zbook-fury-g1i-18-inch-mobile-workstation-pc,,,laptops,B14G5AV_MB,specified,https://schema.org/InStock,https://www.hp.com/us-en/shop/pdp/hp-zbook-fury-18-inch-g1i-mobile-workstation-pc-customizable-b14g5av-mb
HP ZBook Fury G1i 18 Mobile Workstation PC,HP,3349,USD,32,512,specified,Intel Core Ultra 7 255HX,NVIDIA RTX PRO 1000 Laptop,NVIDIA,HP,Intel,InStock,"HP ZBook Fury G1i 18 Mobile Workstation PC, Laptops. Intel Core Ultra 7 255HX · 32 GB RAM · 512 GB · NVIDIA RTX PRO 1000 Laptop · from $3,349. Specs, configurations, and where to buy on Plug PCs.",https://plugpcs.com/p/hp/hp-zbook-fury-g1i-18-mobile-workstation-pc,,,laptops,C3FH0UA#ABA,specified,https://schema.org/InStock,https://www.hp.com/us-en/shop/pdp/hp-zbook-fury-g1i-18-inch-mobile-workstation-pc-wolf-pro-security-edition-p-c3fh0ua-aba-1
HP ZBook Fury G1i 18 Mobile Workstation PC,HP,4199,USD,32,1024,specified,Intel Core Ultra 7 255HX,NVIDIA RTX PRO 2000 Laptop,NVIDIA,HP,Intel,InStock,"HP ZBook Fury G1i 18 Mobile Workstation PC, Laptops. Intel Core Ultra 7 255HX · 32 GB RAM · 1 TB · NVIDIA RTX PRO 2000 Laptop · from $4,199. Specs, configurations, and where to buy on Plug PCs.",https://plugpcs.com/p/hp/hp-zbook-fury-g1i-18-mobile-workstation-pc-c3fh9ua-aba,,,laptops,C3FH9UA#ABA,specified,https://schema.org/InStock,https://www.hp.com/us-en/shop/pdp/hp-zbook-fury-g1i-18-inch-mobile-workstation-pc-wolf-pro-security-edition
HP ZBook Fury G1i 18 Mobile Workstation PC,HP,3999.01,USD,32,1024,specified,Intel Core Ultra 7 265HX,NVIDIA RTX PRO 2000 Laptop,NVIDIA,HP,Intel,InStock,"HP ZBook Fury G1i 18 Mobile Workstation PC, Laptops. Intel Core Ultra 7 265HX · 32 GB RAM · 1 TB · NVIDIA RTX PRO 2000 Laptop · from $3,999.01. Specs, configurations, and where to buy on Plug PCs.",https://plugpcs.com/p/hp/hp-zbook-fury-g1i-18-mobile-workstation-pc-c3fj0ua-aba,,,laptops,C3FJ0UA#ABA,specified,https://schema.org/InStock,https://www.hp.com/us-en/shop/pdp/hp-zbook-fury-g1i-18-inch-mobile-workstation-pc-wolf-pro-security-edition-p-c3fj0ua-aba-1
HP ZBook Fury G1i 18 Mobile Workstation PC,HP,6299,USD,64,2048,specified,Intel Core Ultra 7 265HX,NVIDIA RTX PRO 2000 Laptop,NVIDIA,HP,Intel,InStock,"HP ZBook Fury G1i 18 Mobile Workstation PC, Laptops. Intel Core Ultra 7 265HX · 64 GB RAM · 2 TB · NVIDIA RTX PRO 2000 Laptop · from $6,299. Specs, configurations, and where to buy on Plug PCs.",https://plugpcs.com/p/hp/hp-zbook-fury-g1i-18-mobile-workstation-pc-c3fj1ua-aba,,,laptops,C3FJ1UA#ABA,specified,https://schema.org/InStock,https://www.hp.com/us-en/shop/pdp/hp-zbook-fury-g1i-18-inch-mobile-workstation-pc-wolf-pro-security-edition-p-c3fj1ua-aba-1
HP ZBook Fury G1i 18 Mobile Workstation PC,HP,5219,USD,64,1024,specified,Intel Core Ultra 7 265HX,NVIDIA RTX PRO 3000 Laptop,NVIDIA,HP,Intel,InStock,"HP ZBook Fury G1i 18 Mobile Workstation PC, Laptops. Intel Core Ultra 7 265HX · 64 GB RAM · 1 TB · NVIDIA RTX PRO 3000 Laptop · from $5,219. Specs, configurations, and where to buy on Plug PCs.",https://plugpcs.com/p/hp/hp-zbook-fury-g1i-18-mobile-workstation-pc-c3fj2ua-aba,,,laptops,C3FJ2UA#ABA,specified,https://schema.org/InStock,https://www.hp.com/us-en/shop/pdp/hp-zbook-fury-g1i-18-inch-mobile-workstation-pc-wolf-pro-security-edition-p-c3fj2ua-aba-1
HP ZBook Fury G1i 18 Mobile Workstation PC,HP,6599.01,USD,64,1024,specified,Intel Core Ultra 9 285HX,NVIDIA RTX PRO 3000 Laptop,NVIDIA,HP,Intel,InStock,"HP ZBook Fury G1i 18 Mobile Workstation PC, Laptops. Intel Core Ultra 9 285HX · 64 GB RAM · 1 TB · NVIDIA RTX PRO 3000 Laptop · from $6,599.01. Specs, configurations, and where to buy on Plug PCs.",https://plugpcs.com/p/hp/hp-zbook-fury-g1i-18-mobile-workstation-pc-c3fj4ua-aba,,,laptops,C3FJ4UA#ABA,specified,https://schema.org/InStock,https://www.hp.com/us-en/shop/pdp/hp-zbook-fury-g1i-18-inch-mobile-workstation-pc-wolf-pro-security-edition-p-c3fj4ua-aba-1
HP ZBook Fury G1i 18 Mobile Workstation PC,HP,8999.01,USD,128,1024,specified,Intel Core Ultra 9 285HX,NVIDIA RTX PRO 4000 Laptop,NVIDIA,HP,Intel,InStock,"HP ZBook Fury G1i 18 Mobile Workstation PC, Laptops. Intel Core Ultra 9 285HX · 128 GB RAM · 1 TB · NVIDIA RTX PRO 4000 Laptop · from $8,999.01. Specs, configurations, and where to buy on Plug PCs.",https://plugpcs.com/p/hp/hp-zbook-fury-g1i-18-mobile-workstation-pc-c3fj5ua-aba,,,laptops,C3FJ5UA#ABA,specified,https://schema.org/InStock,https://www.hp.com/us-en/shop/pdp/hp-zbook-fury-g1i-18-inch-mobile-workstation-pc-wolf-pro-security-edition-p-c3fj5ua-aba-1
HP ZBook Fury G1i 18 Mobile Workstation PC,HP,12199.01,USD,128,2048,specified,Intel Core Ultra 9 285HX,NVIDIA RTX PRO 5000 Laptop,NVIDIA,HP,Intel,InStock,"HP ZBook Fury G1i 18 Mobile Workstation PC, Laptops. Intel Core Ultra 9 285HX · 128 GB RAM · 2 TB · NVIDIA RTX PRO 5000 Laptop · from $12,199.01. Specs, configurations, and where to buy on Plug PCs.",https://plugpcs.com/p/hp/hp-zbook-fury-g1i-18-mobile-workstation-pc-c3fj6ua-aba,,,laptops,C3FJ6UA#ABA,specified,https://schema.org/InStock,https://www.hp.com/us-en/shop/pdp/hp-zbook-fury-g1i-18-inch-mobile-workstation-pc-wolf-pro-security-edition-p-c3fj6ua-aba-1
HP ZBook Fury G1i 18 Mobile Workstation PC,HP,8799.01,USD,128,2048,specified,Intel Core Ultra 9 285HX,NVIDIA RTX PRO 4000 Laptop,NVIDIA,HP,Intel,InStock,"HP ZBook Fury G1i 18 Mobile Workstation PC, Laptops. Intel Core Ultra 9 285HX · 128 GB RAM · 2 TB · NVIDIA RTX PRO 4000 Laptop · from $8,799.01. Specs, configurations, and where to buy on Plug PCs.",https://plugpcs.com/p/hp/hp-zbook-fury-g1i-18-mobile-workstation-pc-c3fj7ua-aba,,,laptops,C3FJ7UA#ABA,specified,https://schema.org/InStock,https://www.hp.com/us-en/shop/pdp/hp-zbook-fury-g1i-18-inch-mobile-workstation-pc-wolf-pro-security-edition-p-c3fj7ua-aba-1
HP ZBook Fury G1i 18 Mobile Workstation PC,HP,6649.01,USD,64,1024,specified,Intel Core Ultra 9 285HX,NVIDIA RTX PRO 2000 Laptop,NVIDIA,HP,Intel,InStock,"HP ZBook Fury G1i 18 Mobile Workstation PC, Laptops. Intel Core Ultra 9 285HX · 64 GB RAM · 1 TB · NVIDIA RTX PRO 2000 Laptop · from $6,649.01. Specs, configurations, and where to buy on Plug PCs.",https://plugpcs.com/p/hp/hp-zbook-fury-g1i-18-mobile-workstation-pc-c3fj8ua-aba,,,laptops,C3FJ8UA#ABA,specified,https://schema.org/InStock,https://www.hp.com/us-en/shop/pdp/hp-zbook-fury-g1i-18-inch-mobile-workstation-pc-wolf-pro-security-edition-p-c3fj8ua-aba-1
HP ZBook Fury G1i 18 Mobile Workstation PC,HP,6078.99,USD,64,2048,specified,Intel Core Ultra 9 285HX,NVIDIA RTX PRO 3000 Laptop,NVIDIA,HP,Intel,InStock,"HP ZBook Fury G1i 18 Mobile Workstation PC, Laptops. Intel Core Ultra 9 285HX · 64 GB RAM · 2 TB · NVIDIA RTX PRO 3000 Laptop · from $6,078.99. Specs, configurations, and where to buy on Plug PCs.",https://plugpcs.com/p/hp/hp-zbook-fury-g1i-18-mobile-workstation-pc-c3fj9ua-aba,,,laptops,C3FJ9UA#ABA,specified,https://schema.org/InStock,https://www.hp.com/us-en/shop/pdp/hp-zbook-fury-g1i-18-inch-mobile-workstation-pc-wolf-pro-security-edition-p-c3fj9ua-aba-1
HP ZBook Fury G1i 18 Mobile Workstation PC,HP,7979.01,USD,64,2048,specified,Intel Core Ultra 9 285HX,NVIDIA RTX PRO 4000 Laptop,NVIDIA,HP,Intel,InStock,"HP ZBook Fury G1i 18 Mobile Workstation PC, Laptops. Intel Core Ultra 9 285HX · 64 GB RAM · 2 TB · NVIDIA RTX PRO 4000 Laptop · from $7,979.01. Specs, configurations, and where to buy on Plug PCs.",https://plugpcs.com/p/hp/hp-zbook-fury-g1i-18-mobile-workstation-pc-c3fk0ua-aba,,,laptops,C3FK0UA#ABA,specified,https://schema.org/InStock,https://www.hp.com/us-en/shop/pdp/hp-zbook-fury-g1i-18-inch-mobile-workstation-pc-wolf-pro-security-edition-p-c3fk0ua-aba-1
HP ZBook Fury G1i 18 Mobile Workstation PC,HP,11999,USD,128,1024,specified,Intel Core Ultra 9 285HX,NVIDIA RTX PRO 5000 Laptop,NVIDIA,HP,Intel,InStock,"HP ZBook Fury G1i 18 Mobile Workstation PC, Laptops. Intel Core Ultra 9 285HX · 128 GB RAM · 1 TB · NVIDIA RTX PRO 5000 Laptop · from $11,999. Specs, configurations, and where to buy on Plug PCs.",https://plugpcs.com/p/hp/hp-zbook-fury-g1i-18-mobile-workstation-pc-c3fk1ua-aba,,,laptops,C3FK1UA#ABA,specified,https://schema.org/InStock,https://www.hp.com/us-en/shop/pdp/hp-zbook-fury-g1i-18-inch-mobile-workstation-pc-wolf-pro-security-edition-p-c3fk1ua-aba-1
HP ZBook Fury G1i 18 Mobile Workstation PC,HP,3299,USD,32,512,specified,Intel Core Ultra 7 270HX,NVIDIA RTX PRO 1000 Laptop,NVIDIA,HP,Intel,InStock,"HP ZBook Fury G1i 18 Mobile Workstation PC, Laptops. Intel Core Ultra 7 270HX · 32 GB RAM · 512 GB · NVIDIA RTX PRO 1000 Laptop · from $3,299. Specs, configurations, and where to buy on Plug PCs.",https://plugpcs.com/p/hp/hp-zbook-fury-g1i-18-mobile-workstation-pc-e04x8ua-aba,,,laptops,E04X8UA#ABA,specified,https://schema.org/InStock,https://www.hp.com/us-en/shop/pdp/hp-zbook-fury-g1i-18-inch-mobile-workstation-pc-wolf-pro-security-edition-p-e04x8ua-aba-1
HP ZBook Fury G1i 18 Mobile Workstation PC,HP,3999,USD,32,1024,specified,Intel Core Ultra 7 270HX,NVIDIA RTX PRO 2000 Laptop,NVIDIA,HP,Intel,InStock,"HP ZBook Fury G1i 18 Mobile Workstation PC, Laptops. Intel Core Ultra 7 270HX · 32 GB RAM · 1 TB · NVIDIA RTX PRO 2000 Laptop · from $3,999. Specs, configurations, and where to buy on Plug PCs.",https://plugpcs.com/p/hp/hp-zbook-fury-g1i-18-mobile-workstation-pc-e04xcua-aba,,,laptops,E04XCUA#ABA,specified,https://schema.org/InStock,https://www.hp.com/us-en/shop/pdp/hp-zbook-fury-g1i-18-inch-mobile-workstation-pc-wolf-pro-security-edition-p-e04xcua-aba-1
HP ZBook Studio 16 inch G11 Mobile Workstation PC,HP,8339,USD,64,2048,specified,Intel Core Ultra 9 185H,NVIDIA RTX 2000 Ada Laptop,NVIDIA,HP,Intel,InStock,"HP ZBook Studio 16 inch G11 Mobile Workstation PC, Laptops. Intel Core Ultra 9 185H · 64 GB RAM · 2 TB · NVIDIA RTX 2000 Ada Laptop · from $8,339. Specs, configurations, and where to buy on Plug PCs.",https://plugpcs.com/p/hp/hp-zbook-studio-16-inch-g11-mobile-workstation-pc-ap0j4ua-aba,,,laptops,AP0J4UA#ABA,specified,https://schema.org/InStock,https://www.hp.com/us-en/shop/pdp/hp-zbook-studio-16-inch-g11-mobile-workstation-pc-wolf-pro-security-edition-p-ap0j4ua-aba-1
HP ZBook Ultra G1a 14 inch Mobile Workstation PC,HP,2805.3,USD,16,512,specified,AMD Ryzen AI Max,AMD Radeon,AMD,HP,AMD,InStock,"HP ZBook Ultra G1a 14 inch Mobile Workstation PC, Laptops. AMD Ryzen AI Max · 16 GB RAM · 512 GB · AMD Radeon · from $2,805.30. Specs, configurations, and where to buy on Plug PCs.",https://plugpcs.com/p/hp/hp-zbook-ultra-g1a-14-inch-mobile-workstation-pc,,,laptops,AY8K7AV_MB,specified,https://schema.org/InStock,https://www.hp.com/us-en/shop/pdp/hp-zbook-ultra-g1a-14-inch-mobile-workstation-pc-customizable-ay8k7av-mb
HP ZBook Ultra G1a Mobile Workstation PC,HP,2399,USD,32,512,specified,AMD Ryzen AI Max 385,AMD Radeon 8050S,AMD,HP,AMD,InStock,"HP ZBook Ultra G1a Mobile Workstation PC, Laptops. AMD Ryzen AI Max 385 · 32 GB RAM · 512 GB · AMD Radeon 8050S · from $2,399. Specs, configurations, and where to buy on Plug PCs.",https://plugpcs.com/p/hp/hp-zbook-ultra-g1a-mobile-workstation-pc,,,laptops,BN2U7UA#ABA,specified,https://schema.org/InStock,https://www.hp.com/us-en/shop/pdp/hp-zbook-ultra-14-inch-g1a-mobile-workstation-pc-wolf-pro-security-edition-p-bn2u7ua-aba-1
HP ZBook Ultra G1a Mobile Workstation PC,HP,2899,USD,32,1024,specified,AMD Ryzen AI Max 390,AMD Radeon 8050S,AMD,HP,AMD,InStock,"HP ZBook Ultra G1a Mobile Workstation PC, Laptops. AMD Ryzen AI Max 390 · 32 GB RAM · 1 TB · AMD Radeon 8050S · from $2,899. Specs, configurations, and where to buy on Plug PCs.",https://plugpcs.com/p/hp/hp-zbook-ultra-g1a-mobile-workstation-pc-bn2u8ua-aba,,,laptops,BN2U8UA#ABA,specified,https://schema.org/InStock,https://www.hp.com/us-en/shop/pdp/hp-zbook-ultra-14-inch-g1a-mobile-workstation-pc-wolf-pro-security-edition-p-bn2u8ua-aba-1
HP ZBook Ultra G1a Mobile Workstation PC,HP,3799,USD,64,1024,specified,AMD Ryzen AI Max+ 395,AMD Radeon 8060S,AMD,HP,AMD,InStock,"HP ZBook Ultra G1a Mobile Workstation PC, Laptops. AMD Ryzen AI Max+ 395 · 64 GB RAM · 1 TB · AMD Radeon 8060S · from $3,799. Specs, configurations, and where to buy on Plug PCs.",https://plugpcs.com/p/hp/hp-zbook-ultra-g1a-mobile-workstation-pc-bn2v0ua-aba,,,laptops,BN2V0UA#ABA,specified,https://schema.org/InStock,https://www.hp.com/us-en/shop/pdp/hp-zbook-ultra-14-inch-g1a-mobile-workstation-pc-wolf-pro-security-edition-p-bn2v0ua-aba-1
HP ZBook Ultra G1a Mobile Workstation PC,HP,4189,USD,128,1024,specified,AMD Ryzen AI Max+ 395,AMD Radeon 8060S,AMD,HP,AMD,InStock,"HP ZBook Ultra G1a Mobile Workstation PC, Laptops. AMD Ryzen AI Max+ 395 · 128 GB RAM · 1 TB · AMD Radeon 8060S · from $4,189. Specs, configurations, and where to buy on Plug PCs.",https://plugpcs.com/p/hp/hp-zbook-ultra-g1a-mobile-workstation-pc-bn2v1ua-aba,,,laptops,BN2V1UA#ABA,specified,https://schema.org/InStock,https://www.hp.com/us-en/shop/pdp/hp-zbook-ultra-14-inch-g1a-mobile-workstation-pc-wolf-pro-security-edition-p-bn2v1ua-aba-1
HP ZBook Ultra G1a Mobile Workstation PC,HP,3999,USD,64,2048,specified,AMD Ryzen AI Max+ 395,AMD Radeon 8060S,AMD,HP,AMD,InStock,"HP ZBook Ultra G1a Mobile Workstation PC, Laptops. AMD Ryzen AI Max+ 395 · 64 GB RAM · 2 TB · AMD Radeon 8060S · from $3,999. Specs, configurations, and where to buy on Plug PCs.",https://plugpcs.com/p/hp/hp-zbook-ultra-g1a-mobile-workstation-pc-bn2v2ua-aba,,,laptops,BN2V2UA#ABA,specified,https://schema.org/InStock,https://www.hp.com/us-en/shop/pdp/hp-zbook-ultra-14-inch-g1a-mobile-workstation-pc-wolf-pro-security-edition-p-bn2v2ua-aba-1
HP ZBook Ultra G1a Mobile Workstation PC,HP,4899,USD,128,2048,specified,AMD Ryzen AI Max+ 395,AMD Radeon 8060S,AMD,HP,AMD,InStock,"HP ZBook Ultra G1a Mobile Workstation PC, Laptops. AMD Ryzen AI Max+ 395 · 128 GB RAM · 2 TB · AMD Radeon 8060S · from $4,899. Specs, configurations, and where to buy on Plug PCs.",https://plugpcs.com/p/hp/hp-zbook-ultra-g1a-mobile-workstation-pc-bn2v3ua-aba,,,laptops,BN2V3UA#ABA,specified,https://schema.org/InStock,https://www.hp.com/us-en/shop/pdp/hp-zbook-ultra-14-inch-g1a-mobile-workstation-pc-wolf-pro-security-edition-p-bn2v3ua-aba-1
HP ZBook Ultra G1a Mobile Workstation PC,HP,6599.01,USD,128,4096,specified,AMD Ryzen AI Max+ 395,AMD Radeon 8060S,AMD,HP,AMD,InStock,"HP ZBook Ultra G1a Mobile Workstation PC, Laptops. AMD Ryzen AI Max+ 395 · 128 GB RAM · 4 TB · AMD Radeon 8060S · from $6,599.01. Specs, configurations, and where to buy on Plug PCs.",https://plugpcs.com/p/hp/hp-zbook-ultra-g1a-mobile-workstation-pc-bn2v4ua-aba,,,laptops,BN2V4UA#ABA,specified,https://schema.org/InStock,https://www.hp.com/us-en/shop/pdp/hp-zbook-ultra-14-inch-g1a-mobile-workstation-pc-wolf-pro-security-edition-p-bn2v4ua-aba-1
HP ZBook X G1i 16 inch Mobile Workstation PC,HP,3402.9,USD,16,512,specified,Intel Arc,Intel Arc,Intel,HP,Intel,InStock,"HP ZBook X G1i 16 inch Mobile Workstation PC, Laptops. 16 GB RAM · 512 GB · Intel Arc · from $3,402.90. Specs, configurations, and where to buy on Plug PCs.",https://plugpcs.com/p/hp/hp-zbook-x-g1i-16-inch-mobile-workstation-pc,,,laptops,B4YU6AV_MB,specified,https://schema.org/InStock,https://www.hp.com/us-en/shop/pdp/hp-zbook-x-g1i-16-inch-mobile-workstation-pc-customizable-b4yu6av-mb
HP ZBook X G1i 16 Mobile Workstation PC,HP,1439,USD,16,512,specified,Intel Core Ultra 5 235H,Intel Arc 140T,Intel,HP,Intel,InStock,"HP ZBook X G1i 16 Mobile Workstation PC, Laptops. Intel Core Ultra 5 235H · 16 GB RAM · 512 GB · Intel Arc 140T · from $1,439. Specs, configurations, and where to buy on Plug PCs.",https://plugpcs.com/p/hp/hp-zbook-x-g1i-16-mobile-workstation-pc,,,laptops,C44YGUA#ABA,specified,https://schema.org/InStock,https://www.hp.com/us-en/shop/pdp/hp-zbook-x-g1i-16-inch-mobile-workstation-pc-wolf-pro-security-edition-p-c44ygua-aba-1
HP ZBook X G1i 16 Mobile Workstation PC,HP,2199,USD,32,512,specified,Intel Core Ultra 7 255H,NVIDIA RTX PRO 500 Laptop,NVIDIA,HP,Intel,InStock,"HP ZBook X G1i 16 Mobile Workstation PC, Laptops. Intel Core Ultra 7 255H · 32 GB RAM · 512 GB · NVIDIA RTX PRO 500 Laptop · from $2,199. Specs, configurations, and where to buy on Plug PCs.",https://plugpcs.com/p/hp/hp-zbook-x-g1i-16-mobile-workstation-pc-c44ykua-aba,,,laptops,C44YKUA#ABA,specified,https://schema.org/InStock,https://www.hp.com/us-en/shop/pdp/hp-zbook-x-g1i-16-inch-mobile-workstation-pc-wolf-pro-security-edition-p-c44ykua-aba-1
HP ZBook X G1i 16 Mobile Workstation PC,HP,2679,USD,32,1024,specified,Intel Core Ultra 7 255H,NVIDIA RTX PRO 1000 Laptop,NVIDIA,HP,Intel,InStock,"HP ZBook X G1i 16 Mobile Workstation PC, Laptops. Intel Core Ultra 7 255H · 32 GB RAM · 1 TB · NVIDIA RTX PRO 1000 Laptop · from $2,679. Specs, configurations, and where to buy on Plug PCs.",https://plugpcs.com/p/hp/hp-zbook-x-g1i-16-mobile-workstation-pc-c44ylua-aba,,,laptops,C44YLUA#ABA,specified,https://schema.org/InStock,https://www.hp.com/us-en/shop/pdp/hp-zbook-x-g1i-16-inch-mobile-workstation-pc-wolf-pro-security-edition-p-c44ylua-aba-1
HP ZBook X G1i 16 Mobile Workstation PC,HP,3799,USD,64,1024,specified,Intel Core Ultra 7 255H,NVIDIA RTX PRO 1000 Laptop,NVIDIA,HP,Intel,InStock,"HP ZBook X G1i 16 Mobile Workstation PC, Laptops. Intel Core Ultra 7 255H · 64 GB RAM · 1 TB · NVIDIA RTX PRO 1000 Laptop · from $3,799. Specs, configurations, and where to buy on Plug PCs.",https://plugpcs.com/p/hp/hp-zbook-x-g1i-16-mobile-workstation-pc-c44ynua-aba,,,laptops,C44YNUA#ABA,specified,https://schema.org/InStock,https://www.hp.com/us-en/shop/pdp/hp-zbook-x-g1i-16-inch-mobile-workstation-pc-wolf-pro-security-edition-p-c44ynua-aba-1
HP ZBook X G1i 16 Mobile Workstation PC,HP,2999,USD,32,1024,specified,Intel Core Ultra 7 255H,NVIDIA RTX PRO 2000 Laptop,NVIDIA,HP,Intel,InStock,"HP ZBook X G1i 16 Mobile Workstation PC, Laptops. Intel Core Ultra 7 255H · 32 GB RAM · 1 TB · NVIDIA RTX PRO 2000 Laptop · from $2,999. Specs, configurations, and where to buy on Plug PCs.",https://plugpcs.com/p/hp/hp-zbook-x-g1i-16-mobile-workstation-pc-c44yqua-aba,,,laptops,C44YQUA#ABA,specified,https://schema.org/InStock,https://www.hp.com/us-en/shop/pdp/hp-zbook-x-g1i-16-inch-mobile-workstation-pc-wolf-pro-security-edition-p-c44yqua-aba-1
HP ZBook X G1i 16 Mobile Workstation PC,HP,3799,USD,64,1024,specified,Intel Core Ultra 7 265H,NVIDIA RTX PRO 500 Laptop,NVIDIA,HP,Intel,InStock,"HP ZBook X G1i 16 Mobile Workstation PC, Laptops. Intel Core Ultra 7 265H · 64 GB RAM · 1 TB · NVIDIA RTX PRO 500 Laptop · from $3,799. Specs, configurations, and where to buy on Plug PCs.",https://plugpcs.com/p/hp/hp-zbook-x-g1i-16-mobile-workstation-pc-c44yzua-aba,,,laptops,C44YZUA#ABA,specified,https://schema.org/InStock,https://www.hp.com/us-en/shop/pdp/hp-zbook-x-g1i-16-inch-mobile-workstation-pc-wolf-pro-security-edition-p-c44yzua-aba-1
HP ZBook X G1i 16 Mobile Workstation PC,HP,2799,USD,32,1024,specified,Intel Core Ultra 7 265H,NVIDIA RTX PRO 1000 Laptop,NVIDIA,HP,Intel,InStock,"HP ZBook X G1i 16 Mobile Workstation PC, Laptops. Intel Core Ultra 7 265H · 32 GB RAM · 1 TB · NVIDIA RTX PRO 1000 Laptop · from $2,799. Specs, configurations, and where to buy on Plug PCs.",https://plugpcs.com/p/hp/hp-zbook-x-g1i-16-mobile-workstation-pc-c44z1ua-aba,,,laptops,C44Z1UA#ABA,specified,https://schema.org/InStock,https://www.hp.com/us-en/shop/pdp/hp-zbook-x-g1i-16-inch-mobile-workstation-pc-wolf-pro-security-edition-p-c44z1ua-aba-1
HP ZBook X G1i 16 Mobile Workstation PC,HP,3799,USD,64,1024,specified,Intel Core Ultra 7 265H,NVIDIA RTX PRO 2000 Laptop,NVIDIA,HP,Intel,InStock,"HP ZBook X G1i 16 Mobile Workstation PC, Laptops. Intel Core Ultra 7 265H · 64 GB RAM · 1 TB · NVIDIA RTX PRO 2000 Laptop · from $3,799. Specs, configurations, and where to buy on Plug PCs.",https://plugpcs.com/p/hp/hp-zbook-x-g1i-16-mobile-workstation-pc-c44z3ua-aba,,,laptops,C44Z3UA#ABA,specified,https://schema.org/InStock,https://www.hp.com/us-en/shop/pdp/hp-zbook-x-g1i-16-inch-mobile-workstation-pc-wolf-pro-security-edition-p-c44z3ua-aba-1
HP ZBook X G1i 16 Mobile Workstation PC,HP,3679,USD,64,1024,specified,Intel Core Ultra 7 265H,NVIDIA RTX PRO 1000 Laptop,NVIDIA,HP,Intel,InStock,"HP ZBook X G1i 16 Mobile Workstation PC, Laptops. Intel Core Ultra 7 265H · 64 GB RAM · 1 TB · NVIDIA RTX PRO 1000 Laptop · from $3,679. Specs, configurations, and where to buy on Plug PCs.",https://plugpcs.com/p/hp/hp-zbook-x-g1i-16-mobile-workstation-pc-c44z4ua-aba,,,laptops,C44Z4UA#ABA,specified,https://schema.org/InStock,https://www.hp.com/us-en/shop/pdp/hp-zbook-x-g1i-16-inch-mobile-workstation-pc-wolf-pro-security-edition-p-c44z4ua-aba-1
HP ZBook X G1i 16 Mobile Workstation PC,HP,3859,USD,64,1024,specified,Intel Core Ultra 9 285H,NVIDIA RTX PRO 2000 Laptop,NVIDIA,HP,Intel,InStock,"HP ZBook X G1i 16 Mobile Workstation PC, Laptops. Intel Core Ultra 9 285H · 64 GB RAM · 1 TB · NVIDIA RTX PRO 2000 Laptop · from $3,859. Specs, configurations, and where to buy on Plug PCs.",https://plugpcs.com/p/hp/hp-zbook-x-g1i-16-mobile-workstation-pc-c44zgua-aba,,,laptops,C44ZGUA#ABA,specified,https://schema.org/InStock,https://www.hp.com/us-en/shop/pdp/hp-zbook-x-g1i-16-inch-mobile-workstation-pc-wolf-pro-security-edition
HP ZBook X G1i 16 Mobile Workstation PC,HP,4799,USD,64,2048,specified,Intel Core Ultra 9 285H,NVIDIA RTX PRO 2000 Laptop,NVIDIA,HP,Intel,InStock,"HP ZBook X G1i 16 Mobile Workstation PC, Laptops. Intel Core Ultra 9 285H · 64 GB RAM · 2 TB · NVIDIA RTX PRO 2000 Laptop · from $4,799. Specs, configurations, and where to buy on Plug PCs.",https://plugpcs.com/p/hp/hp-zbook-x-g1i-16-mobile-workstation-pc-c44zlua-aba,,,laptops,C44ZLUA#ABA,specified,https://schema.org/InStock,https://www.hp.com/us-en/shop/pdp/hp-zbook-x-g1i-16-inch-mobile-workstation-pc-wolf-pro-security-edition-p-c44zlua-aba-1
HP ZBook X G1i 16 Mobile Workstation PC Touch,HP,2599,USD,32,1024,specified,Intel Core Ultra 7 255H,NVIDIA RTX PRO 500 Laptop,NVIDIA,HP,Intel,InStock,"HP ZBook X G1i 16 Mobile Workstation PC Touch, Laptops. Intel Core Ultra 7 255H · 32 GB RAM · 1 TB · NVIDIA RTX PRO 500 Laptop · from $2,599. Specs, configurations, and where to buy on Plug PCs.",https://plugpcs.com/p/hp/hp-zbook-x-g1i-16-mobile-workstation-pc-touch,,,laptops,C44YJUA#ABA,specified,https://schema.org/InStock,https://www.hp.com/us-en/shop/pdp/hp-zbook-x-g1i-16-inch-mobile-workstation-pc-wolf-pro-security-edition-p-c44yjua-aba-1
HP ZBook X G1i 16 Mobile Workstation PC Touch,HP,2899,USD,32,1024,specified,Intel Core Ultra 7 265H,NVIDIA RTX PRO 1000 Laptop,NVIDIA,HP,Intel,InStock,"HP ZBook X G1i 16 Mobile Workstation PC Touch, Laptops. Intel Core Ultra 7 265H · 32 GB RAM · 1 TB · NVIDIA RTX PRO 1000 Laptop · from $2,899. Specs, configurations, and where to buy on Plug PCs.",https://plugpcs.com/p/hp/hp-zbook-x-g1i-16-mobile-workstation-pc-touch-c44z2ua-aba,,,laptops,C44Z2UA#ABA,specified,https://schema.org/InStock,https://www.hp.com/us-en/shop/pdp/hp-zbook-x-g1i-16-inch-mobile-workstation-pc-wolf-pro-security-edition-p-c44z2ua-aba-1
HP ZBook X G1i 16 Mobile Workstation PC Touch,HP,3169,USD,32,1024,specified,Intel Core Ultra 9 285H,NVIDIA RTX PRO 1000 Laptop,NVIDIA,HP,Intel,InStock,"HP ZBook X G1i 16 Mobile Workstation PC Touch, Laptops. Intel Core Ultra 9 285H · 32 GB RAM · 1 TB · NVIDIA RTX PRO 1000 Laptop · from $3,169. Specs, configurations, and where to buy on Plug PCs.",https://plugpcs.com/p/hp/hp-zbook-x-g1i-16-mobile-workstation-pc-touch-c44z8ua-aba,,,laptops,C44Z8UA#ABA,specified,https://schema.org/InStock,https://www.hp.com/us-en/shop/pdp/hp-zbook-x-g1i-16-inch-mobile-workstation-pc-wolf-pro-security-edition-p-c44z8ua-aba-1
HP ZBook X G1i 16 Mobile Workstation PC Touch,HP,3329,USD,32,1024,specified,Intel Core Ultra 9 285H,NVIDIA RTX PRO 2000 Laptop,NVIDIA,HP,Intel,InStock,"HP ZBook X G1i 16 Mobile Workstation PC Touch, Laptops. Intel Core Ultra 9 285H · 32 GB RAM · 1 TB · NVIDIA RTX PRO 2000 Laptop · from $3,329. Specs, configurations, and where to buy on Plug PCs.",https://plugpcs.com/p/hp/hp-zbook-x-g1i-16-mobile-workstation-pc-touch-c44zjua-aba,,,laptops,C44ZJUA#ABA,specified,https://schema.org/InStock,https://www.hp.com/us-en/shop/pdp/hp-zbook-x-g1i-16-inch-mobile-workstation-pc-wolf-pro-security-edition-p-c44zjua-aba-1
HP ZBook X G2i 16 inch Mobile Workstation PC,HP,3053.7,USD,16,512,specified,Intel Core Ultra 5,Intel Graphics,Intel,HP,Intel,InStock,"HP ZBook X G2i 16 inch Mobile Workstation PC, Laptops. Intel Core Ultra 5 · 16 GB RAM · 512 GB · Intel Graphics · from $3,053.70. Specs, configurations, and where to buy on Plug PCs.",https://plugpcs.com/p/hp/hp-zbook-x-g2i-16-inch-mobile-workstation-pc,,,laptops,CE2Y9AV_MB,specified,https://schema.org/InStock,https://www.hp.com/us-en/shop/pdp/hp-zbook-x-g2i-16-inch-mobile-workstation-pc-customizable-ce2y9av-mb
HP ZBook X G2i 16 inch Mobile Workstation PC,HP,1599,USD,16,512,specified,Intel Core Ultra 5 336H,Intel Graphics,Intel,HP,Intel,InStock,"HP ZBook X G2i 16 inch Mobile Workstation PC, Laptops. Intel Core Ultra 5 336H · 16 GB RAM · 512 GB · Intel Graphics · from $1,599. Specs, configurations, and where to buy on Plug PCs.",https://plugpcs.com/p/hp/hp-zbook-x-g2i-16-inch-mobile-workstation-pc-dj9n6ua-aba,,,laptops,DJ9N6UA#ABA,specified,https://schema.org/InStock,https://www.hp.com/us-en/shop/pdp/hp-zbook-x-g2i-16-inch-mobile-workstation-pc-wolf-pro-security-edition-p-dj9n6ua-aba-1
HP ZBook X G2i 16 inch Mobile Workstation PC,HP,2849,USD,32,1024,specified,Intel Core Ultra 7 356H,NVIDIA RTX PRO 1000,NVIDIA,HP,Intel,InStock,"HP ZBook X G2i 16 inch Mobile Workstation PC, Laptops. Intel Core Ultra 7 356H · 32 GB RAM · 1 TB · NVIDIA RTX PRO 1000 · from $2,849. Specs, configurations, and where to buy on Plug PCs.",https://plugpcs.com/p/hp/hp-zbook-x-g2i-16-inch-mobile-workstation-pc-dj9n7ua-aba,,,laptops,DJ9N7UA#ABA,specified,https://schema.org/InStock,https://www.hp.com/us-en/shop/pdp/hp-zbook-x-g2i-16-inch-mobile-workstation-pc-wolf-pro-security-edition-p-dj9n7ua-aba-1
HP ZBook X G2i 16 inch Mobile Workstation PC,HP,3759,USD,64,1024,specified,Intel Core Ultra 7 356H,NVIDIA RTX PRO 1000,NVIDIA,HP,Intel,InStock,"HP ZBook X G2i 16 inch Mobile Workstation PC, Laptops. Intel Core Ultra 7 356H · 64 GB RAM · 1 TB · NVIDIA RTX PRO 1000 · from $3,759. Specs, configurations, and where to buy on Plug PCs.",https://plugpcs.com/p/hp/hp-zbook-x-g2i-16-inch-mobile-workstation-pc-dj9n9ua-aba,,,laptops,DJ9N9UA#ABA,specified,https://schema.org/InStock,https://www.hp.com/us-en/shop/pdp/hp-zbook-x-g2i-16-inch-mobile-workstation-pc-wolf-pro-security-edition-p-dj9n9ua-aba-1
HP ZBook X G2i 16 inch Mobile Workstation PC,HP,3199,USD,32,1024,specified,Intel Core Ultra 7 356H,NVIDIA RTX PRO 2000 Laptop,NVIDIA,HP,Intel,InStock,"HP ZBook X G2i 16 inch Mobile Workstation PC, Laptops. Intel Core Ultra 7 356H · 32 GB RAM · 1 TB · NVIDIA RTX PRO 2000 Laptop · from $3,199. Specs, configurations, and where to buy on Plug PCs.",https://plugpcs.com/p/hp/hp-zbook-x-g2i-16-inch-mobile-workstation-pc-dj9p0ua-aba,,,laptops,DJ9P0UA#ABA,specified,https://schema.org/InStock,https://www.hp.com/us-en/shop/pdp/hp-zbook-x-g2i-16-inch-mobile-workstation-pc-wolf-pro-security-edition-p-dj9p0ua-aba-1
HP ZBook X G2i 16 inch Mobile Workstation PC,HP,3599,USD,32,1024,specified,Intel Core Ultra 7 356H,NVIDIA RTX PRO 3000 Laptop,NVIDIA,HP,Intel,InStock,"HP ZBook X G2i 16 inch Mobile Workstation PC, Laptops. Intel Core Ultra 7 356H · 32 GB RAM · 1 TB · NVIDIA RTX PRO 3000 Laptop · from $3,599. Specs, configurations, and where to buy on Plug PCs.",https://plugpcs.com/p/hp/hp-zbook-x-g2i-16-inch-mobile-workstation-pc-dj9p2ua-aba,,,laptops,DJ9P2UA#ABA,specified,https://schema.org/InStock,https://www.hp.com/us-en/shop/pdp/hp-zbook-x-g2i-16-inch-mobile-workstation-pc-wolf-pro-security-edition-p-dj9p2ua-aba-1
HP ZBook X G2i 16 inch Mobile Workstation PC,HP,4449,USD,64,1024,specified,Intel Core Ultra 7 356H,NVIDIA RTX PRO 3000 Laptop,NVIDIA,HP,Intel,InStock,"HP ZBook X G2i 16 inch Mobile Workstation PC, Laptops. Intel Core Ultra 7 356H · 64 GB RAM · 1 TB · NVIDIA RTX PRO 3000 Laptop · from $4,449. Specs, configurations, and where to buy on Plug PCs.",https://plugpcs.com/p/hp/hp-zbook-x-g2i-16-inch-mobile-workstation-pc-dj9p4ua-aba,,,laptops,DJ9P4UA#ABA,specified,https://schema.org/InStock,https://www.hp.com/us-en/shop/pdp/hp-zbook-x-g2i-16-inch-mobile-workstation-pc-wolf-pro-security-edition-p-dj9p4ua-aba-1
HP ZBook X G2i 16 inch Mobile Workstation PC,HP,3149,USD,32,1024,specified,Intel Core Ultra 7 366H,NVIDIA RTX PRO 1000,NVIDIA,HP,Intel,InStock,"HP ZBook X G2i 16 inch Mobile Workstation PC, Laptops. Intel Core Ultra 7 366H · 32 GB RAM · 1 TB · NVIDIA RTX PRO 1000 · from $3,149. Specs, configurations, and where to buy on Plug PCs.",https://plugpcs.com/p/hp/hp-zbook-x-g2i-16-inch-mobile-workstation-pc-dj9p7ua-aba,,,laptops,DJ9P7UA#ABA,specified,https://schema.org/InStock,https://www.hp.com/us-en/shop/pdp/hp-zbook-x-g2i-16-inch-mobile-workstation-pc-wolf-pro-security-edition-p-dj9p7ua-aba-1
HP ZBook X G2i 16 inch Mobile Workstation PC,HP,3079,USD,32,1024,specified,Intel Core Ultra 7 366H,NVIDIA RTX PRO 1000,NVIDIA,HP,Intel,InStock,"HP ZBook X G2i 16 inch Mobile Workstation PC, Laptops. Intel Core Ultra 7 366H · 32 GB RAM · 1 TB · NVIDIA RTX PRO 1000 · from $3,079. Specs, configurations, and where to buy on Plug PCs.",https://plugpcs.com/p/hp/hp-zbook-x-g2i-16-inch-mobile-workstation-pc-dj9p8ua-aba,,,laptops,DJ9P8UA#ABA,specified,https://schema.org/InStock,https://www.hp.com/us-en/shop/pdp/hp-zbook-x-g2i-16-inch-mobile-workstation-pc-wolf-pro-security-edition-p-dj9p8ua-aba-1
HP ZBook X G2i 16 inch Mobile Workstation PC,HP,3279,USD,32,1024,specified,Intel Core Ultra 7 366H,NVIDIA RTX PRO 2000 Laptop,NVIDIA,HP,Intel,InStock,"HP ZBook X G2i 16 inch Mobile Workstation PC, Laptops. Intel Core Ultra 7 366H · 32 GB RAM · 1 TB · NVIDIA RTX PRO 2000 Laptop · from $3,279. Specs, configurations, and where to buy on Plug PCs.",https://plugpcs.com/p/hp/hp-zbook-x-g2i-16-inch-mobile-workstation-pc-dj9p9ua-aba,,,laptops,DJ9P9UA#ABA,specified,https://schema.org/InStock,https://www.hp.com/us-en/shop/pdp/hp-zbook-x-g2i-16-inch-mobile-workstation-pc-wolf-pro-security-edition-p-dj9p9ua-aba-1
HP ZBook X G2i 16 inch Mobile Workstation PC,HP,4189,USD,64,1024,specified,Intel Core Ultra 7 366H,NVIDIA RTX PRO 2000 Laptop,NVIDIA,HP,Intel,InStock,"HP ZBook X G2i 16 inch Mobile Workstation PC, Laptops. Intel Core Ultra 7 366H · 64 GB RAM · 1 TB · NVIDIA RTX PRO 2000 Laptop · from $4,189. Specs, configurations, and where to buy on Plug PCs.",https://plugpcs.com/p/hp/hp-zbook-x-g2i-16-inch-mobile-workstation-pc-dj9q0ua-aba,,,laptops,DJ9Q0UA#ABA,specified,https://schema.org/InStock,https://www.hp.com/us-en/shop/pdp/hp-zbook-x-g2i-16-inch-mobile-workstation-pc-wolf-pro-security-edition
HP ZBook X G2i 16 inch Mobile Workstation PC,HP,3969,USD,64,1024,specified,Intel Core Ultra 7 366H,NVIDIA RTX PRO 1000,NVIDIA,HP,Intel,InStock,"HP ZBook X G2i 16 inch Mobile Workstation PC, Laptops. Intel Core Ultra 7 366H · 64 GB RAM · 1 TB · NVIDIA RTX PRO 1000 · from $3,969. Specs, configurations, and where to buy on Plug PCs.",https://plugpcs.com/p/hp/hp-zbook-x-g2i-16-inch-mobile-workstation-pc-dj9q2ua-aba,,,laptops,DJ9Q2UA#ABA,specified,https://schema.org/InStock,https://www.hp.com/us-en/shop/pdp/hp-zbook-x-g2i-16-inch-mobile-workstation-pc-wolf-pro-security-edition-p-dj9q2ua-aba-1
HP ZBook X G2i 16 inch Mobile Workstation PC,HP,3389,USD,32,1024,specified,Intel Core Ultra 9 386H,NVIDIA RTX PRO 1000,NVIDIA,HP,Intel,InStock,"HP ZBook X G2i 16 inch Mobile Workstation PC, Laptops. Intel Core Ultra 9 386H · 32 GB RAM · 1 TB · NVIDIA RTX PRO 1000 · from $3,389. Specs, configurations, and where to buy on Plug PCs.",https://plugpcs.com/p/hp/hp-zbook-x-g2i-16-inch-mobile-workstation-pc-dj9q5ua-aba,,,laptops,DJ9Q5UA#ABA,specified,https://schema.org/InStock,https://www.hp.com/us-en/shop/pdp/hp-zbook-x-g2i-16-inch-mobile-workstation-pc-wolf-pro-security-edition-p-dj9q5ua-aba-1
HP ZBook X G2i 16 inch Mobile Workstation PC,HP,4999,USD,64,2048,specified,Intel Core Ultra 9 386H,NVIDIA RTX PRO 1000,NVIDIA,HP,Intel,InStock,"HP ZBook X G2i 16 inch Mobile Workstation PC, Laptops. Intel Core Ultra 9 386H · 64 GB RAM · 2 TB · NVIDIA RTX PRO 1000 · from $4,999. Specs, configurations, and where to buy on Plug PCs.",https://plugpcs.com/p/hp/hp-zbook-x-g2i-16-inch-mobile-workstation-pc-dj9q9ua-aba,,,laptops,DJ9Q9UA#ABA,specified,https://schema.org/InStock,https://www.hp.com/us-en/shop/pdp/hp-zbook-x-g2i-16-inch-mobile-workstation-pc-wolf-pro-security-edition-p-dj9q9ua-aba-1
HP ZBook X G2i 16 inch Mobile Workstation PC,HP,4399,USD,64,1024,specified,Intel Core Ultra 9 386H,NVIDIA RTX PRO 2000 Laptop,NVIDIA,HP,Intel,InStock,"HP ZBook X G2i 16 inch Mobile Workstation PC, Laptops. Intel Core Ultra 9 386H · 64 GB RAM · 1 TB · NVIDIA RTX PRO 2000 Laptop · from $4,399. Specs, configurations, and where to buy on Plug PCs.",https://plugpcs.com/p/hp/hp-zbook-x-g2i-16-inch-mobile-workstation-pc-dj9r5ua-aba,,,laptops,DJ9R5UA#ABA,specified,https://schema.org/InStock,https://www.hp.com/us-en/shop/pdp/hp-zbook-x-g2i-16-inch-mobile-workstation-pc-wolf-pro-security-edition-p-dj9r5ua-aba-1
HP ZBook X G2i 16 inch Mobile Workstation PC,HP,3499,USD,32,1024,specified,Intel Core Ultra 9 386H,NVIDIA RTX PRO 2000 Laptop,NVIDIA,HP,Intel,InStock,"HP ZBook X G2i 16 inch Mobile Workstation PC, Laptops. Intel Core Ultra 9 386H · 32 GB RAM · 1 TB · NVIDIA RTX PRO 2000 Laptop · from $3,499. Specs, configurations, and where to buy on Plug PCs.",https://plugpcs.com/p/hp/hp-zbook-x-g2i-16-inch-mobile-workstation-pc-dj9r6ua-aba,,,laptops,DJ9R6UA#ABA,specified,https://schema.org/InStock,https://www.hp.com/us-en/shop/pdp/hp-zbook-x-g2i-16-inch-mobile-workstation-pc-wolf-pro-security-edition-p-dj9r6ua-aba-1
HP ZBook X G2i 16 inch Mobile Workstation PC,HP,3939,USD,32,1024,specified,Intel Core Ultra 9 386H,NVIDIA RTX PRO 3000 Laptop,NVIDIA,HP,Intel,InStock,"HP ZBook X G2i 16 inch Mobile Workstation PC, Laptops. Intel Core Ultra 9 386H · 32 GB RAM · 1 TB · NVIDIA RTX PRO 3000 Laptop · from $3,939. Specs, configurations, and where to buy on Plug PCs.",https://plugpcs.com/p/hp/hp-zbook-x-g2i-16-inch-mobile-workstation-pc-dj9r7ua-aba,,,laptops,DJ9R7UA#ABA,specified,https://schema.org/InStock,https://www.hp.com/us-en/shop/pdp/hp-zbook-x-g2i-16-inch-mobile-workstation-pc-wolf-pro-security-edition-p-dj9r7ua-aba-1
HP ZBook X G2i 16 inch Mobile Workstation PC,HP,4899,USD,64,1024,specified,Intel Core Ultra 9 386H,NVIDIA RTX PRO 3000 Laptop,NVIDIA,HP,Intel,InStock,"HP ZBook X G2i 16 inch Mobile Workstation PC, Laptops. Intel Core Ultra 9 386H · 64 GB RAM · 1 TB · NVIDIA RTX PRO 3000 Laptop · from $4,899. Specs, configurations, and where to buy on Plug PCs.",https://plugpcs.com/p/hp/hp-zbook-x-g2i-16-inch-mobile-workstation-pc-dj9r9ua-aba,,,laptops,DJ9R9UA#ABA,specified,https://schema.org/InStock,https://www.hp.com/us-en/shop/pdp/hp-zbook-x-g2i-16-inch-mobile-workstation-pc-wolf-pro-security-edition-p-dj9r9ua-aba-1
HP ZBook X G2i 16 inch Mobile Workstation PC,HP,2579,USD,32,1024,specified,Intel Core Ultra 7 356H,NVIDIA RTX PRO 500 Laptop,NVIDIA,HP,Intel,InStock,"HP ZBook X G2i 16 inch Mobile Workstation PC, Laptops. Intel Core Ultra 7 356H · 32 GB RAM · 1 TB · NVIDIA RTX PRO 500 Laptop · from $2,579. Specs, configurations, and where to buy on Plug PCs.",https://plugpcs.com/p/hp/hp-zbook-x-g2i-16-inch-mobile-workstation-pc-dj9t3ua-aba,,,laptops,DJ9T3UA#ABA,specified,https://schema.org/InStock,https://www.hp.com/us-en/shop/pdp/hp-zbook-x-g2i-16-inch-mobile-workstation-pc-wolf-pro-security-edition-p-dj9t3ua-aba-1
HP ZBook X G2i 16 inch Mobile Workstation PC,HP,2289,USD,32,512,specified,Intel Core Ultra 7 356H,NVIDIA RTX PRO 500 Laptop,NVIDIA,HP,Intel,InStock,"HP ZBook X G2i 16 inch Mobile Workstation PC, Laptops. Intel Core Ultra 7 356H · 32 GB RAM · 512 GB · NVIDIA RTX PRO 500 Laptop · from $2,289. Specs, configurations, and where to buy on Plug PCs.",https://plugpcs.com/p/hp/hp-zbook-x-g2i-16-inch-mobile-workstation-pc-dj9t4ua-aba,,,laptops,DJ9T4UA#ABA,specified,https://schema.org/InStock,https://www.hp.com/us-en/shop/pdp/hp-zbook-x-g2i-16-inch-mobile-workstation-pc-wolf-pro-security-edition-p-dj9t4ua-aba-1
HyperX OMEN 15 inch Gaming Laptop PC 15,HP,2499.99,USD,16,1024,specified,Intel Core Ultra 7 356H,NVIDIA RTX 5070 Laptop,NVIDIA,HP,Intel,InStock,"HyperX OMEN 15 inch Gaming Laptop PC 15, Laptops. Intel Core Ultra 7 356H · 16 GB RAM · 1 TB · NVIDIA RTX 5070 Laptop · from $2,499.99. Specs, configurations, and where to buy on Plug PCs.",https://plugpcs.com/p/hp/hyperx-omen-15-inch-gaming-laptop-pc-15,,,laptops,D9KL7UA#ABA,specified,https://schema.org/InStock,https://www.hp.com/us-en/shop/pdp/hyperx-omen-15-inch-gaming-laptop-pc-15-ga0711nr
HyperX OMEN 15 inch Gaming Laptop PC 15,HP,2199.99,USD,16,1024,specified,AMD Ryzen 7 8745HX,NVIDIA RTX 5070 Laptop,NVIDIA,HP,AMD,InStock,"HyperX OMEN 15 inch Gaming Laptop PC 15, Laptops. AMD Ryzen 7 8745HX · 16 GB RAM · 1 TB · NVIDIA RTX 5070 Laptop · from $2,199.99. Specs, configurations, and where to buy on Plug PCs.",https://plugpcs.com/p/hp/hyperx-omen-15-inch-gaming-laptop-pc-15-d9kl8ua-aba,,,laptops,D9KL8UA#ABA,specified,https://schema.org/InStock,https://www.hp.com/us-en/shop/pdp/hyperx-omen-15-inch-gaming-laptop-pc-15-gb0711nr
HyperX OMEN 15 inch Gaming Laptop PC 15,HP,2099.99,USD,32,1024,specified,Intel Core Ultra 9 386H,NVIDIA RTX 5070 Laptop,NVIDIA,HP,Intel,InStock,"HyperX OMEN 15 inch Gaming Laptop PC 15, Laptops. Intel Core Ultra 9 386H · 32 GB RAM · 1 TB · NVIDIA RTX 5070 Laptop · from $2,099.99. Specs, configurations, and where to buy on Plug PCs.",https://plugpcs.com/p/hp/hyperx-omen-15-inch-gaming-laptop-pc-15-dd6k0ua-aba,,,laptops,DD6K0UA#ABA,specified,https://schema.org/InStock,https://www.hp.com/us-en/shop/pdp/hyperx-omen-15-inch-gaming-laptop-pc-15-ga0931nr
HyperX OMEN 15 inch Gaming Laptop PC 15-ga0762nr,HP,2299.99,USD,16,1024,specified,Intel Core i7 14650HX,NVIDIA RTX 5060 Laptop,NVIDIA,HP,Intel,InStock,"HyperX OMEN 15 inch Gaming Laptop PC 15-ga0762nr, Laptops. Intel Core i7 14650HX · 16 GB RAM · 1 TB · NVIDIA RTX 5060 Laptop · from $2,299.99. Specs, configurations, and where to buy on Plug PCs.",https://plugpcs.com/p/hp/hyperx-omen-15-inch-gaming-laptop-pc-15-ga0762nr,,,laptops,D20KPUA#ABA,specified,https://schema.org/InStock,https://www.hp.com/us-en/shop/pdp/hyperx-omen-15-inch-gaming-laptop-pc-15-ga0762nr
HyperX OMEN 15 inch Gaming Laptop PC 15-gb0261nr,HP,2199.99,USD,16,1024,specified,AMD Ryzen 7 260,NVIDIA RTX 5060 Laptop,NVIDIA,HP,AMD,InStock,"HyperX OMEN 15 inch Gaming Laptop PC 15-gb0261nr, Laptops. AMD Ryzen 7 260 · 16 GB RAM · 1 TB · NVIDIA RTX 5060 Laptop · from $2,199.99. Specs, configurations, and where to buy on Plug PCs.",https://plugpcs.com/p/hp/hyperx-omen-15-inch-gaming-laptop-pc-15-gb0261nr,,,laptops,D1UE0UA#ABA,specified,https://schema.org/InStock,https://www.hp.com/us-en/shop/pdp/hyperx-omen-15-inch-gaming-laptop-pc-15-gb0261nr
HyperX OMEN 16 inch Gaming Laptop PC 16,HP,2599.99,USD,16,1024,specified,Intel Core Ultra 7 356H,NVIDIA RTX 5070 Laptop,NVIDIA,HP,Intel,InStock,"HyperX OMEN 16 inch Gaming Laptop PC 16, Laptops. Intel Core Ultra 7 356H · 16 GB RAM · 1 TB · NVIDIA RTX 5070 Laptop · from $2,599.99. Specs, configurations, and where to buy on Plug PCs.",https://plugpcs.com/p/hp/hyperx-omen-16-inch-gaming-laptop-pc-16-am2715nr,,,laptops,D9KM2UA#ABA,specified,https://schema.org/InStock,https://www.hp.com/us-en/shop/pdp/hyperx-omen-16-inch-gaming-laptop-pc-16-am2715nr
HyperX OMEN 16 inch Gaming Laptop PC 16,HP,3299.99,USD,32,2048,specified,AMD Ryzen 9 9955HX,NVIDIA RTX 5070 Laptop,NVIDIA,HP,AMD,InStock,"HyperX OMEN 16 inch Gaming Laptop PC 16, Laptops. AMD Ryzen 9 9955HX · 32 GB RAM · 2 TB · NVIDIA RTX 5070 Laptop · from $3,299.99. Specs, configurations, and where to buy on Plug PCs.",https://plugpcs.com/p/hp/hyperx-omen-16-inch-gaming-laptop-pc-16,,,laptops,D9KM4UA#ABA,specified,https://schema.org/InStock,https://www.hp.com/us-en/shop/pdp/hyperx-omen-16-inch-gaming-laptop-pc-16-ap1955nr
HyperX OMEN 16 inch Gaming Laptop PC 16 Valorant edition,HP,2249.99,USD,32,1024,specified,AMD Ryzen 9 9955HX3D,NVIDIA RTX 5070 Laptop,NVIDIA,HP,AMD,InStock,"HyperX OMEN 16 inch Gaming Laptop PC 16 Valorant edition, Laptops. AMD Ryzen 9 9955HX3D · 32 GB RAM · 1 TB · NVIDIA RTX 5070 Laptop · from $2,249.99. Specs, configurations, and where to buy on Plug PCs.",https://plugpcs.com/p/hp/hyperx-omen-16-inch-gaming-laptop-pc-16-valorant-edition,,,laptops,DD6P8UA#ABA,specified,https://schema.org/InStock,https://www.hp.com/us-en/shop/pdp/hyperx-omen-16-inch-gaming-laptop-pc-16-ap1931nr
HyperX OMEN 16 inch Gaming Laptop PC 16-am2935nr,HP,3599.99,USD,32,2048,specified,Intel Core Ultra 9 386H,NVIDIA RTX 5070 Laptop,NVIDIA,HP,Intel,InStock,"HyperX OMEN 16 inch Gaming Laptop PC 16-am2935nr, Laptops. Intel Core Ultra 9 386H · 32 GB RAM · 2 TB · NVIDIA RTX 5070 Laptop · from $3,599.99. Specs, configurations, and where to buy on Plug PCs.",https://plugpcs.com/p/hp/hyperx-omen-16-inch-gaming-laptop-pc-16-am2935nr,,,laptops,D9KM3UA#ABA,specified,https://schema.org/InStock,https://www.hp.com/us-en/shop/pdp/hyperx-omen-16-inch-gaming-laptop-pc-16-am2935nr
HyperX OMEN Gaming Laptop 15-ga0100,HP,1599.99,USD,16,512,specified,Intel Core Ultra 7,NVIDIA GeForce Graphics,NVIDIA,HP,Intel,InStock,"HyperX OMEN Gaming Laptop 15-ga0100, Laptops. Intel Core Ultra 7 · 16 GB RAM · 512 GB · NVIDIA GeForce Graphics · from $1,599.99. Specs, configurations, and where to buy on Plug PCs.",https://plugpcs.com/p/hp/hyperx-omen-gaming-laptop-15-ga0100,,,laptops,CJ9F1AV_1,specified,https://schema.org/InStock,https://www.hp.com/us-en/shop/pdp/hyperx-omen-gaming-laptop-15-ga0xxx-15-cj9f1av-1
HyperX OMEN Gaming Laptop 16z-ap100,HP,1999.99,USD,16,512,specified,AMD Ryzen 7,NVIDIA GeForce Graphics,NVIDIA,HP,AMD,InStock,"HyperX OMEN Gaming Laptop 16z-ap100, Laptops. AMD Ryzen 7 · 16 GB RAM · 512 GB · NVIDIA GeForce Graphics · from $1,999.99. Specs, configurations, and where to buy on Plug PCs.",https://plugpcs.com/p/hp/hyperx-omen-gaming-laptop-16z-ap100,,,laptops,CQ3C9AV_1,specified,https://schema.org/InStock,https://www.hp.com/us-en/shop/pdp/hyperx-omen-gaming-laptop-16z-ap100-16-cq3c9av-1
HyperX OMEN MAX 16 inch Gaming Laptop PC 16,HP,3999.99,USD,32,1024,specified,Intel Core Ultra 7 270HX,NVIDIA RTX 5080 Laptop,NVIDIA,HP,Intel,InStock,"HyperX OMEN MAX 16 inch Gaming Laptop PC 16, Laptops. Intel Core Ultra 7 270HX · 32 GB RAM · 1 TB · NVIDIA RTX 5080 Laptop · from $3,999.99. Specs, configurations, and where to buy on Plug PCs.",https://plugpcs.com/p/hp/hyperx-omen-max-16-inch-gaming-laptop-pc-16,,,laptops,D9KL9UA#ABA,specified,https://schema.org/InStock,https://www.hp.com/us-en/shop/pdp/hyperx-omen-max-16-inch-gaming-laptop-pc-16-ah1731nr
HyperX OMEN MAX 16 inch Gaming Laptop PC 16,HP,4999.99,USD,32,2048,specified,Intel Core Ultra 9 290HX,NVIDIA RTX 5090,NVIDIA,HP,Intel,InStock,"HyperX OMEN MAX 16 inch Gaming Laptop PC 16, Laptops. Intel Core Ultra 9 290HX · 32 GB RAM · 2 TB · NVIDIA RTX 5090 · from $4,999.99. Specs, configurations, and where to buy on Plug PCs.",https://plugpcs.com/p/hp/hyperx-omen-max-16-inch-gaming-laptop-pc-16-d9km0ua-aba,,,laptops,D9KM0UA#ABA,specified,https://schema.org/InStock,https://www.hp.com/us-en/shop/pdp/hyperx-omen-max-16-inch-gaming-laptop-pc-16-ah1932nr
HyperX OMEN MAX 16 inch Gaming Laptop PC 16,HP,4399.99,USD,32,2048,specified,AMD Ryzen AI 9 HX 475,NVIDIA RTX 5080 Laptop,NVIDIA,HP,AMD,InStock,"HyperX OMEN MAX 16 inch Gaming Laptop PC 16, Laptops. AMD Ryzen AI 9 HX 475 · 32 GB RAM · 2 TB · NVIDIA RTX 5080 Laptop · from $4,399.99. Specs, configurations, and where to buy on Plug PCs.",https://plugpcs.com/p/hp/hyperx-omen-max-16-inch-gaming-laptop-pc-16-d9km1ua-aba,,,laptops,D9KM1UA#ABA,specified,https://schema.org/InStock,https://www.hp.com/us-en/shop/pdp/hyperx-omen-max-16-inch-gaming-laptop-pc-16-ak1942nr
HyperX OMEN MAX Gaming Laptop 16t-ah100,HP,2799.99,USD,16,512,specified,Intel Core Ultra 7,NVIDIA GeForce graphic,NVIDIA,HP,Intel,InStock,"HyperX OMEN MAX Gaming Laptop 16t-ah100, Laptops. Intel Core Ultra 7 · 16 GB RAM · 512 GB · NVIDIA GeForce graphic · from $2,799.99. Specs, configurations, and where to buy on Plug PCs.",https://plugpcs.com/p/hp/hyperx-omen-max-gaming-laptop-16t-ah100,,,laptops,CN3G9AV_1,specified,https://schema.org/InStock,https://www.hp.com/us-en/shop/pdp/hyperx-omen-max-gaming-laptop-16t-ah100-16-cn3g9av-1
"IdeaPad 5i 2-in-1 (14"" Intel)",Lenovo,1299.99,USD,16,1024,specified,Intel Core Ultra 5 322,,Unknown,Lenovo,Intel,InStock,"IdeaPad 5i 2-in-1 (14"" Intel), Laptops. Intel Core Ultra 5 322 · 16 GB RAM · 1 TB · from $1,299.99. Specs, configurations, and where to buy on Plug PCs.",https://plugpcs.com/p/lenovo/ideapad-5i-2-in-1-14-intel-83ug0000us,,,laptops,83UG0000US,specified,https://schema.org/InStock,https://www.lenovo.com/us/en/p/laptops/ideapad/ideapad-2-in-1-series/lenovo-ideapad-5i-2-in-1-gen-11-14-inch-intel/83ug0000us
"IdeaPad 5i 2-in-1 (14"" Intel)",Lenovo,1199.99,USD,16,1024,specified,Intel Core Ultra 7 355,,Unknown,Lenovo,Intel,InStock,"IdeaPad 5i 2-in-1 (14"" Intel), Laptops. Intel Core Ultra 7 355 · 16 GB RAM · 1 TB · from $1,199.99. Specs, configurations, and where to buy on Plug PCs.",https://plugpcs.com/p/lenovo/ideapad-5i-2-in-1-14-intel-83ug0001us,,,laptops,83UG0001US,specified,https://schema.org/InStock,https://www.lenovo.com/us/en/p/laptops/ideapad/ideapad-2-in-1-series/lenovo-ideapad-5i-2-in-1-gen-11-14-inch-intel/83ug0001us
"IdeaPad 5i 2-in-1 (14"" Intel) - Cosmic Blue",Lenovo,1149.99,USD,8,512,specified,Intel Core Ultra 5 225U,,Unknown,Lenovo,Intel,InStock,"IdeaPad 5i 2-in-1 (14"" Intel) - Cosmic Blue, Laptops. Intel Core Ultra 5 225U · 8 GB RAM · 512 GB · from $1,149.99. Specs, configurations, and where to buy on Plug PCs.",https://plugpcs.com/p/lenovo/ideapad-5i-2-in-1-14-intel-cosmic-blue-83kr000jus,,,laptops,83KR000JUS,specified,https://schema.org/InStock,https://www.lenovo.com/us/en/p/laptops/ideapad/ideapad-2-in-1-series/lenovo-ideapad-5i-2-in-1-gen-10-14-inch-intel/83kr000jus
"IdeaPad 5i 2-in-1 (14"" Intel) - Luna Grey",Lenovo,1149.99,USD,16,512,specified,Intel Core Ultra 7 255U,,Unknown,Lenovo,Intel,InStock,"IdeaPad 5i 2-in-1 (14"" Intel) - Luna Grey, Laptops. Intel Core Ultra 7 255U · 16 GB RAM · 512 GB · from $1,149.99. Specs, configurations, and where to buy on Plug PCs.",https://plugpcs.com/p/lenovo/ideapad-5i-2-in-1-14-intel-luna-grey,,,laptops,83KR001TUS,specified,https://schema.org/InStock,https://www.lenovo.com/us/en/p/laptops/ideapad/ideapad-2-in-1-series/lenovo-ideapad-5i-2-in-1-gen-10-14-inch-intel/83kr001tus
"IdeaPad 5i 2-in-1 (15"" Intel) - Cosmic Blue",Lenovo,1799.99,USD,32,1024,specified,Intel Core Ultra 7 355,,Unknown,Lenovo,Intel,InStock,"IdeaPad 5i 2-in-1 (15"" Intel) - Cosmic Blue, Laptops. Intel Core Ultra 7 355 · 32 GB RAM · 1 TB · from $1,799.99. Specs, configurations, and where to buy on Plug PCs.",https://plugpcs.com/p/lenovo/ideapad-5i-2-in-1-15-intel-cosmic-blue-83ul0005us,,,laptops,83UL0005US,specified,https://schema.org/InStock,https://www.lenovo.com/us/en/p/laptops/ideapad/ideapad-2-in-1-series/lenovo-ideapad-5i-2-in-1-gen-11-15-inch-intel/83ul0005us
"IdeaPad 5i 2-in-1 (16"" Intel) - Cosmic Blue",Lenovo,1149.99,USD,16,1024,specified,Intel Core Ultra 5 225U,,Unknown,Lenovo,Intel,InStock,"IdeaPad 5i 2-in-1 (16"" Intel) - Cosmic Blue, Laptops. Intel Core Ultra 5 225U · 16 GB RAM · 1 TB · from $1,149.99. Specs, configurations, and where to buy on Plug PCs.",https://plugpcs.com/p/lenovo/ideapad-5i-2-in-1-16-intel-cosmic-blue,,,laptops,83KS000UUS,specified,https://schema.org/InStock,https://www.lenovo.com/us/en/p/laptops/ideapad/ideapad-2-in-1-series/lenovo-ideapad-5i-2-in-1-gen-10-16-inch-intel/83ks000uus
"IdeaPad 5x 2-in-1 (14"" Snapdragon)",Lenovo,1499.99,USD,16,512,specified,Snapdragon X2 Plus X2P-42-100,,Unknown,Lenovo,Qualcomm,InStock,"IdeaPad 5x 2-in-1 (14"" Snapdragon), Laptops. Snapdragon X2 Plus X2P-42-100 · 16 GB RAM · 512 GB · from $1,499.99. Specs, configurations, and where to buy on Plug PCs.",https://plugpcs.com/p/lenovo/ideapad-5x-2-in-1-14-snapdragon-83uk000yus,,,laptops,83UK000YUS,specified,https://schema.org/InStock,https://www.lenovo.com/us/en/p/laptops/ideapad/ideapad-2-in-1-series/lenovo-ideapad-5x-2-in-1-gen-11-14-inch-snapdragon/83uk000yus
"IdeaPad Pro 5 (16"" AMD)",Lenovo,1549.99,USD,16,512,specified,AMD Ryzen AI 5 340,NVIDIA RTX 5050 Laptop,NVIDIA,Lenovo,AMD,InStock,"IdeaPad Pro 5 (16"" AMD), Laptops. AMD Ryzen AI 5 340 · 16 GB RAM · 512 GB · NVIDIA RTX 5050 Laptop · from $1,549.99. Specs, configurations, and where to buy on Plug PCs.",https://plugpcs.com/p/lenovo/ideapad-pro-5-16-amd,,,laptops,83JN000XUS,specified,https://schema.org/InStock,https://www.lenovo.com/us/en/p/laptops/ideapad/ideapad-pro-series/-lenovo-ideapad-pro-5-gen-10-16-inch-amd/83jn000xus
"IdeaPad Pro 5i (16"" Intel)",Lenovo,2199.99,USD,16,1024,specified,Intel Core Ultra 7 255H,NVIDIA RTX 5050 Laptop,NVIDIA,Lenovo,Intel,InStock,"IdeaPad Pro 5i (16"" Intel), Laptops. Intel Core Ultra 7 255H · 16 GB RAM · 1 TB · NVIDIA RTX 5050 Laptop · from $2,199.99. Specs, configurations, and where to buy on Plug PCs.",https://plugpcs.com/p/lenovo/ideapad-pro-5i-16-intel,,,laptops,83JM001GUS,specified,https://schema.org/InStock,https://www.lenovo.com/us/en/p/laptops/ideapad/ideapad-pro-series/len101i0115/83jm001gus
"IdeaPad Pro 5i (16"" Intel)",Lenovo,2749.99,USD,32,1024,specified,Intel Core Ultra 7 356H,NVIDIA RTX 5050,NVIDIA,Lenovo,Intel,InStock,"IdeaPad Pro 5i (16"" Intel), Laptops. Intel Core Ultra 7 356H · 32 GB RAM · 1 TB · NVIDIA RTX 5050 · from $2,749.99. Specs, configurations, and where to buy on Plug PCs.",https://plugpcs.com/p/lenovo/ideapad-pro-5i-16-intel-83skcto1wwus1,,,laptops,83SKCTO1WWUS1,specified,https://schema.org/InStock,https://www.lenovo.com/us/en/p/laptops/ideapad/ideapad-pro-series/ideapad-pro-5i-gen-11-16-inch-intel/83skcto1wwus1
"IdeaPad Slim 3i (15"" Intel) - Luna Grey",Lenovo,849.99,USD,8,512,specified,Intel Core 5 210H,,Unknown,Lenovo,Intel,InStock,"IdeaPad Slim 3i (15"" Intel) - Luna Grey, Laptops. Intel Core 5 210H · 8 GB RAM · 512 GB · from $849.99. Specs, configurations, and where to buy on Plug PCs.",https://plugpcs.com/p/lenovo/ideapad-slim-3i-15-intel-luna-grey,,,laptops,83K4000QUS,specified,https://schema.org/InStock,https://www.lenovo.com/us/en/p/laptops/ideapad/ideapad-slim-series/lenovo-ideapad-slim-3i-gen-10-15-inch-intel/83k4000qus
"IdeaPad Slim 3i (15"" Intel) - Luna Grey",Lenovo,799.99,USD,8,512,specified,Intel Core 3 100U,,Unknown,Lenovo,Intel,InStock,"IdeaPad Slim 3i (15"" Intel) - Luna Grey, Laptops. Intel Core 3 100U · 8 GB RAM · 512 GB · from $799.99. Specs, configurations, and where to buy on Plug PCs.",https://plugpcs.com/p/lenovo/ideapad-slim-3i-15-intel-luna-grey-83kd000kus,,,laptops,83KD000KUS,specified,https://schema.org/InStock,https://www.lenovo.com/us/en/p/laptops/ideapad/ideapad-slim-series/lenovo-ideapad-slim-3i-gen-10-15-inch-intel/83kd000kus
"IdeaPad Slim 3x (15"" Snapdragon)",Lenovo,799.99,USD,16,512,specified,Snapdragon X X1-26-100,,Unknown,Lenovo,Qualcomm,InStock,"IdeaPad Slim 3x (15"" Snapdragon), Laptops. Snapdragon X X1-26-100 · 16 GB RAM · 512 GB · from $799.99. Specs, configurations, and where to buy on Plug PCs.",https://plugpcs.com/p/lenovo/ideapad-slim-3x-15-snapdragon,,,laptops,83N30002US,specified,https://schema.org/InStock,https://www.lenovo.com/us/en/p/laptops/ideapad/ideapad-slim-series/lenovo-ideapad-slim-3x-gen-10-15-inch-snapdragon/83n30002us
"IdeaPad Slim 5 (16"" AMD) - Cosmic Blue",Lenovo,1099.99,USD,16,512,specified,AMD Ryzen AI 7 350,AMD Radeon 840M,AMD,Lenovo,AMD,InStock,"IdeaPad Slim 5 (16"" AMD) - Cosmic Blue, Laptops. AMD Ryzen AI 7 350 · 16 GB RAM · 512 GB · AMD Radeon 840M · from $1,099.99. Specs, configurations, and where to buy on Plug PCs.",https://plugpcs.com/p/lenovo/ideapad-slim-5-16-amd-cosmic-blue,,,laptops,83HY001HUS,specified,https://schema.org/InStock,https://www.lenovo.com/us/en/p/laptops/ideapad/ideapad-slim-series/ideapad-slim-5-(16-inch-amd)-laptop/83hy001hus
"IdeaPad Slim 5 (16"" AMD) - Cosmic Blue",Lenovo,949.99,USD,16,512,specified,AMD Ryzen AI 5 340,AMD Radeon 840M,AMD,Lenovo,AMD,InStock,"IdeaPad Slim 5 (16"" AMD) - Cosmic Blue, Laptops. AMD Ryzen AI 5 340 · 16 GB RAM · 512 GB · AMD Radeon 840M · from $949.99. Specs, configurations, and where to buy on Plug PCs.",https://plugpcs.com/p/lenovo/ideapad-slim-5-16-amd-cosmic-blue-83hy001pus,,,laptops,83HY001PUS,specified,https://schema.org/InStock,https://www.lenovo.com/us/en/p/laptops/ideapad/ideapad-slim-series/ideapad-slim-5-(16-inch-amd)-laptop/83hy001pus
"IdeaPad Slim 5a (16"" AMD)",Lenovo,1349.99,USD,16,512,specified,AMD Ryzen AI 7 445,AMD Radeon 840M,AMD,Lenovo,AMD,InStock,"IdeaPad Slim 5a (16"" AMD), Laptops. AMD Ryzen AI 7 445 · 16 GB RAM · 512 GB · AMD Radeon 840M · from $1,349.99. Specs, configurations, and where to buy on Plug PCs.",https://plugpcs.com/p/lenovo/ideapad-slim-5a-16-amd-83s2cto1wwus2,,,laptops,83S2CTO1WWUS2,specified,https://schema.org/InStock,https://www.lenovo.com/us/en/p/laptops/ideapad/ideapad-slim-series/lenovo-ideapad-slim-5a-gen-11-16-inch-amd-laptop/83s2cto1wwus2
"IdeaPad Slim 5a (16"" AMD) - Cosmic Blue",Lenovo,1499.99,USD,16,1024,specified,AMD Ryzen AI 7 445,AMD Radeon 840M,AMD,Lenovo,AMD,InStock,"IdeaPad Slim 5a (16"" AMD) - Cosmic Blue, Laptops. AMD Ryzen AI 7 445 · 16 GB RAM · 1 TB · AMD Radeon 840M · from $1,499.99. Specs, configurations, and where to buy on Plug PCs.",https://plugpcs.com/p/lenovo/ideapad-slim-5a-16-amd-cosmic-blue-83s20004us,,,laptops,83S20004US,specified,https://schema.org/InStock,https://www.lenovo.com/us/en/p/laptops/ideapad/ideapad-slim-series/lenovo-ideapad-slim-5a-gen-11-16-inch-amd-laptop/83s20004us
"IdeaPad Slim 5i (16"" Intel)",Lenovo,1379.99,USD,16,512,specified,Intel Core Ultra 5 322,,Unknown,Lenovo,Intel,InStock,"IdeaPad Slim 5i (16"" Intel), Laptops. Intel Core Ultra 5 322 · 16 GB RAM · 512 GB · from $1,379.99. Specs, configurations, and where to buy on Plug PCs.",https://plugpcs.com/p/lenovo/ideapad-slim-5i-16-intel,,,laptops,83S6CTO1WWUS1,specified,https://schema.org/InStock,https://www.lenovo.com/us/en/p/laptops/ideapad/ideapad-slim-series/lenovo-ideapad-slim-5i-gen-11-16-inch-intel-laptop/83s6cto1wwus1
"IdeaPad Slim 5x (15"" Snapdragon)",Lenovo,1499.99,USD,16,512,specified,Snapdragon X2 Plus X2P-42-100,,Unknown,Lenovo,Qualcomm,InStock,"IdeaPad Slim 5x (15"" Snapdragon), Laptops. Snapdragon X2 Plus X2P-42-100 · 16 GB RAM · 512 GB · from $1,499.99. Specs, configurations, and where to buy on Plug PCs.",https://plugpcs.com/p/lenovo/ideapad-slim-5x-15-snapdragon,,,laptops,83RL0000US,specified,https://schema.org/InStock,https://www.lenovo.com/us/en/p/laptops/ideapad/ideapad-slim-series/lenovo-ideapad-slim-5x-gen-11-15-inch-snapdragon/83rl0000us
Inspiron 14 2-in-1 Laptop,Dell,879.99,USD,8,512,specified,Intel Core i5 1334U,Intel UHD Graphics,Intel,Dell,Intel,InStock,"Inspiron 14 2-in-1 Laptop, Laptops. Intel Core i5 1334U · 8 GB RAM · 512 GB · Intel UHD Graphics · from $879.99. Specs, configurations, and where to buy on Plug PCs.",https://plugpcs.com/p/dell/inspiron-14-2-in-1-laptop-74402in1-fixed-06,,,laptops,74402in1_fixed_06,specified,https://schema.org/InStock,https://www.dell.com/en-us/shop/desktop-computers/inspiron1474402in1/spd/inspiron1474402in1/74402in1_fixed_06?redirectTo=SOC
Inspiron 14 2-in-1 Laptop,Dell,1149.99,USD,16,512,specified,AMD Ryzen 5 8640HS,AMD Radeon Graphics,AMD,Dell,AMD,InStock,"Inspiron 14 2-in-1 Laptop, Laptops. AMD Ryzen 5 8640HS · 16 GB RAM · 512 GB · AMD Radeon Graphics · from $1,149.99. Specs, configurations, and where to buy on Plug PCs.",https://plugpcs.com/p/dell/inspiron-14-2-in-1-laptop-usei2hbtp7445hsvl,,,laptops,usei2hbtp7445hsvl,specified,https://schema.org/InStock,https://www.dell.com/en-us/shop/dell-laptops/inspiron-14-7445-2-in-1-laptop/spd/inspiron-14-7445-2-in-1-laptop/usei2hbtp7445hsvl?redirectTo=SOC
Inspiron 14 2-in-1 Laptop,Dell,879.99,USD,8,512,specified,Intel Core i5 1334U,Intel UHD Graphics,Intel,Dell,Intel,InStock,"Inspiron 14 2-in-1 Laptop, Laptops. Intel Core i5 1334U · 8 GB RAM · 512 GB · Intel UHD Graphics · from $879.99. Specs, configurations, and where to buy on Plug PCs.",https://plugpcs.com/p/dell/inspiron-14-2-in-1-laptop,,,laptops,usei2hbts7440hnhd,specified,https://schema.org/InStock,https://www.dell.com/en-us/shop/dell-laptops/inspiron-14-7440-2-in-1-laptop/spd/inspiron-14-7440-2-in-1-laptop/usei2hbts7440hnhd?redirectTo=SOC
Inspiron 14 2-in-1 Laptop,Dell,1179.99,USD,16,512,specified,Intel Core 7 150U,Intel Graphics,Intel,Dell,Intel,InStock,"Inspiron 14 2-in-1 Laptop, Laptops. Intel Core 7 150U · 16 GB RAM · 512 GB · Intel Graphics · from $1,179.99. Specs, configurations, and where to buy on Plug PCs.",https://plugpcs.com/p/dell/inspiron-14-2-in-1-laptop-usei2hbts7440hnhg,,,laptops,usei2hbts7440hnhg,specified,https://schema.org/InStock,https://www.dell.com/en-us/shop/dell-laptops/inspiron-14-7440-2-in-1-laptop/spd/inspiron-14-7440-2-in-1-laptop/usei2hbts7440hnhg?redirectTo=SOC
Inspiron 14 2-in-1 Laptop,Dell,1399.99,USD,16,1024,specified,AMD Ryzen 7 8840HS,AMD Radeon Graphics,AMD,Dell,AMD,InStock,"Inspiron 14 2-in-1 Laptop, Laptops. AMD Ryzen 7 8840HS · 16 GB RAM · 1 TB · AMD Radeon Graphics · from $1,399.99. Specs, configurations, and where to buy on Plug PCs.",https://plugpcs.com/p/dell/inspiron-14-2-in-1-laptop-usei2hbts7445hnhx,,,laptops,usei2hbts7445hnhx,specified,https://schema.org/InStock,https://www.dell.com/en-us/shop/dell-laptops/inspiron-14-7445-2-in-1-laptop/spd/inspiron-14-7445-2-in-1-laptop/usei2hbts7445hnhx?redirectTo=SOC
KDE Slimbook VII AMD Ryzen AI9 365,Slimbook,1372,EUR,128,8192,specified,AMD Ryzen AI 9 365,AMD Radeon 880M,AMD,Slimbook,AMD,InStock,"KDE Slimbook VII AMD Ryzen AI9 365, Laptops. AMD Ryzen AI 9 365 · 128 GB RAM · 8 TB · AMD Radeon 880M · from ≈ $1,562. Specs, configurations, and where to buy on Plug PCs.",https://plugpcs.com/p/slimbook/kde-slimbook-vii-amd-ryzen-ai9-365,,,laptops,,specified,https://schema.org/InStock,https://slimbook.com/en/shop/product/kde-slimbook-vii-amd-ryzen-ai9-365-1900
"Kubuntu Focus 14"" XE GEN 3",Kubuntu Focus,1695,USD,32,8192,specified,Intel Core Ultra 7 255H,Intel Arc 140T,Intel,Kubuntu Focus,Intel,InStock,"Kubuntu Focus 14"" XE GEN 3, Laptops. Intel Core Ultra 7 255H · 32 GB RAM · 8 TB · Intel Arc 140T · from $1,695. Specs, configurations, and where to buy on Plug PCs.",https://plugpcs.com/p/kfocus/kubuntu-focus-14-xe-gen-3,,,laptops,,specified,https://schema.org/InStock,https://kfocus.org/spec/spec-14xe.html
"Kubuntu Focus 16"" XE GEN 3",Kubuntu Focus,1795,USD,32,8192,specified,Intel Core Ultra 7 255H,Intel Arc 140T,Intel,Kubuntu Focus,Intel,InStock,"Kubuntu Focus 16"" XE GEN 3, Laptops. Intel Core Ultra 7 255H · 32 GB RAM · 8 TB · Intel Arc 140T · from $1,795. Specs, configurations, and where to buy on Plug PCs.",https://plugpcs.com/p/kfocus/kubuntu-focus-16-xe-gen-3,,,laptops,,specified,https://schema.org/InStock,https://kfocus.org/spec/spec-16xe.html
Kubuntu Focus Ar GEN 1,Kubuntu Focus,1950,USD,32,4096,specified,Intel Core Ultra X7 358H,Intel Arc B390,Intel,Kubuntu Focus,Intel,InStock,"Kubuntu Focus Ar GEN 1, Laptops. Intel Core Ultra X7 358H · 32 GB RAM · 4 TB · Intel Arc B390 · from $1,950. Specs, configurations, and where to buy on Plug PCs.",https://plugpcs.com/p/kfocus/kubuntu-focus-ar-gen-1,,,laptops,,specified,https://schema.org/InStock,https://kfocus.org/spec/spec-ar.html
Kubuntu Focus Zr GEN 2,Kubuntu Focus,4395,USD,192,16384,specified,Intel Core Ultra 9 290HX,NVIDIA RTX 5080,NVIDIA,Kubuntu Focus,Intel,InStock,"Kubuntu Focus Zr GEN 2, Laptops. Intel Core Ultra 9 290HX · 192 GB RAM · 16 TB · NVIDIA RTX 5080 · from $4,395. Specs, configurations, and where to buy on Plug PCs.",https://plugpcs.com/p/kfocus/kubuntu-focus-zr-gen-2,,,laptops,,specified,https://schema.org/InStock,https://kfocus.org/spec/spec-zr.html
Kubuntu M2 GEN 7,Kubuntu Focus,3395,USD,128,12288,specified,Intel Core Ultra 9 290HX,NVIDIA RTX 5070,NVIDIA,Kubuntu Focus,Intel,InStock,"Kubuntu M2 GEN 7, Laptops. Intel Core Ultra 9 290HX · 128 GB RAM · 12 TB · NVIDIA RTX 5070 · from $3,395. Specs, configurations, and where to buy on Plug PCs.",https://plugpcs.com/p/kfocus/kubuntu-m2-gen-7,,,laptops,,specified,https://schema.org/InStock,https://kfocus.org/spec/spec-m2.html
Latitude 3140 Laptop or 2-in-1,Dell,808.79,USD,8,128,specified,Intel N200,Intel UHD Graphics,Intel,Dell,Intel,InStock,"Latitude 3140 Laptop or 2-in-1, Laptops. Intel N200 · 8 GB RAM · 128 GB · Intel UHD Graphics · from $808.79. Specs, configurations, and where to buy on Plug PCs.",https://plugpcs.com/p/dell/latitude-3140-laptop-or-2-in-1-bto045c3140usvp,,,laptops,bto045c3140usvp,specified,https://schema.org/InStock,https://www.dell.com/en-us/shop/dell-laptops/latitude-11-3140-2-in-1-laptop/spd/latitude-11-3140-2-in-1-laptop/bto045c3140usvp?redirectTo=SOC
Latitude 5455 Laptop,Dell,1638.97,USD,16,256,specified,Snapdragon X Plus X1P-64-100,,Unknown,Dell,Qualcomm,InStock,"Latitude 5455 Laptop, Laptops. Snapdragon X Plus X1P-64-100 · 16 GB RAM · 256 GB · from $1,638.97. Specs, configurations, and where to buy on Plug PCs.",https://plugpcs.com/p/dell/latitude-5455-laptop-gctol5455usvp,,,laptops,gctol5455usvp,specified,https://schema.org/InStock,https://www.dell.com/en-us/shop/dell-laptops/latitude-14-5455-laptop/spd/latitude-14-5455-laptop/gctol5455usvp?redirectTo=SOC
Latitude 5455 Laptop,Dell,1748.96,USD,16,512,specified,Snapdragon X Plus X1P-42-100,,Unknown,Dell,Qualcomm,InStock,"Latitude 5455 Laptop, Laptops. Snapdragon X Plus X1P-42-100 · 16 GB RAM · 512 GB · from $1,748.96. Specs, configurations, and where to buy on Plug PCs.",https://plugpcs.com/p/dell/latitude-5455-laptop,,,laptops,s001l5455usvp,specified,https://schema.org/InStock,https://www.dell.com/en-us/shop/dell-laptops/latitude-14-5455-laptop/spd/latitude-14-5455-laptop/s001l5455usvp?redirectTo=SOC
Latitude 5455 Laptop,Dell,1818.95,USD,16,512,specified,Snapdragon X Plus X1P-64-100,,Unknown,Dell,Qualcomm,InStock,"Latitude 5455 Laptop, Laptops. Snapdragon X Plus X1P-64-100 · 16 GB RAM · 512 GB · from $1,818.95. Specs, configurations, and where to buy on Plug PCs.",https://plugpcs.com/p/dell/latitude-5455-laptop-s002l5455usvp,,,laptops,s002l5455usvp,specified,https://schema.org/InStock,https://www.dell.com/en-us/shop/dell-laptops/latitude-14-5455-laptop/spd/latitude-14-5455-laptop/s002l5455usvp?redirectTo=SOC
Latitude 7455 Laptop,Dell,2138.5,USD,16,256,specified,Snapdragon X Plus X1P-64-100,,Unknown,Dell,Qualcomm,InStock,"Latitude 7455 Laptop, Laptops. Snapdragon X Plus X1P-64-100 · 16 GB RAM · 256 GB · from $2,138.50. Specs, configurations, and where to buy on Plug PCs.",https://plugpcs.com/p/dell/latitude-7455-laptop-gctol7455usvp,,,laptops,gctol7455usvp,specified,https://schema.org/InStock,https://www.dell.com/en-us/shop/dell-laptops/latitude-14-7455-laptop/spd/latitude-14-7455-laptop/gctol7455usvp?redirectTo=SOC
Latitude 7455 Laptop,Dell,2318.5,USD,16,512,specified,Snapdragon X Elite X1E-80-100,,Unknown,Dell,Qualcomm,InStock,"Latitude 7455 Laptop, Laptops. Snapdragon X Elite X1E-80-100 · 16 GB RAM · 512 GB · from $2,318.50. Specs, configurations, and where to buy on Plug PCs.",https://plugpcs.com/p/dell/latitude-7455-laptop,,,laptops,s002l7455usvp,specified,https://schema.org/InStock,https://www.dell.com/en-us/shop/dell-laptops/latitude-14-7455-laptop/spd/latitude-14-7455-laptop/s002l7455usvp?redirectTo=SOC
Latitude 7455 Laptop,Dell,2858.5,USD,32,512,specified,Snapdragon X Elite X1E-80-100,,Unknown,Dell,Qualcomm,InStock,"Latitude 7455 Laptop, Laptops. Snapdragon X Elite X1E-80-100 · 32 GB RAM · 512 GB · from $2,858.50. Specs, configurations, and where to buy on Plug PCs.",https://plugpcs.com/p/dell/latitude-7455-laptop-s003l7455usvp,,,laptops,s003l7455usvp,specified,https://schema.org/InStock,https://www.dell.com/en-us/shop/dell-laptops/latitude-14-7455-laptop/spd/latitude-14-7455-laptop/s003l7455usvp?redirectTo=SOC
"Legion 5 Gen 10 AMD (15"") RTX 5070",Lenovo,1899.99,USD,16,1024,specified,AMD Ryzen AI 7 350,NVIDIA RTX 5050 Laptop,NVIDIA,Lenovo,AMD,InStock,"Legion 5 Gen 10 AMD (15"") RTX 5070, Laptops. AMD Ryzen AI 7 350 · 16 GB RAM · 1 TB · NVIDIA RTX 5050 Laptop · from $1,899.99. Specs, configurations, and where to buy on Plug PCs.",https://plugpcs.com/p/lenovo/legion-5-gen-10-amd-15-rtx-5070,,,laptops,83F10005US,specified,https://schema.org/InStock,https://www.lenovo.com/us/en/p/laptops/legion-laptops/legion-series/lenovo-legion-5-gen-10-15-inch-amd/83f10005us
"Legion 5 Gen 10 AMD (15"") with RTX 5060",Lenovo,1660.03,USD,16,512,specified,AMD Ryzen AI 7 350,NVIDIA RTX 5050 Laptop,NVIDIA,Lenovo,AMD,InStock,"Legion 5 Gen 10 AMD (15"") with RTX 5060, Laptops. AMD Ryzen AI 7 350 · 16 GB RAM · 512 GB · NVIDIA RTX 5050 Laptop · from $1,660.03. Specs, configurations, and where to buy on Plug PCs.",https://plugpcs.com/p/lenovo/legion-5-gen-10-amd-15-with-up-to-rtx-5070,,,laptops,83F1CTO1WWUS2,specified,https://schema.org/InStock,https://www.lenovo.com/us/en/p/laptops/legion-laptops/legion-series/lenovo-legion-5-gen-10-15-inch-amd/83f1cto1wwus2
"Legion 5 Gen 10 AMD (15"") with RTX 5060",Lenovo,1749.99,USD,16,1024,specified,AMD Ryzen 7 260,NVIDIA RTX 5060 Laptop,NVIDIA,Lenovo,AMD,InStock,"Legion 5 Gen 10 AMD (15"") with RTX 5060, Laptops. AMD Ryzen 7 260 · 16 GB RAM · 1 TB · NVIDIA RTX 5060 Laptop · from $1,749.99. Specs, configurations, and where to buy on Plug PCs.",https://plugpcs.com/p/lenovo/legion-5-gen-10-amd-15-with-rtx-5060,,,laptops,83M00002US,specified,https://schema.org/InStock,https://www.lenovo.com/us/en/p/laptops/legion-laptops/legion-series/lenovo-legion-5-gen-10-15-inch-amd/83m00002us
"Legion 5 Gen 10 AMD (15"") with up to RTX 5060",Lenovo,1549.93,USD,16,512,specified,AMD Ryzen 7 260,NVIDIA RTX 5060 Laptop,NVIDIA,Lenovo,AMD,InStock,"Legion 5 Gen 10 AMD (15"") with up to RTX 5060, Laptops. AMD Ryzen 7 260 · 16 GB RAM · 512 GB · NVIDIA RTX 5060 Laptop · from $1,549.93. Specs, configurations, and where to buy on Plug PCs.",https://plugpcs.com/p/lenovo/legion-5-gen-10-amd-15-with-up-to-rtx-5060,,,laptops,83M0CTO1WWUS2,specified,https://schema.org/InStock,https://www.lenovo.com/us/en/p/laptops/legion-laptops/legion-series/lenovo-legion-5-gen-10-15-inch-amd/83m0cto1wwus2
"Legion 5a Gen 11 AMD (15"" ) with RTX 5060",Lenovo,1899.99,USD,16,1024,specified,AMD Ryzen AI 9 465,NVIDIA GeForce RTX 5060,NVIDIA,Lenovo,AMD,InStock,"Legion 5a Gen 11 AMD (15"" ) with RTX 5060, Laptops. AMD Ryzen AI 9 465 · 16 GB RAM · 1 TB · NVIDIA GeForce RTX 5060 · from $1,899.99. Specs, configurations, and where to buy on Plug PCs.",https://plugpcs.com/p/lenovo/legion-5a-gen-11-amd-15-with-rtx-5060,,,laptops,83Q60001US,specified,https://schema.org/InStock,https://www.lenovo.com/us/en/p/laptops/legion-laptops/legion-series/lenovo-legion-5a-gen-11-15-inch-amd/83q60001us
"Legion 5a Gen 11 AMD (15"" ) with RTX 5060",Lenovo,1558.88,USD,16,512,specified,AMD Ryzen AI 7 450,NVIDIA GeForce RTX 5060,NVIDIA,Lenovo,AMD,InStock,"Legion 5a Gen 11 AMD (15"" ) with RTX 5060, Laptops. AMD Ryzen AI 7 450 · 16 GB RAM · 512 GB · NVIDIA GeForce RTX 5060 · from $1,558.88. Specs, configurations, and where to buy on Plug PCs.",https://plugpcs.com/p/lenovo/legion-5a-gen-11-amd-15-with-rtx-5060-83q6cto1wwus2,,,laptops,83Q6CTO1WWUS2,specified,https://schema.org/InStock,https://www.lenovo.com/us/en/p/laptops/legion-laptops/legion-series/lenovo-legion-5a-gen-11-15-inch-amd/83q6cto1wwus2
"Legion 5a Gen 11 AMD (15"" ) with up to RTX 5070",Lenovo,1628.58,USD,16,512,specified,AMD Ryzen AI 7 450,NVIDIA GeForce RTX 5060,NVIDIA,Lenovo,AMD,InStock,"Legion 5a Gen 11 AMD (15"" ) with up to RTX 5070, Laptops. AMD Ryzen AI 7 450 · 16 GB RAM · 512 GB · NVIDIA GeForce RTX 5060 · from $1,628.58. Specs, configurations, and where to buy on Plug PCs.",https://plugpcs.com/p/lenovo/legion-5a-gen-11-amd-15-with-rtx-5060-83q6cto1wwus1,,,laptops,83Q6CTO1WWUS1,specified,https://schema.org/InStock,https://www.lenovo.com/us/en/p/laptops/legion-laptops/legion-series/lenovo-legion-5a-gen-11-15-inch-amd/83q6cto1wwus1
"Legion 5a Gen 11 AMD (15"") with up to RTX 5060",Lenovo,1611.81,USD,16,512,specified,AMD Ryzen 7 250,NVIDIA GeForce RTX 5070,NVIDIA,Lenovo,AMD,InStock,"Legion 5a Gen 11 AMD (15"") with up to RTX 5060, Laptops. AMD Ryzen 7 250 · 16 GB RAM · 512 GB · NVIDIA GeForce RTX 5070 · from $1,611.81. Specs, configurations, and where to buy on Plug PCs.",https://plugpcs.com/p/lenovo/legion-5a-gen-11-amd-15-with-up-to-rtx-5060-83q7cto1wwus3,,,laptops,83Q7CTO1WWUS3,specified,https://schema.org/InStock,https://www.lenovo.com/us/en/p/laptops/legion-laptops/legion-series/legion-5a-gen-11-15-inch-amd/83q7cto1wwus3
"Legion 5a Gen 11 AMD (15"") with up to RTX 5070",Lenovo,1612.01,USD,16,512,specified,AMD Ryzen 7 250,NVIDIA GeForce RTX 5070,NVIDIA,Lenovo,AMD,InStock,"Legion 5a Gen 11 AMD (15"") with up to RTX 5070, Laptops. AMD Ryzen 7 250 · 16 GB RAM · 512 GB · NVIDIA GeForce RTX 5070 · from $1,612.01. Specs, configurations, and where to buy on Plug PCs.",https://plugpcs.com/p/lenovo/legion-5a-gen-11-amd-15-with-up-to-rtx-5060,,,laptops,83Q7CTO1WWUS1,specified,https://schema.org/InStock,https://www.lenovo.com/us/en/p/laptops/legion-laptops/legion-series/legion-5a-gen-11-15-inch-amd/83q7cto1wwus1
"Legion 5i Gen 10 Intel (15"") with RTX 5060",Lenovo,1749.99,USD,16,512,specified,Intel Core Ultra 7 255HX,"NVIDIA GeForce RTX 5070 , , 128-bit, 115W",NVIDIA,Lenovo,Intel,InStock,"Legion 5i Gen 10 Intel (15"") with RTX 5060, Laptops. Intel Core Ultra 7 255HX · 16 GB RAM · 512 GB · NVIDIA GeForce RTX 5070 , , 128-bit, 115W · from $1,749.99. Specs, configurations, and where to buy on Plug PCs.",https://plugpcs.com/p/lenovo/legion-5i-gen-10-intel-15-with-rtx-5060,,,laptops,83F00005US,specified,https://schema.org/InStock,https://www.lenovo.com/us/en/p/laptops/legion-laptops/legion-series/lenovo-legion-5i-gen-10-15-inch-intel/83f00005us
"Legion 5i Gen 10 Intel (15"") with RTX 5070",Lenovo,2099.99,USD,16,1024,specified,Intel Core Ultra 7 255HX,"NVIDIA GeForce RTX 5070 , , 128-bit, 115W",NVIDIA,Lenovo,Intel,InStock,"Legion 5i Gen 10 Intel (15"") with RTX 5070, Laptops. Intel Core Ultra 7 255HX · 16 GB RAM · 1 TB · NVIDIA GeForce RTX 5070 , , 128-bit, 115W · from $2,099.99. Specs, configurations, and where to buy on Plug PCs.",https://plugpcs.com/p/lenovo/legion-5i-gen-10-intel-15-with-rtx-5070-83f00006us,,,laptops,83F00006US,specified,https://schema.org/InStock,https://www.lenovo.com/us/en/p/laptops/legion-laptops/legion-series/lenovo-legion-5i-gen-10-15-inch-intel/83f00006us
"Legion 5i Gen 10 Intel (15"") with RTX 5070",Lenovo,1855.81,USD,16,512,specified,Intel Core i9 14900HX,"NVIDIA GeForce RTX 5070 , , 128-bit, 115W",NVIDIA,Lenovo,Intel,InStock,"Legion 5i Gen 10 Intel (15"") with RTX 5070, Laptops. Intel Core i9 14900HX · 16 GB RAM · 512 GB · NVIDIA GeForce RTX 5070 , , 128-bit, 115W · from $1,855.81. Specs, configurations, and where to buy on Plug PCs.",https://plugpcs.com/p/lenovo/legion-5i-gen-10-intel-15-with-rtx-5070,,,laptops,83LYCTO1WWUS2,specified,https://schema.org/InStock,https://www.lenovo.com/us/en/p/laptops/legion-laptops/legion-series/lenovo-legion-5i-gen-10-15-inch-intel/83lycto1wwus2
"Legion 5i Gen 10 Intel (15"") with up to RTX 5070",Lenovo,2024.61,USD,16,512,specified,Intel Core Ultra 9 275HX,"NVIDIA GeForce RTX 5070 , , 128-bit, 115W",NVIDIA,Lenovo,Intel,InStock,"Legion 5i Gen 10 Intel (15"") with up to RTX 5070, Laptops. Intel Core Ultra 9 275HX · 16 GB RAM · 512 GB · NVIDIA GeForce RTX 5070 , , 128-bit, 115W · from $2,024.61. Specs, configurations, and where to buy on Plug PCs.",https://plugpcs.com/p/lenovo/legion-5i-gen-10-intel-15-with-up-to-rtx-5070,,,laptops,83F0CTO1WWUS2,specified,https://schema.org/InStock,https://www.lenovo.com/us/en/p/laptops/legion-laptops/legion-series/lenovo-legion-5i-gen-10-15-inch-intel/83f0cto1wwus2
"Legion 5i Gen 11 Intel (15"") with RTX 5060",Lenovo,1999.99,USD,16,1024,specified,Intel Core Ultra 7 251HX,NVIDIA GeForce RTX 5060,NVIDIA,Lenovo,Intel,InStock,"Legion 5i Gen 11 Intel (15"") with RTX 5060, Laptops. Intel Core Ultra 7 251HX · 16 GB RAM · 1 TB · NVIDIA GeForce RTX 5060 · from $1,999.99. Specs, configurations, and where to buy on Plug PCs.",https://plugpcs.com/p/lenovo/legion-5i-gen-11-intel-15-with-rtx-5060,,,laptops,83VK0003US,specified,https://schema.org/InStock,https://www.lenovo.com/us/en/p/laptops/legion-laptops/legion-series/legion-5i-gen-11-15-inch-intel-laptop/83vk0003us
"Legion 5i Gen 11 Intel (15"") with up to RTX 5070",Lenovo,1780.02,USD,16,512,specified,Intel Core Ultra 7 251HX,NVIDIA GeForce RTX 5060,NVIDIA,Lenovo,Intel,InStock,"Legion 5i Gen 11 Intel (15"") with up to RTX 5070, Laptops. Intel Core Ultra 7 251HX · 16 GB RAM · 512 GB · NVIDIA GeForce RTX 5060 · from $1,780.02. Specs, configurations, and where to buy on Plug PCs.",https://plugpcs.com/p/lenovo/legion-5i-gen-11-intel-15-with-up-to-rtx-5070,,,laptops,83VKCTO1WWUS1,specified,https://schema.org/InStock,https://www.lenovo.com/us/en/p/laptops/legion-laptops/legion-series/legion-5i-gen-11-15-inch-intel-laptop/83vkcto1wwus1
"Legion 7a Gen 11 AMD (15"")",Lenovo,1930.04,USD,32,1024,specified,AMD Ryzen AI Max+ 388,AMD Radeon 8060S,AMD,Lenovo,AMD,InStock,"Legion 7a Gen 11 AMD (15""), Laptops. AMD Ryzen AI Max+ 388 · 32 GB RAM · 1 TB · AMD Radeon 8060S · from $1,930.04. Specs, configurations, and where to buy on Plug PCs.",https://plugpcs.com/p/lenovo/legion-7a-gen-11-amd-15,,,laptops,83V9CTO1WWUS1,specified,https://schema.org/InStock,https://www.lenovo.com/us/en/p/laptops/legion-laptops/legion-series/lenovo-legion-7a-gen-11-15-inch-amd-gaming-laptop/83v9cto1wwus1
"Legion 7a Gen 11 AMD (15"")",Lenovo,2631.99,USD,32,1024,specified,AMD Ryzen AI Max+ 388,AMD Radeon 8060S,AMD,Lenovo,AMD,InStock,"Legion 7a Gen 11 AMD (15""), Laptops. AMD Ryzen AI Max+ 388 · 32 GB RAM · 1 TB · AMD Radeon 8060S · from $2,631.99. Specs, configurations, and where to buy on Plug PCs.",https://plugpcs.com/p/lenovo/legion-7a-gen-11-amd-15-83v9cto1wwus2,,,laptops,83V9CTO1WWUS2,specified,https://schema.org/InStock,https://www.lenovo.com/us/en/p/laptops/legion-laptops/legion-series/lenovo-legion-7a-gen-11-15-inch-amd-gaming-laptop/83v9cto1wwus2
"Legion 7a Gen 11 AMD (16"") with RTX 5060",Lenovo,2499.99,USD,32,1024,specified,AMD Ryzen AI 9 HX 470,NVIDIA RTX 5060 Laptop,NVIDIA,Lenovo,AMD,InStock,"Legion 7a Gen 11 AMD (16"") with RTX 5060, Laptops. AMD Ryzen AI 9 HX 470 · 32 GB RAM · 1 TB · NVIDIA RTX 5060 Laptop · from $2,499.99. Specs, configurations, and where to buy on Plug PCs.",https://plugpcs.com/p/lenovo/legion-7a-gen-11-amd-16-with-rtx-5060,,,laptops,83Q80003US,specified,https://schema.org/InStock,https://www.lenovo.com/us/en/p/laptops/legion-laptops/legion-series/legion-7-gen-11-16-inch-amd/83q80003us
"Legion 7a Gen 11 AMD (16"") with RTX 5060",Lenovo,2279.99,USD,32,1024,specified,AMD Ryzen AI 7 450,NVIDIA RTX 5060 Laptop,NVIDIA,Lenovo,AMD,InStock,"Legion 7a Gen 11 AMD (16"") with RTX 5060, Laptops. AMD Ryzen AI 7 450 · 32 GB RAM · 1 TB · NVIDIA RTX 5060 Laptop · from $2,279.99. Specs, configurations, and where to buy on Plug PCs.",https://plugpcs.com/p/lenovo/legion-7a-gen-11-amd-16-with-rtx-5060-83q8cto1wwus1,,,laptops,83Q8CTO1WWUS1,specified,https://schema.org/InStock,https://www.lenovo.com/us/en/p/laptops/legion-laptops/legion-series/legion-7-gen-11-16-inch-amd/83q8cto1wwus1
"Legion 7i Gen 10 Intel (16"") with RTX 5060",Lenovo,2119.99,USD,16,1024,specified,Intel Core Ultra 7 255HX,NVIDIA RTX 5060 Laptop,NVIDIA,Lenovo,Intel,InStock,"Legion 7i Gen 10 Intel (16"") with RTX 5060, Laptops. Intel Core Ultra 7 255HX · 16 GB RAM · 1 TB · NVIDIA RTX 5060 Laptop · from $2,119.99. Specs, configurations, and where to buy on Plug PCs.",https://plugpcs.com/p/lenovo/legion-7i-gen-10-intel-16-with-rtx-5060,,,laptops,83KY0008US,specified,https://schema.org/InStock,https://www.lenovo.com/us/en/p/laptops/legion-laptops/legion-series/lenovo-legion-7i-gen-10-16-inch-intel/83ky0008us
"Legion 7i Gen 10 Intel (16"") with RTX 5070",Lenovo,2630.11,USD,32,1024,specified,Intel Core Ultra 9 275HX,NVIDIA RTX 5060 Laptop,NVIDIA,Lenovo,Intel,InStock,"Legion 7i Gen 10 Intel (16"") with RTX 5070, Laptops. Intel Core Ultra 9 275HX · 32 GB RAM · 1 TB · NVIDIA RTX 5060 Laptop · from $2,630.11. Specs, configurations, and where to buy on Plug PCs.",https://plugpcs.com/p/lenovo/legion-7i-gen-10-intel-16-with-rtx-5070-83kycto1wwus2,,,laptops,83KYCTO1WWUS2,specified,https://schema.org/InStock,https://www.lenovo.com/us/en/p/laptops/legion-laptops/legion-series/lenovo-legion-7i-gen-10-16-inch-intel/83kycto1wwus2
"Legion 9i Gen 10 Intel (18"") with RTX 5080",Lenovo,4193.99,USD,32,1024,specified,Intel Core Ultra 9 275HX,NVIDIA GeForce RTX 5090,NVIDIA,Lenovo,Intel,InStock,"Legion 9i Gen 10 Intel (18"") with RTX 5080, Laptops. Intel Core Ultra 9 275HX · 32 GB RAM · 1 TB · NVIDIA GeForce RTX 5090 · from $4,193.99. Specs, configurations, and where to buy on Plug PCs.",https://plugpcs.com/p/lenovo/legion-9i-gen-10-intel-18-with-rtx-5080,,,laptops,83EY000WUS,specified,https://schema.org/InStock,https://www.lenovo.com/us/en/p/laptops/legion-laptops/legion-9-series/legion-9i-gen-10-18-inch-intel/83ey000wus
"Legion 9i Gen 10 Intel (18"") with RTX 5080",Lenovo,3979.86,USD,32,1024,specified,Intel Core Ultra 9 275HX,NVIDIA GeForce RTX 5090,NVIDIA,Lenovo,Intel,InStock,"Legion 9i Gen 10 Intel (18"") with RTX 5080, Laptops. Intel Core Ultra 9 275HX · 32 GB RAM · 1 TB · NVIDIA GeForce RTX 5090 · from $3,979.86. Specs, configurations, and where to buy on Plug PCs.",https://plugpcs.com/p/lenovo/legion-9i-gen-10-intel-18-with-rtx-5080-83eycto1wwus2,,,laptops,83EYCTO1WWUS2,specified,https://schema.org/InStock,https://www.lenovo.com/us/en/p/laptops/legion-laptops/legion-9-series/legion-9i-gen-10-18-inch-intel/83eycto1wwus2
"Legion 9i Gen 10 Intel (18"") with RTX 5090",Lenovo,6705.99,USD,64,4096,specified,Intel Core Ultra 9 275HX,NVIDIA GeForce RTX 5090,NVIDIA,Lenovo,Intel,InStock,"Legion 9i Gen 10 Intel (18"") with RTX 5090, Laptops. Intel Core Ultra 9 275HX · 64 GB RAM · 4 TB · NVIDIA GeForce RTX 5090 · from $6,705.99. Specs, configurations, and where to buy on Plug PCs.",https://plugpcs.com/p/lenovo/legion-9i-gen-10-intel-18-with-rtx-5090,,,laptops,83EY000XUS,specified,https://schema.org/InStock,https://www.lenovo.com/us/en/p/laptops/legion-laptops/legion-9-series/legion-9i-gen-10-18-inch-intel/83ey000xus
"Legion 9i Gen 10 Intel (18"") with up to RTX 5090",Lenovo,3979.86,USD,32,1024,specified,Intel Core Ultra 9 275HX,NVIDIA GeForce RTX 5090,NVIDIA,Lenovo,Intel,InStock,"Legion 9i Gen 10 Intel (18"") with up to RTX 5090, Laptops. Intel Core Ultra 9 275HX · 32 GB RAM · 1 TB · NVIDIA GeForce RTX 5090 · from $3,979.86. Specs, configurations, and where to buy on Plug PCs.",https://plugpcs.com/p/lenovo/legion-9i-gen-10-intel-18-with-up-to-rtx-5090,,,laptops,83EYCTO1WWUS1,specified,https://schema.org/InStock,https://www.lenovo.com/us/en/p/laptops/legion-laptops/legion-9-series/legion-9i-gen-10-18-inch-intel/83eycto1wwus1
"Legion Pro 5 Gen 10 AMD (16"") with RTX 5060",Lenovo,2199.99,USD,16,2048,specified,AMD Ryzen 9 9955HX,NVIDIA GeForce RTX 5070,NVIDIA,Lenovo,AMD,InStock,"Legion Pro 5 Gen 10 AMD (16"") with RTX 5060, Laptops. AMD Ryzen 9 9955HX · 16 GB RAM · 2 TB · NVIDIA GeForce RTX 5070 · from $2,199.99. Specs, configurations, and where to buy on Plug PCs.",https://plugpcs.com/p/lenovo/legion-pro-5-gen-10-amd-16-with-rtx-5060,,,laptops,83F20027US,specified,https://schema.org/InStock,https://www.lenovo.com/us/en/p/laptops/legion-laptops/legion-pro-series/legion-pro-5-gen-10-16-inch-amd/83f20027us
"Legion Pro 5 Gen 10 AMD (16"") with RTX 5070",Lenovo,2498.99,USD,32,1024,specified,AMD Ryzen 9 9955HX,NVIDIA GeForce RTX 5070,NVIDIA,Lenovo,AMD,InStock,"Legion Pro 5 Gen 10 AMD (16"") with RTX 5070, Laptops. AMD Ryzen 9 9955HX · 32 GB RAM · 1 TB · NVIDIA GeForce RTX 5070 · from $2,498.99. Specs, configurations, and where to buy on Plug PCs.",https://plugpcs.com/p/lenovo/legion-pro-5-gen-10-amd-16-with-rtx-5070,,,laptops,83F2002BUS,specified,https://schema.org/InStock,https://www.lenovo.com/us/en/p/laptops/legion-laptops/legion-pro-series/legion-pro-5-gen-10-16-inch-amd/83f2002bus
"Legion Pro 5 Gen 10 AMD (16"") with RTX 5070",Lenovo,2017.87,USD,16,1024,specified,AMD Ryzen 9 8945HX,NVIDIA GeForce RTX 5070,NVIDIA,Lenovo,AMD,InStock,"Legion Pro 5 Gen 10 AMD (16"") with RTX 5070, Laptops. AMD Ryzen 9 8945HX · 16 GB RAM · 1 TB · NVIDIA GeForce RTX 5070 · from $2,017.87. Specs, configurations, and where to buy on Plug PCs.",https://plugpcs.com/p/lenovo/legion-pro-5-gen-10-amd-16-with-up-to-rtx-5070-83ltcto1wwus2,,,laptops,83LTCTO1WWUS2,specified,https://schema.org/InStock,https://www.lenovo.com/us/en/p/laptops/legion-laptops/legion-pro-series/legion-pro-5-gen-10-16-inch-amd/83ltcto1wwus2
"Legion Pro 5 Gen 10 AMD (16"") with up to RTX 5070",Lenovo,1899.95,USD,16,512,specified,AMD Ryzen 9 9955HX,NVIDIA GeForce RTX 5070,NVIDIA,Lenovo,AMD,InStock,"Legion Pro 5 Gen 10 AMD (16"") with up to RTX 5070, Laptops. AMD Ryzen 9 9955HX · 16 GB RAM · 512 GB · NVIDIA GeForce RTX 5070 · from $1,899.95. Specs, configurations, and where to buy on Plug PCs.",https://plugpcs.com/p/lenovo/legion-pro-5-gen-10-amd-16-with-up-to-rtx-5070,,,laptops,83F2CTO1WWUS2,specified,https://schema.org/InStock,https://www.lenovo.com/us/en/p/laptops/legion-laptops/legion-pro-series/legion-pro-5-gen-10-16-inch-amd/83f2cto1wwus2
"Legion Pro 5i Gen 10 Intel (16"") with RTX 5060",Lenovo,1977.99,USD,16,1024,specified,Intel Core Ultra 7 251HX,NVIDIA GeForce RTX 5060,NVIDIA,Lenovo,Intel,InStock,"Legion Pro 5i Gen 10 Intel (16"") with RTX 5060, Laptops. Intel Core Ultra 7 251HX · 16 GB RAM · 1 TB · NVIDIA GeForce RTX 5060 · from $1,977.99. Specs, configurations, and where to buy on Plug PCs.",https://plugpcs.com/p/lenovo/legion-pro-5i-gen-10-intel-16-with-rtx-5060,,,laptops,83F300BAUS,specified,https://schema.org/InStock,https://www.lenovo.com/us/en/p/laptops/legion-laptops/legion-pro-series/legion-pro-5i-gen-10-16-inch-intel/83f300baus
"Legion Pro 5i Gen 10 Intel (16"") with RTX 5060",Lenovo,1799.99,USD,16,1024,specified,Intel Core i7 14650HX,NVIDIA GeForce RTX 5060,NVIDIA,Lenovo,Intel,InStock,"Legion Pro 5i Gen 10 Intel (16"") with RTX 5060, Laptops. Intel Core i7 14650HX · 16 GB RAM · 1 TB · NVIDIA GeForce RTX 5060 · from $1,799.99. Specs, configurations, and where to buy on Plug PCs.",https://plugpcs.com/p/lenovo/legion-pro-5i-gen-10-intel-16-with-rtx-5060-83nn0039us,,,laptops,83NN0039US,specified,https://schema.org/InStock,https://www.lenovo.com/us/en/p/laptops/legion-laptops/legion-pro-series/legion-pro-5i-gen-10-16-inch-intel/83nn0039us
"Legion Pro 5i Gen 10 Intel (16"") with RTX 5070",Lenovo,2513.99,USD,32,1024,specified,Intel Core Ultra 7 251HX,NVIDIA GeForce RTX 5060,NVIDIA,Lenovo,Intel,InStock,"Legion Pro 5i Gen 10 Intel (16"") with RTX 5070, Laptops. Intel Core Ultra 7 251HX · 32 GB RAM · 1 TB · NVIDIA GeForce RTX 5060 · from $2,513.99. Specs, configurations, and where to buy on Plug PCs.",https://plugpcs.com/p/lenovo/legion-pro-5i-gen-10-intel-16-with-rtx-5070-83f300bbus,,,laptops,83F300BBUS,specified,https://schema.org/InStock,https://www.lenovo.com/us/en/p/laptops/legion-laptops/legion-pro-series/legion-pro-5i-gen-10-16-inch-intel/83f300bbus
"Legion Pro 5i Gen 10 Intel (16"") with RTX 5070 Ti",Lenovo,2579.99,USD,16,1024,specified,Intel Core Ultra 7 251HX,NVIDIA GeForce RTX 5060,NVIDIA,Lenovo,Intel,InStock,"Legion Pro 5i Gen 10 Intel (16"") with RTX 5070 Ti, Laptops. Intel Core Ultra 7 251HX · 16 GB RAM · 1 TB · NVIDIA GeForce RTX 5060 · from $2,579.99. Specs, configurations, and where to buy on Plug PCs.",https://plugpcs.com/p/lenovo/legion-pro-5i-gen-10-intel-16-with-rtx-5070-ti-83lu004wus,,,laptops,83LU004WUS,specified,https://schema.org/InStock,https://www.lenovo.com/us/en/p/laptops/legion-laptops/legion-pro-series/legion-pro-5i-gen-10-16-inch-intel/83lu004wus
"Legion Pro 5i Gen 10 Intel (16"") with RTX 5070 Ti",Lenovo,2549.96,USD,16,1024,specified,Intel Core Ultra 9 275HX,NVIDIA GeForce RTX 5060,NVIDIA,Lenovo,Intel,InStock,"Legion Pro 5i Gen 10 Intel (16"") with RTX 5070 Ti, Laptops. Intel Core Ultra 9 275HX · 16 GB RAM · 1 TB · NVIDIA GeForce RTX 5060 · from $2,549.96. Specs, configurations, and where to buy on Plug PCs.",https://plugpcs.com/p/lenovo/legion-pro-5i-gen-10-intel-16-with-rtx-5070-ti-83lucto1wwus2,,,laptops,83LUCTO1WWUS2,specified,https://schema.org/InStock,https://www.lenovo.com/us/en/p/laptops/legion-laptops/legion-pro-series/legion-pro-5i-gen-10-16-inch-intel/83lucto1wwus2
"Legion Pro 5i Gen 10 Intel (16"") with up to RTX 5070",Lenovo,2170.1,USD,16,1024,specified,Intel Core Ultra 7 255HX,NVIDIA GeForce RTX 5060,NVIDIA,Lenovo,Intel,InStock,"Legion Pro 5i Gen 10 Intel (16"") with up to RTX 5070, Laptops. Intel Core Ultra 7 255HX · 16 GB RAM · 1 TB · NVIDIA GeForce RTX 5060 · from $2,170.10. Specs, configurations, and where to buy on Plug PCs.",https://plugpcs.com/p/lenovo/legion-pro-5i-gen-10-intel-16-with-up-to-rtx-5070,,,laptops,83F3CTO1WWUS2,specified,https://schema.org/InStock,https://www.lenovo.com/us/en/p/laptops/legion-laptops/legion-pro-series/legion-pro-5i-gen-10-16-inch-intel/83f3cto1wwus2
"Legion Pro 7 Gen 10 AMD (16"") with RTX 5070 Ti",Lenovo,3099.99,USD,32,2048,specified,AMD Ryzen 9 9955HX,NVIDIA GeForce RTX 5080,NVIDIA,Lenovo,AMD,InStock,"Legion Pro 7 Gen 10 AMD (16"") with RTX 5070 Ti, Laptops. AMD Ryzen 9 9955HX · 32 GB RAM · 2 TB · NVIDIA GeForce RTX 5080 · from $3,099.99. Specs, configurations, and where to buy on Plug PCs.",https://plugpcs.com/p/lenovo/legion-pro-7-gen-10-amd-16-with-rtx-5070-ti,,,laptops,83RU0002US,specified,https://schema.org/InStock,https://www.lenovo.com/us/en/p/laptops/legion-laptops/legion-pro-series/legion-pro-7-gen-10-16-inch-amd/83ru0002us
"Legion Pro 7 Gen 10 AMD (16"") with Up to RTX 5080",Lenovo,3489.89,USD,64,1024,specified,AMD Ryzen 9 9955HX,NVIDIA GeForce RTX 5080,NVIDIA,Lenovo,AMD,InStock,"Legion Pro 7 Gen 10 AMD (16"") with Up to RTX 5080, Laptops. AMD Ryzen 9 9955HX · 64 GB RAM · 1 TB · NVIDIA GeForce RTX 5080 · from $3,489.89. Specs, configurations, and where to buy on Plug PCs.",https://plugpcs.com/p/lenovo/legion-pro-7-gen-10-amd-16-with-up-to-rtx-5080,,,laptops,83RUCTO1WWUS1,specified,https://schema.org/InStock,https://www.lenovo.com/us/en/p/laptops/legion-laptops/legion-pro-series/legion-pro-7-gen-10-16-inch-amd/83ructo1wwus1
"Legion Pro 7i Gen 10 Intel (16"") with RTX 5080",Lenovo,4585.99,USD,32,2048,specified,Intel Core Ultra 9 275HX,"NVIDIA GeForce RTX 5070 Ti , , 192-bit, 140W including 25W boost, Up to 992 AI TOPS, 5888 CUDA Cores NVIDIA GeForce RTX 5080 , , 256-bit, 175W including 25W boost, up to 1334 AI TOPS, 7680 CUDA Cores NVIDIA GeForce RTX 5090 , , 256-bit, 175W including 25W boost, up to 1824 AI TOPS, 10496 CUDA Cores",NVIDIA,Lenovo,Intel,InStock,"Legion Pro 7i Gen 10 Intel (16"") with RTX 5080, Laptops. Intel Core Ultra 9 275HX · 32 GB RAM · 2 TB · NVIDIA GeForce RTX 5070 Ti , , 192-bit, 140W including 25W boost, Up to 992 AI TOPS, 5888 CUDA Cores NVIDIA GeForce RTX 5080 , , 256-bit, 175W including 25W boost, up to 1334 AI TOPS, 7680 CUDA Cores NVIDIA GeForce RTX 5090 , , 256-bit, 175W including 25W boost, up to 1824 AI TOPS, 10496 CUDA Cores · from $4,585.99. Specs, configurations, and where to buy on Plug PCs.",https://plugpcs.com/p/lenovo/legion-pro-7i-gen-10-intel-16-with-rtx-5080,,,laptops,83F50014US,specified,https://schema.org/InStock,https://www.lenovo.com/us/en/p/laptops/legion-laptops/legion-pro-series/legion-pro-7i-gen-10-16-inch-intel/83f50014us
"Legion Pro 7i Gen 10 Intel (16"") with RTX 5080",Lenovo,3748.99,USD,32,1024,specified,Intel Core Ultra 9 275HX,"NVIDIA GeForce RTX 5070 Ti , , 192-bit, 140W including 25W boost, Up to 992 AI TOPS, 5888 CUDA Cores NVIDIA GeForce RTX 5080 , , 256-bit, 175W including 25W boost, up to 1334 AI TOPS, 7680 CUDA Cores NVIDIA GeForce RTX 5090 , , 256-bit, 175W including 25W boost, up to 1824 AI TOPS, 10496 CUDA Cores",NVIDIA,Lenovo,Intel,InStock,"Legion Pro 7i Gen 10 Intel (16"") with RTX 5080, Laptops. Intel Core Ultra 9 275HX · 32 GB RAM · 1 TB · NVIDIA GeForce RTX 5070 Ti , , 192-bit, 140W including 25W boost, Up to 992 AI TOPS, 5888 CUDA Cores NVIDIA GeForce RTX 5080 , , 256-bit, 175W including 25W boost, up to 1334 AI TOPS, 7680 CUDA Cores NVIDIA GeForce RTX 5090 , , 256-bit, 175W including 25W boost, up to 1824 AI TOPS, 10496 CUDA Cores · from $3,748.99. Specs, configurations, and where to buy on Plug PCs.",https://plugpcs.com/p/lenovo/legion-pro-7i-gen-10-intel-16-with-rtx-5080-83f50080us,,,laptops,83F50080US,specified,https://schema.org/InStock,https://www.lenovo.com/us/en/p/laptops/legion-laptops/legion-pro-series/legion-pro-7i-gen-10-16-inch-intel/83f50080us
"Legion Pro 7i Gen 10 Intel (16"") with RTX 5080",Lenovo,3899.99,USD,32,2048,specified,Intel Core Ultra 9 275HX,"NVIDIA GeForce RTX 5070 Ti , , 192-bit, 140W including 25W boost, Up to 992 AI TOPS, 5888 CUDA Cores NVIDIA GeForce RTX 5080 , , 256-bit, 175W including 25W boost, up to 1334 AI TOPS, 7680 CUDA Cores NVIDIA GeForce RTX 5090 , , 256-bit, 175W including 25W boost, up to 1824 AI TOPS, 10496 CUDA Cores",NVIDIA,Lenovo,Intel,InStock,"Legion Pro 7i Gen 10 Intel (16"") with RTX 5080, Laptops. Intel Core Ultra 9 275HX · 32 GB RAM · 2 TB · NVIDIA GeForce RTX 5070 Ti , , 192-bit, 140W including 25W boost, Up to 992 AI TOPS, 5888 CUDA Cores NVIDIA GeForce RTX 5080 , , 256-bit, 175W including 25W boost, up to 1334 AI TOPS, 7680 CUDA Cores NVIDIA GeForce RTX 5090 , , 256-bit, 175W including 25W boost, up to 1824 AI TOPS, 10496 CUDA Cores · from $3,899.99. Specs, configurations, and where to buy on Plug PCs.",https://plugpcs.com/p/lenovo/legion-pro-7i-gen-10-intel-16-with-rtx-5080-83f500jsus,,,laptops,83F500JSUS,specified,https://schema.org/InStock,https://www.lenovo.com/us/en/p/laptops/legion-laptops/legion-pro-series/legion-pro-7i-gen-10-16-inch-intel/83f500jsus
"Legion Pro 7i Gen 10 Intel (16"") with RTX 5080",Lenovo,3799.99,USD,32,1024,specified,Intel Core Ultra 9 290HX,"NVIDIA GeForce RTX 5070 Ti , , 192-bit, 140W including 25W boost, Up to 992 AI TOPS, 5888 CUDA Cores NVIDIA GeForce RTX 5080 , , 256-bit, 175W including 25W boost, up to 1334 AI TOPS, 7680 CUDA Cores NVIDIA GeForce RTX 5090 , , 256-bit, 175W including 25W boost, up to 1824 AI TOPS, 10496 CUDA Cores",NVIDIA,Lenovo,Intel,InStock,"Legion Pro 7i Gen 10 Intel (16"") with RTX 5080, Laptops. Intel Core Ultra 9 290HX · 32 GB RAM · 1 TB · NVIDIA GeForce RTX 5070 Ti , , 192-bit, 140W including 25W boost, Up to 992 AI TOPS, 5888 CUDA Cores NVIDIA GeForce RTX 5080 , , 256-bit, 175W including 25W boost, up to 1334 AI TOPS, 7680 CUDA Cores NVIDIA GeForce RTX 5090 , , 256-bit, 175W including 25W boost, up to 1824 AI TOPS, 10496 CUDA Cores · from $3,799.99. Specs, configurations, and where to buy on Plug PCs.",https://plugpcs.com/p/lenovo/legion-pro-7i-gen-10-intel-16-with-rtx-5080-83f500m0us,,,laptops,83F500M0US,specified,https://schema.org/InStock,https://www.lenovo.com/us/en/p/laptops/legion-laptops/legion-pro-series/legion-pro-7i-gen-10-16-inch-intel/83f500m0us
"Legion Pro 7i Gen 10 Intel (16"") with RTX 5080",Lenovo,5632.99,USD,32,2048,specified,Intel Core Ultra 9 290HX,"NVIDIA GeForce RTX 5070 Ti , , 192-bit, 140W including 25W boost, Up to 992 AI TOPS, 5888 CUDA Cores NVIDIA GeForce RTX 5080 , , 256-bit, 175W including 25W boost, up to 1334 AI TOPS, 7680 CUDA Cores NVIDIA GeForce RTX 5090 , , 256-bit, 175W including 25W boost, up to 1824 AI TOPS, 10496 CUDA Cores",NVIDIA,Lenovo,Intel,InStock,"Legion Pro 7i Gen 10 Intel (16"") with RTX 5080, Laptops. Intel Core Ultra 9 290HX · 32 GB RAM · 2 TB · NVIDIA GeForce RTX 5070 Ti , , 192-bit, 140W including 25W boost, Up to 992 AI TOPS, 5888 CUDA Cores NVIDIA GeForce RTX 5080 , , 256-bit, 175W including 25W boost, up to 1334 AI TOPS, 7680 CUDA Cores NVIDIA GeForce RTX 5090 , , 256-bit, 175W including 25W boost, up to 1824 AI TOPS, 10496 CUDA Cores · from $5,632.99. Specs, configurations, and where to buy on Plug PCs.",https://plugpcs.com/p/lenovo/legion-pro-7i-gen-10-intel-16-with-rtx-5080-83f500m2us,,,laptops,83F500M2US,specified,https://schema.org/InStock,https://www.lenovo.com/us/en/p/laptops/legion-laptops/legion-pro-series/legion-pro-7i-gen-10-16-inch-intel/83f500m2us
"Legion Pro 7i Gen 10 Intel (16"") with RTX 5080",Lenovo,5020.99,USD,32,1024,specified,Intel Core Ultra 9 290HX,"NVIDIA GeForce RTX 5070 Ti , , 192-bit, 140W including 25W boost, Up to 992 AI TOPS, 5888 CUDA Cores NVIDIA GeForce RTX 5080 , , 256-bit, 175W including 25W boost, up to 1334 AI TOPS, 7680 CUDA Cores NVIDIA GeForce RTX 5090 , , 256-bit, 175W including 25W boost, up to 1824 AI TOPS, 10496 CUDA Cores",NVIDIA,Lenovo,Intel,InStock,"Legion Pro 7i Gen 10 Intel (16"") with RTX 5080, Laptops. Intel Core Ultra 9 290HX · 32 GB RAM · 1 TB · NVIDIA GeForce RTX 5070 Ti , , 192-bit, 140W including 25W boost, Up to 992 AI TOPS, 5888 CUDA Cores NVIDIA GeForce RTX 5080 , , 256-bit, 175W including 25W boost, up to 1334 AI TOPS, 7680 CUDA Cores NVIDIA GeForce RTX 5090 , , 256-bit, 175W including 25W boost, up to 1824 AI TOPS, 10496 CUDA Cores · from $5,020.99. Specs, configurations, and where to buy on Plug PCs.",https://plugpcs.com/p/lenovo/legion-pro-7i-gen-10-intel-16-with-rtx-5080-83f500rdus,,,laptops,83F500RDUS,specified,https://schema.org/InStock,https://www.lenovo.com/us/en/p/laptops/legion-laptops/legion-pro-series/legion-pro-7i-gen-10-16-inch-intel/83f500rdus
"Legion Pro 7i Gen 10 Intel (16"") with up to RTX 5080",Lenovo,3279.99,USD,32,1024,specified,Intel Core Ultra 9 275HX,"NVIDIA GeForce RTX 5070 Ti , , 192-bit, 140W including 25W boost, Up to 992 AI TOPS, 5888 CUDA Cores NVIDIA GeForce RTX 5080 , , 256-bit, 175W including 25W boost, up to 1334 AI TOPS, 7680 CUDA Cores NVIDIA GeForce RTX 5090 , , 256-bit, 175W including 25W boost, up to 1824 AI TOPS, 10496 CUDA Cores",NVIDIA,Lenovo,Intel,InStock,"Legion Pro 7i Gen 10 Intel (16"") with up to RTX 5080, Laptops. Intel Core Ultra 9 275HX · 32 GB RAM · 1 TB · NVIDIA GeForce RTX 5070 Ti , , 192-bit, 140W including 25W boost, Up to 992 AI TOPS, 5888 CUDA Cores NVIDIA GeForce RTX 5080 , , 256-bit, 175W including 25W boost, up to 1334 AI TOPS, 7680 CUDA Cores NVIDIA GeForce RTX 5090 , , 256-bit, 175W including 25W boost, up to 1824 AI TOPS, 10496 CUDA Cores · from $3,279.99. Specs, configurations, and where to buy on Plug PCs.",https://plugpcs.com/p/lenovo/legion-pro-7i-gen-10-intel-16-with-up-to-rtx-5090-83f5cto1wwus2,,,laptops,83F5CTO1WWUS2,specified,https://schema.org/InStock,https://www.lenovo.com/us/en/p/laptops/legion-laptops/legion-pro-series/legion-pro-7i-gen-10-16-inch-intel/83f5cto1wwus2
"Legion Pro 7i Gen 10 Intel (16"") with up to RTX 5090",Lenovo,3286.14,USD,32,1024,specified,Intel Core Ultra 9 275HX,"NVIDIA GeForce RTX 5070 Ti , , 192-bit, 140W including 25W boost, Up to 992 AI TOPS, 5888 CUDA Cores NVIDIA GeForce RTX 5080 , , 256-bit, 175W including 25W boost, up to 1334 AI TOPS, 7680 CUDA Cores NVIDIA GeForce RTX 5090 , , 256-bit, 175W including 25W boost, up to 1824 AI TOPS, 10496 CUDA Cores",NVIDIA,Lenovo,Intel,InStock,"Legion Pro 7i Gen 10 Intel (16"") with up to RTX 5090, Laptops. Intel Core Ultra 9 275HX · 32 GB RAM · 1 TB · NVIDIA GeForce RTX 5070 Ti , , 192-bit, 140W including 25W boost, Up to 992 AI TOPS, 5888 CUDA Cores NVIDIA GeForce RTX 5080 , , 256-bit, 175W including 25W boost, up to 1334 AI TOPS, 7680 CUDA Cores NVIDIA GeForce RTX 5090 , , 256-bit, 175W including 25W boost, up to 1824 AI TOPS, 10496 CUDA Cores · from $3,286.14. Specs, configurations, and where to buy on Plug PCs.",https://plugpcs.com/p/lenovo/legion-pro-7i-gen-10-intel-16-with-up-to-rtx-5090-83f5cto1wwus3,,,laptops,83F5CTO1WWUS3,specified,https://schema.org/InStock,https://www.lenovo.com/us/en/p/laptops/legion-laptops/legion-pro-series/legion-pro-7i-gen-10-16-inch-intel/83f5cto1wwus3
Lemur Pro,System76,1999,USD,32,4096,specified,Intel Core Ultra 5 325,Intel Arc B390,Intel,System76,Intel,InStock,"Lemur Pro, Laptops. Intel Core Ultra 5 325 · 32 GB RAM · 4 TB · Intel Arc B390 · from $1,999. Specs, configurations, and where to buy on Plug PCs.",https://plugpcs.com/p/system76/lemur-pro,,,laptops,,specified,https://schema.org/InStock,https://system76.com/laptops/lemur-pro
"Lenovo Pro 9i Aura Edition (16"" Intel)",Lenovo,2939.99,USD,32,1024,specified,Intel Core Ultra 9 386H,NVIDIA RTX 5070 Laptop,NVIDIA,Lenovo,Intel,InStock,"Lenovo Pro 9i Aura Edition (16"" Intel), Laptops. Intel Core Ultra 9 386H · 32 GB RAM · 1 TB · NVIDIA RTX 5070 Laptop · from $2,939.99. Specs, configurations, and where to buy on Plug PCs.",https://plugpcs.com/p/lenovo/lenovo-pro-9i-aura-edition-16-intel-83u9cto1wwus2,,,laptops,83U9CTO1WWUS2,specified,https://schema.org/InStock,https://www.lenovo.com/us/en/p/laptops/yoga/yoga-pro-series/lenovo-pro-9i-gen-11-aura-edition-16-inch-intel/83u9cto1wwus2
"Lenovo Slim 7i Aura Edition (14"" Intel)",Lenovo,1099.99,USD,16,1024,specified,Intel Core Ultra 5 226V,Intel Arc 130V,Intel,Lenovo,Intel,InStock,"Lenovo Slim 7i Aura Edition (14"" Intel), Laptops. Intel Core Ultra 5 226V · 16 GB RAM · 1 TB · Intel Arc 130V · from $1,099.99. Specs, configurations, and where to buy on Plug PCs.",https://plugpcs.com/p/lenovo/lenovo-slim-7i-aura-edition-14-intel,,,laptops,83MC0000US,specified,https://schema.org/InStock,https://www.lenovo.com/us/en/p/laptops/lenovo/lenovo_slim_series/lenovo-slim-7i-gen-10-aura-edition-14-inch-intel/83mc0000us
"Lenovo Slim 7i Aura Edition (14"" Intel)",Lenovo,1689.99,USD,16,512,specified,Intel Core Ultra 5 226V,,Unknown,Lenovo,Intel,InStock,"Lenovo Slim 7i Aura Edition (14"" Intel), Laptops. Intel Core Ultra 5 226V · 16 GB RAM · 512 GB · from $1,689.99. Specs, configurations, and where to buy on Plug PCs.",https://plugpcs.com/p/lenovo/lenovo-slim-7i-aura-edition-14-intel-83mccto1wwus2,,,laptops,83MCCTO1WWUS2,specified,https://schema.org/InStock,https://www.lenovo.com/us/en/p/laptops/lenovo/lenovo_slim_series/lenovo-slim-7i-gen-10-aura-edition-14-inch-intel/83mccto1wwus2
"Lenovo Slim 7i Aura Edition (14"" Intel)",Lenovo,1499.99,USD,16,512,specified,Intel Core Ultra 7 355,,Unknown,Lenovo,Intel,InStock,"Lenovo Slim 7i Aura Edition (14"" Intel), Laptops. Intel Core Ultra 7 355 · 16 GB RAM · 512 GB · from $1,499.99. Specs, configurations, and where to buy on Plug PCs.",https://plugpcs.com/p/lenovo/lenovo-slim-7i-aura-edition-14-intel-83qncto1wwus2,,,laptops,83QNCTO1WWUS2,specified,https://schema.org/InStock,https://www.lenovo.com/us/en/p/laptops/lenovo/lenovo_slim_series/lenovo-slim-7i-gen-11-aura-edition-14-inch-intel/83qncto1wwus2
"Lenovo Slim 7i Aura Edition (14"" Intel) - Seashell",Lenovo,1749.99,USD,16,512,specified,Intel Core Ultra 7 355,,Unknown,Lenovo,Intel,InStock,"Lenovo Slim 7i Aura Edition (14"" Intel) - Seashell, Laptops. Intel Core Ultra 7 355 · 16 GB RAM · 512 GB · from $1,749.99. Specs, configurations, and where to buy on Plug PCs.",https://plugpcs.com/p/lenovo/lenovo-slim-7i-aura-edition-14-intel-seashell,,,laptops,83QN0005US,specified,https://schema.org/InStock,https://www.lenovo.com/us/en/p/laptops/lenovo/lenovo_slim_series/lenovo-slim-7i-gen-11-aura-edition-14-inch-intel/83qn0005us
"LG gram 14 Inch Copilot+ PC, Windows 11 Home, Lightweight Dual AI Laptop",LG,2799.99,USD,32,1024,specified,Intel Core Ultra 7 355,Intel Graphics,Intel,LG,Intel,InStock,"LG gram 14 Inch Copilot+ PC, Windows 11 Home, Lightweight Dual AI Laptop, Laptops. Intel Core Ultra 7 355 · 32 GB RAM · 1 TB · Intel Graphics · from $2,799.99. Specs, configurations, and where to buy on Plug PCs.",https://plugpcs.com/p/lg/lg-gram-14-inch-copilot-pc-windows-11-home-lightweight-dual-ai-laptop-14z90u-g-au87u1,,,laptops,,specified,https://schema.org/InStock,https://www.lg.com/us/laptops/lg-14z90u-g.au87u1-gram-laptop
"LG gram 14 Inch Copilot+ PC, Windows 11 Home, Lightweight Dual AI Laptop",LG,2349.99,USD,16,1024,specified,AMD Ryzen AI 7 450,AMD Radeon Graphics,AMD,LG,AMD,InStock,"LG gram 14 Inch Copilot+ PC, Windows 11 Home, Lightweight Dual AI Laptop, Laptops. AMD Ryzen AI 7 450 · 16 GB RAM · 1 TB · AMD Radeon Graphics · from $2,349.99. Specs, configurations, and where to buy on Plug PCs.",https://plugpcs.com/p/lg/lg-gram-14-inch-copilot-pc-windows-11-home-lightweight-dual-ai-laptop-amd-ryzen-14z95u-g-a,,,laptops,,specified,https://schema.org/InStock,https://www.lg.com/us/laptops/lg-14z95u-g.au76u1-gram-laptop
"LG gram 14 Inch Copilot+ PC, Windows 11 Home, Lightweight Dual AI Laptop",LG,2549.99,USD,32,1024,specified,AMD Ryzen AI 7 450,AMD Radeon Graphics,AMD,LG,AMD,InStock,"LG gram 14 Inch Copilot+ PC, Windows 11 Home, Lightweight Dual AI Laptop, Laptops. AMD Ryzen AI 7 450 · 32 GB RAM · 1 TB · AMD Radeon Graphics · from $2,549.99. Specs, configurations, and where to buy on Plug PCs.",https://plugpcs.com/p/lg/lg-gram-14-inch-copilot-pc-windows-11-home-lightweight-dual-ai-laptop-amd-ryzen-14z95u-g-a-2,,,laptops,,specified,https://schema.org/InStock,https://www.lg.com/us/laptops/lg-14z95u-g.au86u1-gram-laptop
"LG gram 15 Inch Copilot+ PC, Windows 11 Home, Lightweight Dual AI Touchscreen Laptop",LG,2549.99,USD,16,1024,specified,Intel Core Ultra 5 325,Intel Graphics,Intel,LG,Intel,InStock,"LG gram 15 Inch Copilot+ PC, Windows 11 Home, Lightweight Dual AI Touchscreen Laptop, Laptops. Intel Core Ultra 5 325 · 16 GB RAM · 1 TB · Intel Graphics · from $2,549.99. Specs, configurations, and where to buy on Plug PCs.",https://plugpcs.com/p/lg/lg-gram-15-inch-copilot-pc-windows-11-home-lightweight-dual-ai-touchscreen-lapto,,,laptops,,specified,https://schema.org/InStock,https://www.lg.com/us/laptops/lg-15z90u-h.as57u1-gram-laptop
"LG gram 15 Inch Copilot+ PC, Windows 11 Home, Lightweight Dual AI Touchscreen Laptop",LG,3099.99,USD,32,1024,specified,Intel Core Ultra 7 355,Intel Graphics,Intel,LG,Intel,InStock,"LG gram 15 Inch Copilot+ PC, Windows 11 Home, Lightweight Dual AI Touchscreen Laptop, Laptops. Intel Core Ultra 7 355 · 32 GB RAM · 1 TB · Intel Graphics · from $3,099.99. Specs, configurations, and where to buy on Plug PCs.",https://plugpcs.com/p/lg/lg-gram-15-inch-copilot-pc-windows-11-home-lightweight-dual-ai-touchscreen-lapto-15z90u-h,,,laptops,,specified,https://schema.org/InStock,https://www.lg.com/us/laptops/lg-15z90u-h.au87u1-gram-laptop
"LG gram 15 Inch Copilot+ PC, Windows 11 Home, Lightweight Dual AI Touchscreen Laptop",LG,2299.99,USD,32,1024,specified,AMD Ryzen AI 7 445,AMD Radeon Graphics,AMD,LG,AMD,InStock,"LG gram 15 Inch Copilot+ PC, Windows 11 Home, Lightweight Dual AI Touchscreen Laptop, Laptops. AMD Ryzen AI 7 445 · 32 GB RAM · 1 TB · AMD Radeon Graphics · from $2,299.99. Specs, configurations, and where to buy on Plug PCs.",https://plugpcs.com/p/lg/lg-gram-15-inch-copilot-pc-windows-11-home-lightweight-dual-ai-touchscreen-lapto-15z95u-h,,,laptops,,specified,https://schema.org/InStock,https://www.lg.com/us/laptops/lg-15z95u-h.au87u1-gram-laptop
"LG gram 16 Inch Lightweight Laptop, Intel Evo Edition",LG,3149.99,USD,32,2048,specified,Intel Core Ultra 7 155H,Intel Arc Graphics,Intel,LG,Intel,InStock,"LG gram 16 Inch Lightweight Laptop, Intel Evo Edition, Laptops. Intel Core Ultra 7 155H · 32 GB RAM · 2 TB · Intel Arc Graphics · from $3,149.99. Specs, configurations, and where to buy on Plug PCs.",https://plugpcs.com/p/lg/lg-gram-16-inch-lightweight-laptop-intel-evo-edition-ai-enabled-intel-core-ultra,,,laptops,,specified,https://schema.org/InStock,https://www.lg.com/us/laptops/lg-16z90s-h.adb9u1-gram-laptop
"LG gram 17 Inch, Copilot+ PC, Thin and Lightweight Laptop, Windows 11 Home, Intel Evo Edition",LG,1499.99,USD,32,1024,specified,Intel Core Ultra 7 258V,Intel Arc Graphics,Intel,LG,Intel,InStock,"LG gram 17 Inch, Copilot+ PC, Thin and Lightweight Laptop, Windows 11 Home, Intel Evo Edition, Laptops. Intel Core Ultra 7 258V · 32 GB RAM · 1 TB · Intel Arc Graphics · from $1,499.99. Specs, configurations, and where to buy on Plug PCs.",https://plugpcs.com/p/lg/lg-gram-17-inch-copilot-pc-thin-and-lightweight-laptop-windows-11-home-intel-evo,,,laptops,,specified,https://schema.org/InStock,https://www.lg.com/us/laptops/lg-17z90tl-h.aub6u3-gram-laptop
"LG gram Book 15 Inch, Windows 11 Home, Laptop",LG,999.99,USD,8,512,specified,Intel Core Ultra 5 115U,Intel Graphics,Intel,LG,Intel,InStock,"LG gram Book 15 Inch, Windows 11 Home, Laptop, Laptops. Intel Core Ultra 5 115U · 8 GB RAM · 512 GB · Intel Graphics · from $999.99. Specs, configurations, and where to buy on Plug PCs.",https://plugpcs.com/p/lg/lg-gram-book-15-inch-windows-11-home-laptop,,,laptops,,specified,https://schema.org/InStock,https://www.lg.com/us/laptops/lg-15u50u-g.ar55u1-gram-laptop
"LG gram Book 15 Inch, Windows 11 Home, Touchscreen Laptop",LG,1649.99,USD,16,1024,specified,Intel Core Ultra 5 115U,Intel Graphics,Intel,LG,Intel,InStock,"LG gram Book 15 Inch, Windows 11 Home, Touchscreen Laptop, Laptops. Intel Core Ultra 5 115U · 16 GB RAM · 1 TB · Intel Graphics · from $1,649.99. Specs, configurations, and where to buy on Plug PCs.",https://plugpcs.com/p/lg/lg-gram-book-15-inch-windows-11-home-touchscreen-laptop-intel-core-ultra-5-16gb,,,laptops,,specified,https://schema.org/InStock,https://www.lg.com/us/laptops/lg-15u50u-h.aa57u1-gram-laptop
"LG gram Book 15 Inch, Windows 11 Home, Touchscreen Laptop",LG,799.99,USD,8,512,specified,Intel Core Ultra 5 115U,Intel Graphics,Intel,LG,Intel,InStock,"LG gram Book 15 Inch, Windows 11 Home, Touchscreen Laptop, Laptops. Intel Core Ultra 5 115U · 8 GB RAM · 512 GB · Intel Graphics · from $799.99. Specs, configurations, and where to buy on Plug PCs.",https://plugpcs.com/p/lg/lg-gram-book-15-inch-windows-11-home-touchscreen-laptop-intel-core-ultra-5-8gb-r,,,laptops,,specified,https://schema.org/InStock,https://www.lg.com/us/laptops/lg-15u50u-h.ar55u1-gram-laptop
"LG gram Book 16 Inch Copilot+ PC, Windows 11 Home, Dual AI Touchscreen Laptop",LG,1549.99,USD,16,1024,specified,AMD Ryzen AI 7 445,AMD Radeon Graphics,AMD,LG,AMD,InStock,"LG gram Book 16 Inch Copilot+ PC, Windows 11 Home, Dual AI Touchscreen Laptop, Laptops. AMD Ryzen AI 7 445 · 16 GB RAM · 1 TB · AMD Radeon Graphics · from $1,549.99. Specs, configurations, and where to buy on Plug PCs.",https://plugpcs.com/p/lg/lg-gram-book-16-inch-copilot-pc-windows-11-home-dual-ai-touchscreen-laptop-amd-r,,,laptops,,specified,https://schema.org/InStock,https://www.lg.com/us/laptops/lg-16u55u-h.au77u3-gram-laptop
"LG gram Book 16 Inch Copilot+ PC, Windows 11 Home, Dual AI Touchscreen Laptop",LG,2149.99,USD,32,1024,specified,AMD Ryzen AI 7 445,AMD Radeon Graphics,AMD,LG,AMD,InStock,"LG gram Book 16 Inch Copilot+ PC, Windows 11 Home, Dual AI Touchscreen Laptop, Laptops. AMD Ryzen AI 7 445 · 32 GB RAM · 1 TB · AMD Radeon Graphics · from $2,149.99. Specs, configurations, and where to buy on Plug PCs.",https://plugpcs.com/p/lg/lg-gram-book-16-inch-copilot-pc-windows-11-home-dual-ai-touchscreen-laptop-amd-r-16u55u-h,,,laptops,,specified,https://schema.org/InStock,https://www.lg.com/us/laptops/lg-16u55u-h.au87u1-gram-laptop
"LG gram Pro 16 Inch Copilot+ PC, Windows 11 Home, Lightweight Dual AI Laptop",LG,3849.99,USD,32,1024,specified,Intel Core Ultra X7 358H,Intel Arc Graphics B390 Graphics,Intel,LG,Intel,InStock,"LG gram Pro 16 Inch Copilot+ PC, Windows 11 Home, Lightweight Dual AI Laptop, Laptops. Intel Core Ultra X7 358H · 32 GB RAM · 1 TB · Intel Arc Graphics B390 Graphics · from $3,849.99. Specs, configurations, and where to buy on Plug PCs.",https://plugpcs.com/p/lg/lg-gram-pro-16-inch-copilot-pc-windows-11-home-lightweight-dual-ai-laptop-intel-16z90u-k-a-3,,,laptops,,specified,https://schema.org/InStock,https://www.lg.com/us/laptops/lg-16z90u-k.aub7u1-gram-laptop
"LG gram Pro 16 Inch Copilot+ PC, Windows 11 Home, Lightweight Dual AI Laptop",LG,2499.99,USD,16,1024,specified,AMD Ryzen AI 7 450,,Unknown,LG,AMD,InStock,"LG gram Pro 16 Inch Copilot+ PC, Windows 11 Home, Lightweight Dual AI Laptop, Laptops. AMD Ryzen AI 7 450 · 16 GB RAM · 1 TB · from $2,499.99. Specs, configurations, and where to buy on Plug PCs.",https://plugpcs.com/p/lg/lg-gram-pro-16-inch-copilot-pc-windows-11-home-lightweight-dual-ai-laptop-amd-ry,,,laptops,,specified,https://schema.org/InStock,https://www.lg.com/us/laptops/lg-16z95u-g.au76u1-gram-laptop
"LG gram Pro 17 Inch Copilot+ PC, Windows 11 Home, Lightweight Dual AI Laptop",LG,2349.99,USD,16,512,specified,Intel Core Ultra 7 355,Intel Graphics,Intel,LG,Intel,InStock,"LG gram Pro 17 Inch Copilot+ PC, Windows 11 Home, Lightweight Dual AI Laptop, Laptops. Intel Core Ultra 7 355 · 16 GB RAM · 512 GB · Intel Graphics · from $2,349.99. Specs, configurations, and where to buy on Plug PCs.",https://plugpcs.com/p/lg/lg-gram-pro-17-inch-copilot-pc-windows-11-home-lightweight-dual-ai-laptop-intel,,,laptops,,specified,https://schema.org/InStock,https://www.lg.com/us/laptops/lg-17z90u-g.au75u1-gram-laptop
"LG gram Pro 17 Inch Copilot+ PC, Windows 11 Home, Lightweight Dual AI Laptop",LG,3399.99,USD,32,2048,specified,Intel Core Ultra 7 355,Intel Graphics,Intel,LG,Intel,InStock,"LG gram Pro 17 Inch Copilot+ PC, Windows 11 Home, Lightweight Dual AI Laptop, Laptops. Intel Core Ultra 7 355 · 32 GB RAM · 2 TB · Intel Graphics · from $3,399.99. Specs, configurations, and where to buy on Plug PCs.",https://plugpcs.com/p/lg/lg-gram-pro-17-inch-copilot-pc-windows-11-home-lightweight-dual-ai-laptop-intel-17z90u-g-a-2,,,laptops,,specified,https://schema.org/InStock,https://www.lg.com/us/laptops/lg-17z90u-g.au89u1-gram-laptop
"LG gram Pro 17 Inch Copilot+ PC, Windows 11 Home, Lightweight Dual AI Touchscreen Laptop",LG,3399.99,USD,16,1024,specified,Intel Core Ultra 7 355,Intel Graphics,Intel,LG,Intel,InStock,"LG gram Pro 17 Inch Copilot+ PC, Windows 11 Home, Lightweight Dual AI Touchscreen Laptop, Laptops. Intel Core Ultra 7 355 · 16 GB RAM · 1 TB · Intel Graphics · from $3,399.99. Specs, configurations, and where to buy on Plug PCs.",https://plugpcs.com/p/lg/lg-gram-pro-17-inch-copilot-pc-windows-11-home-lightweight-dual-ai-touchscreen-l,,,laptops,,specified,https://schema.org/InStock,https://www.lg.com/us/laptops/lg-17z90u-h.au77u1-gram-laptop
"LG gram Pro 17 Inch Copilot+ PC, Windows 11 Home, Lightweight Dual AI Touchscreen Laptop",LG,1099.99,USD,16,512,specified,Intel Core Ultra 7 355,Intel Graphics,Intel,LG,Intel,InStock,"LG gram Pro 17 Inch Copilot+ PC, Windows 11 Home, Lightweight Dual AI Touchscreen Laptop, Laptops. Intel Core Ultra 7 355 · 16 GB RAM · 512 GB · Intel Graphics · from $1,099.99. Specs, configurations, and where to buy on Plug PCs.",https://plugpcs.com/p/lg/lg-gram-max-17-inch-copilot-pc-windows-11-home-lightweight-dual-ai-touchscreen-l,,,laptops,,specified,https://schema.org/InStock,https://www.lg.com/us/laptops/lg-17z90ub-h.au75u3-gram-laptop
"LG gram Pro 17 Inch Copilot+ PC, Windows 11 Home, Lightweight Dual AI Touchscreen Laptop",LG,1799.99,USD,32,1024,specified,Intel Core Ultra 7 355,Intel Graphics,Intel,LG,Intel,InStock,"LG gram Pro 17 Inch Copilot+ PC, Windows 11 Home, Lightweight Dual AI Touchscreen Laptop, Laptops. Intel Core Ultra 7 355 · 32 GB RAM · 1 TB · Intel Graphics · from $1,799.99. Specs, configurations, and where to buy on Plug PCs.",https://plugpcs.com/p/lg/lg-gram-max-17-inch-copilot-pc-windows-11-home-lightweight-dual-ai-touchscreen-l-17z90ub-h,,,laptops,,specified,https://schema.org/InStock,https://www.lg.com/us/laptops/lg-17z90ub-h.au76u3-gram-laptop
"LG gram Pro 17 Inch Copilot+ PC, Windows 11 Home, Lightweight Dual AI Touchscreen Laptop",LG,2499.99,USD,32,1024,specified,Intel Core Ultra X9 388H,Intel Arc B390,Intel,LG,Intel,InStock,"LG gram Pro 17 Inch Copilot+ PC, Windows 11 Home, Lightweight Dual AI Touchscreen Laptop, Laptops. Intel Core Ultra X9 388H · 32 GB RAM · 1 TB · Intel Arc B390 · from $2,499.99. Specs, configurations, and where to buy on Plug PCs.",https://plugpcs.com/p/lg/lg-gram-max-17-inch-copilot-pc-windows-11-home-lightweight-dual-ai-touchscreen-l-17z90ub-h-2,,,laptops,,specified,https://schema.org/InStock,https://www.lg.com/us/laptops/lg-17z90ub-h.au99u3-gram-laptop
"LG gram Pro 17 Inch Copilot+ PC, Windows 11 Home, Lightweight Dual AI Touchscreen Laptop",LG,2499.99,USD,32,1024,specified,Intel Core Ultra 9 386H,NVIDIA RTX 5050,NVIDIA,LG,Intel,InStock,"LG gram Pro 17 Inch Copilot+ PC, Windows 11 Home, Lightweight Dual AI Touchscreen Laptop, Laptops. Intel Core Ultra 9 386H · 32 GB RAM · 1 TB · NVIDIA RTX 5050 · from $2,499.99. Specs, configurations, and where to buy on Plug PCs.",https://plugpcs.com/p/lg/lg-gram-pro-max-17-inch-copilot-pc-windows-11-home-lightweight-dual-ai-touchscre,,,laptops,,specified,https://schema.org/InStock,https://www.lg.com/us/laptops/lg-17z90ur-p.au99u3-gram-laptop
"LG gram Pro 2-in-1 16 Inch, Windows 11 Home, Touchscreen, Lightweight Dual AI Laptop",LG,2499.99,USD,32,1024,specified,Intel Core Ultra 7 255H,Intel Arc Graphics,Intel,LG,Intel,InStock,"LG gram Pro 2-in-1 16 Inch, Windows 11 Home, Touchscreen, Lightweight Dual AI Laptop, Laptops. Intel Core Ultra 7 255H · 32 GB RAM · 1 TB · Intel Arc Graphics · from $2,499.99. Specs, configurations, and where to buy on Plug PCs.",https://plugpcs.com/p/lg/lg-gram-pro-2-in-1-16-inch-windows-11-home-touchscreen-lightweight-dual-ai-lapto,,,laptops,,specified,https://schema.org/InStock,https://www.lg.com/us/laptops/lg-16t95tp-k.ad87u1-gram-laptop
Librem 16 Base,Purism,2899,USD,16,500,specified,Intel Core i7 13620H,Intel UHD Graphics,Intel,Purism,Intel,InStock,"Librem 16 Base, Laptops. Intel Core i7 13620H · 16 GB RAM · 500 GB · Intel UHD Graphics · from $2,899. Specs, configurations, and where to buy on Plug PCs.",https://plugpcs.com/p/purism/librem-16-base,,,laptops,,specified,https://schema.org/InStock,https://shop.puri.sm/shop/librem-16-base/
Librem 16 Max,Purism,9799,USD,64,16384,specified,Intel Core i7 13620H,Intel UHD Graphics,Intel,Purism,Intel,InStock,"Librem 16 Max, Laptops. Intel Core i7 13620H · 64 GB RAM · 16 TB · Intel UHD Graphics · from $9,799. Specs, configurations, and where to buy on Plug PCs.",https://plugpcs.com/p/purism/librem-16-max,,,laptops,,specified,https://schema.org/InStock,https://shop.puri.sm/shop/librem-16-max/
Librem 16 Plus,Purism,4199,USD,32,2048,specified,Intel Core i7 13620H,Intel UHD Graphics,Intel,Purism,Intel,InStock,"Librem 16 Plus, Laptops. Intel Core i7 13620H · 32 GB RAM · 2 TB · Intel UHD Graphics · from $4,199. Specs, configurations, and where to buy on Plug PCs.",https://plugpcs.com/p/purism/librem-16-plus,,,laptops,,specified,https://schema.org/InStock,https://shop.puri.sm/shop/librem-16-plus/
Librem 16 Refurbished,Purism,2199,USD,16,512,specified,Intel Core i7 13620H,Intel UHD Graphics,Intel,Purism,Intel,InStock,"Librem 16 Refurbished, Laptops. Intel Core i7 13620H · 16 GB RAM · 512 GB · Intel UHD Graphics · from $2,199. Specs, configurations, and where to buy on Plug PCs.",https://plugpcs.com/p/purism/librem-16-refurbished,,,laptops,,specified,https://schema.org/InStock,https://shop.puri.sm/shop/librem-16-refurbished/
"LOQ (15"" AMD) with RTX 5050",Lenovo,1499.99,USD,16,1024,specified,AMD Ryzen 7 250,NVIDIA GeForce RTX 5050,NVIDIA,Lenovo,AMD,InStock,"LOQ (15"" AMD) with RTX 5050, Laptops. AMD Ryzen 7 250 · 16 GB RAM · 1 TB · NVIDIA GeForce RTX 5050 · from $1,499.99. Specs, configurations, and where to buy on Plug PCs.",https://plugpcs.com/p/lenovo/loq-15-amd-with-rtx-5050,,,laptops,83JG000FUS,specified,https://schema.org/InStock,https://www.lenovo.com/us/en/p/laptops/loq-laptops/loq-15-series/lenovo-loq-15ahp10/83jg000fus
"LOQ (15"" AMD) with up to RTX 5060",Lenovo,1500.01,USD,16,512,specified,AMD Ryzen 7 250,NVIDIA GeForce RTX 5050,NVIDIA,Lenovo,AMD,InStock,"LOQ (15"" AMD) with up to RTX 5060, Laptops. AMD Ryzen 7 250 · 16 GB RAM · 512 GB · NVIDIA GeForce RTX 5050 · from $1,500.01. Specs, configurations, and where to buy on Plug PCs.",https://plugpcs.com/p/lenovo/loq-15-amd-with-up-to-rtx-5060,,,laptops,83JGCTO1WWUS2,specified,https://schema.org/InStock,https://www.lenovo.com/us/en/p/laptops/loq-laptops/loq-15-series/lenovo-loq-15ahp10/83jgcto1wwus2
"LOQ (15"" Intel) with RTX 5050",Lenovo,1399.99,USD,16,1024,specified,Intel Core i5 13450HX,NVIDIA GeForce RTX 5050,NVIDIA,Lenovo,Intel,InStock,"LOQ (15"" Intel) with RTX 5050, Laptops. Intel Core i5 13450HX · 16 GB RAM · 1 TB · NVIDIA GeForce RTX 5050 · from $1,399.99. Specs, configurations, and where to buy on Plug PCs.",https://plugpcs.com/p/lenovo/loq-15-intel-with-rtx-5050,,,laptops,83JE0012US,specified,https://schema.org/InStock,https://www.lenovo.com/us/en/p/laptops/loq-laptops/loq-15-series/lenovo-loq-15irx10/83je0012us
"LOQ (15"" Intel) with up to RTX 5060",Lenovo,1400.02,USD,16,512,specified,Intel Core i5 13450HX,NVIDIA GeForce RTX 5050,NVIDIA,Lenovo,Intel,InStock,"LOQ (15"" Intel) with up to RTX 5060, Laptops. Intel Core i5 13450HX · 16 GB RAM · 512 GB · NVIDIA GeForce RTX 5050 · from $1,400.02. Specs, configurations, and where to buy on Plug PCs.",https://plugpcs.com/p/lenovo/loq-15-intel-with-up-to-rtx-5060-83jecto1wwus1,,,laptops,83JECTO1WWUS1,specified,https://schema.org/InStock,https://www.lenovo.com/us/en/p/laptops/loq-laptops/loq-15-series/lenovo-loq-15irx10/83jecto1wwus1
"LOQ (15"" Intel) with up to RTX 5060",Lenovo,1475.25,USD,16,1024,specified,Intel Core i5 13450HX,NVIDIA GeForce RTX 5050,NVIDIA,Lenovo,Intel,InStock,"LOQ (15"" Intel) with up to RTX 5060, Laptops. Intel Core i5 13450HX · 16 GB RAM · 1 TB · NVIDIA GeForce RTX 5050 · from $1,475.25. Specs, configurations, and where to buy on Plug PCs.",https://plugpcs.com/p/lenovo/loq-15-intel-with-up-to-rtx-5060,,,laptops,83JECTO1WWUS2,specified,https://schema.org/InStock,https://www.lenovo.com/us/en/p/laptops/loq-laptops/loq-15-series/lenovo-loq-15irx10/83jecto1wwus2
"LOQ (17"" Intel) with RTX 5050",Lenovo,1499.99,USD,16,1024,specified,Intel Core i5 13450HX,NVIDIA GeForce RTX 5060,NVIDIA,Lenovo,Intel,InStock,"LOQ (17"" Intel) with RTX 5050, Laptops. Intel Core i5 13450HX · 16 GB RAM · 1 TB · NVIDIA GeForce RTX 5060 · from $1,499.99. Specs, configurations, and where to buy on Plug PCs.",https://plugpcs.com/p/lenovo/loq-17-intel-with-rtx-5050,,,laptops,83JH000GUS,specified,https://schema.org/InStock,https://www.lenovo.com/us/en/p/laptops/loq-laptops/loq-17-series/lenovo-loq-17irx10/83jh000gus
"LOQ (17"" Intel) with up to RTX 5060",Lenovo,1567.48,USD,16,1024,specified,Intel Core i5 13450HX,NVIDIA GeForce RTX 5060,NVIDIA,Lenovo,Intel,InStock,"LOQ (17"" Intel) with up to RTX 5060, Laptops. Intel Core i5 13450HX · 16 GB RAM · 1 TB · NVIDIA GeForce RTX 5060 · from $1,567.48. Specs, configurations, and where to buy on Plug PCs.",https://plugpcs.com/p/lenovo/loq-17-intel-with-up-to-rtx-5060,,,laptops,83JHCTO1WWUS2,specified,https://schema.org/InStock,https://www.lenovo.com/us/en/p/laptops/loq-laptops/loq-17-series/lenovo-loq-17irx10/83jhcto1wwus2
MAX-16 OLED Edition,Eluktronics,2499,USD,32,2048,specified,Intel Core Ultra 9 275HX,NVIDIA RTX 5070,NVIDIA,Eluktronics,Intel,InStock,"MAX-16 OLED Edition, Laptops. Intel Core Ultra 9 275HX · 32 GB RAM · 2 TB · NVIDIA RTX 5070 · from $2,499. Specs, configurations, and where to buy on Plug PCs.",https://plugpcs.com/p/eluktronics/max-16-oled-edition,,,laptops,MAX-16-275HX5070-2T-32G,specified,https://schema.org/InStock,https://www.eluktronics.com/MAX-16-U9275HX-5070-2TB-32GB
Mechrevo Alpha(Xing Yao) 14,FIREBAT,1500,USD,32,1024,specified,AMD Ryzen AI 9 365,,Unknown,FIREBAT,AMD,InStock,"Mechrevo Alpha(Xing Yao) 14, Laptops. AMD Ryzen AI 9 365 · 32 GB RAM · 1024 GB · from $1,500. Specs, configurations, and where to buy on Plug PCs.",https://plugpcs.com/p/firebat/mechrevo-alpha-xing-yao-14-amd-ryzen-ai-9-365,,,laptops,,specified,https://schema.org/InStock,https://www.firebatpc.com/products/mechrevo-alphaxing-yao-14
Mechrevo Aurora (Kuang Shi) 16X Pro,FIREBAT,2050,USD,16,512,specified,Intel Core i7 13650HX,NVIDIA RTX 5070 Laptop,NVIDIA,FIREBAT,Intel,InStock,"Mechrevo Aurora (Kuang Shi) 16X Pro, Laptops. Intel Core i7 13650HX · 16 GB RAM · 512 GB · NVIDIA RTX 5070 Laptop · from $2,050. Specs, configurations, and where to buy on Plug PCs.",https://plugpcs.com/p/firebat/mechrevo-aurora-kuang-shi-16x-pro-intel-core-i7-13650hx,,,laptops,,specified,https://schema.org/InStock,https://www.firebatpc.com/products/mechrevo-aurora-kuang-shi-16x-pro-intel-core-i7-13650hx
Mechrevo Aurora(YaoShi)16 Ultra,FIREBAT,4950,USD,32,2048,specified,Intel Core Ultra 9 290HX,NVIDIA RTX 5080 Laptop,NVIDIA,FIREBAT,Intel,InStock,"Mechrevo Aurora(YaoShi)16 Ultra, Laptops. Intel Core Ultra 9 290HX · 32 GB RAM · 2048 GB · NVIDIA RTX 5080 Laptop · from $4,950. Specs, configurations, and where to buy on Plug PCs.",https://plugpcs.com/p/firebat/mechrevo-aurora-yaoshi-16-ultra-intel-core-ultra-9-290hx-plus,,,laptops,,specified,https://schema.org/InStock,https://www.firebatpc.com/products/mechrevo-aurorayaoshi16-ultra-intel-core-ultra-9-290hx-plus
Mechrevo Dragon(CongLong) 18 Pro,FIREBAT,2770,USD,16,1024,specified,AMD Ryzen 9 8945HX,NVIDIA RTX 5060 Laptop,NVIDIA,FIREBAT,AMD,InStock,"Mechrevo Dragon(CongLong) 18 Pro, Laptops. AMD Ryzen 9 8945HX · 16 GB RAM · 1024 GB · NVIDIA RTX 5060 Laptop · from $2,770. Specs, configurations, and where to buy on Plug PCs.",https://plugpcs.com/p/firebat/mechrevo-dragon-conglong-18-pro-amd-ryzen-9-8945hx,,,laptops,,specified,https://schema.org/InStock,https://www.firebatpc.com/products/mechrevo-dragonconglong-18-pro-amd-ryzen-9-8945hx
Mechrevo Dragon(Yi Long) 16 Pro,FIREBAT,1790,USD,32,1024,specified,AMD Ryzen 7 H 255,NVIDIA RTX 5060 Laptop,NVIDIA,FIREBAT,AMD,InStock,"Mechrevo Dragon(Yi Long) 16 Pro, Laptops. AMD Ryzen 7 H 255 · 32 GB RAM · 1024 GB · NVIDIA RTX 5060 Laptop · from $1,790. Specs, configurations, and where to buy on Plug PCs.",https://plugpcs.com/p/firebat/mechrevo-dragon-yi-long-16-pro-amd-ryzen-7-h-255,,,laptops,,specified,https://schema.org/InStock,https://www.firebatpc.com/products/mechrevo-dragonyi-long-16-pro-amd-ryzen-7-h-255
"Neptune 18""",Juno Computers,3799,USD,32,1024,specified,Intel Core Ultra 9 290HX,NVIDIA RTX 5080,NVIDIA,Juno Computers,Intel,InStock,"Neptune 18"", Laptops. Intel Core Ultra 9 290HX · 32 GB RAM · 1 TB · NVIDIA RTX 5080 · from $3,799. Specs, configurations, and where to buy on Plug PCs.",https://plugpcs.com/p/juno/neptune-18,,,laptops,,specified,https://schema.org/InStock,https://junocomputers.com/us/product/neptune-18/
Ninkear A15 Plus/A15 Pro AMD Ryzen 5 5500U/AMD Ryzen 7 5825U High Value Laptop for Everyday Work & Entertainment,Ninkear,459,EUR,16,1024,specified,AMD Ryzen 7 5825U,AMD Radeon Graphics,AMD,Ninkear,AMD,InStock,"Ninkear A15 Plus/A15 Pro AMD Ryzen 5 5500U/AMD Ryzen 7 5825U High Value Laptop for Everyday Work & Entertainment, Laptops. AMD Ryzen 7 5825U · 16 GB RAM · 1 TB · AMD Radeon Graphics · from ≈ $523. Specs, configurations, and where to buy on Plug PCs.",https://plugpcs.com/p/ninkear/ninkear-a15-plus-a15-pro-amd-ryzen-5-5500u-amd-ryzen-7-5825u-high-value-laptop-f,,,laptops,,specified,https://schema.org/InStock,https://ninkear.com/products/ninkear-a15-plus-laptop-15-6-inch-ips-32gb-ddr4-1tb-2-5k-240hz-amd-ryzen7-5700u-pcie-9000mah-long-battery-life-notebook
Ninkear A15 Pro 16 Inch AMD Ryzen 5 Laptop,Ninkear,545.99,EUR,16,1024,specified,AMD Ryzen 5,AMD Radeon Graphics,AMD,Ninkear,AMD,InStock,"Ninkear A15 Pro 16 Inch AMD Ryzen 5 Laptop, Laptops. AMD Ryzen 5 · 16 GB RAM · 1 TB · AMD Radeon Graphics · from ≈ $622. Specs, configurations, and where to buy on Plug PCs.",https://plugpcs.com/p/ninkear/ninkear-a15-pro-16-inch-amd-ryzen-5-laptop,,,laptops,,specified,https://schema.org/InStock,https://ninkear.com/products/ninkear-a15-pro
Ninkear A15 Pro 16 Inch AMD Ryzen 5 Laptop,Ninkear,545.99,EUR,16,1024,specified,AMD Ryzen 5,AMD Radeon Graphics,AMD,Ninkear,AMD,InStock,"Ninkear A15 Pro 16 Inch AMD Ryzen 5 Laptop, Laptops. AMD Ryzen 5 · 16 GB RAM · 1 TB · AMD Radeon Graphics · from ≈ $622. Specs, configurations, and where to buy on Plug PCs.",https://plugpcs.com/p/ninkear/ninkear-a15-pro-16-inch-amd-ryzen-5-laptop-2,,,laptops,,specified,https://schema.org/InStock,https://ninkear.com/products/ninkear-a15-pro-16-inch
Ninkear N16 Pro Intel Core Intel Core i7-12700H High Performance Laptop for Professional Work,Ninkear,699.99,EUR,16,1024,specified,Intel Core i7 12700H,Intel Iris Xe,Intel,Ninkear,Intel,InStock,"Ninkear N16 Pro Intel Core Intel Core i7-12700H High Performance Laptop for Professional Work, Laptops. Intel Core i7 12700H · 16 GB RAM · 1 TB · Intel Iris Xe · from ≈ $797. Specs, configurations, and where to buy on Plug PCs.",https://plugpcs.com/p/ninkear/ninkear-n16-pro-intel-core-intel-core-i7-12700h-high-performance-laptop-for-prof,,,laptops,,specified,https://schema.org/InStock,https://ninkear.com/products/ninkear-n16-pro-intel-core-intel-core-i7-12700h-high-performance-laptop-for-professional-work
Ninkear N16 Pro Intel Core Ultra 5 125H High Performance Laptop for Professional Work,Ninkear,759.99,EUR,16,1024,specified,Intel Core Ultra 5 125H,"Intel Arc Graphics, 2.2 GHz",Intel,Ninkear,Intel,InStock,"Ninkear N16 Pro Intel Core Ultra 5 125H High Performance Laptop for Professional Work, Laptops. Intel Core Ultra 5 125H · 16 GB RAM · 1 TB · Intel Arc Graphics, 2.2 GHz · from ≈ $865. Specs, configurations, and where to buy on Plug PCs.",https://plugpcs.com/p/ninkear/ninkear-n16-pro-intel-core-ultra-5-125h-high-performance-laptop-for-professional,,,laptops,NK-LP-N16Pro-4-16+1T-EN,specified,https://schema.org/InStock,https://ninkear.com/products/ninkear-n16-pro-intel®-core™-ultra-5-125h-high-performance-laptop-for-professional-work
Ninkear N16 Pro Intel Core Ultra 5 125H/Intel Core I7-12700H High Performance Laptop for Professional Work,Ninkear,599.99,EUR,24,1024,specified,Intel Core i7 12700H,Intel Arc,Intel,Ninkear,Intel,InStock,"Ninkear N16 Pro Intel Core Ultra 5 125H/Intel Core I7-12700H High Performance Laptop for Professional Work, Laptops. Intel Core i7 12700H · 24 GB RAM · 1 TB · Intel Arc · from ≈ $683. Specs, configurations, and where to buy on Plug PCs.",https://plugpcs.com/p/ninkear/ninkear-n16-pro-intel-core-ultra-5-125h-intel-core-i7-12700h-high-performance-la,,,laptops,,specified,https://schema.org/InStock,https://ninkear.com/products/ninkear-n16-pro-laptop-intel-core-i7-13620h-wifi-6-2-5k-165hz-32gb-1tb-ssd-gaming-office-computer-notebook-windows-11-notebook
Ninkear S13 Neo 13 inch 3K 2 in 1 Laptop,Ninkear,519.99,EUR,12,512,specified,Intel N150,Intel Graphics,Intel,Ninkear,Intel,InStock,"Ninkear S13 Neo 13 inch 3K 2 in 1 Laptop, Laptops. Intel N150 · 12 GB RAM · 512 GB · Intel Graphics · from ≈ $592. Specs, configurations, and where to buy on Plug PCs.",https://plugpcs.com/p/ninkear/ninkear-s13-neo-13-inch-3k-2-in-1-laptop,,,laptops,NK-LP-S13-2-12+512-EN,specified,https://schema.org/InStock,https://ninkear.com/products/ninkear-s13-neo
Ninkear S14 AMD Ryzen 5 6600H | 7535HS Ultra-Slim & Lightweight Laptop for Highly Portable Mobile Office,Ninkear,619,EUR,16,512,specified,AMD Ryzen 5 6600H,AMD Radeon Graphics,AMD,Ninkear,AMD,InStock,"Ninkear S14 AMD Ryzen 5 6600H | 7535HS Ultra-Slim & Lightweight Laptop for Highly Portable Mobile Office, Laptops. AMD Ryzen 5 6600H · 16 GB RAM · 512 GB · AMD Radeon Graphics · from ≈ $705. Specs, configurations, and where to buy on Plug PCs.",https://plugpcs.com/p/ninkear/ninkear-s14-amd-ryzen-5-7535hs-ultra-slim-lightweight-laptop-for-highly-portable,,,laptops,NK-LP-S14-2-16+512-EN,specified,https://schema.org/InStock,https://ninkear.com/products/ninkear-s14-amd-ryzen-7535hs-ultral-light-laptop
Ninkear U9 Pro AI Performance Laptop Intel Core Ultra 9 185H,Ninkear,959,EUR,24,1024,specified,Intel Core Ultra 9 185H,"Intel Arc Graphics , 2.35 GHz , 19 TOPS",Intel,Ninkear,Intel,InStock,"Ninkear U9 Pro AI Performance Laptop Intel Core Ultra 9 185H, Laptops. Intel Core Ultra 9 185H · 24 GB RAM · 1 TB · Intel Arc Graphics , 2.35 GHz , 19 TOPS · from ≈ $1,092. Specs, configurations, and where to buy on Plug PCs.",https://plugpcs.com/p/ninkear/ninkear-u9-pro-ai-performance-laptop-intel-core-ultra-9-185h,,,laptops,NK-LP-U9Pro-185H-24+1T-EN,specified,https://schema.org/InStock,https://ninkear.com/products/ninkear-u9-pro-laptop
Nitro 16 Gaming Laptop,Acer,3399.99,USD,16,1024,specified,AMD Ryzen 9 9955HX,NVIDIA RTX 5070 Ti,NVIDIA,Acer,AMD,InStock,"Nitro 16 Gaming Laptop, Laptops. AMD Ryzen 9 9955HX · 16 GB RAM · 1 TB · NVIDIA RTX 5070 Ti · from $3,399.99. Specs, configurations, and where to buy on Plug PCs.",https://plugpcs.com/p/acer/nitro-16-gaming-laptop-nh-u73aa-001,,,laptops,NH.U73AA.001,specified,https://schema.org/InStock,https://store.acer.com/en-us/nitro-16-gaming-laptop-an16-a91-r3n8
Nitro 16S AI Gaming Laptop,Acer,1849.99,USD,16,1024,specified,AMD Ryzen 7 350,NVIDIA RTX 5070 Ti,NVIDIA,Acer,AMD,InStock,"Nitro 16S AI Gaming Laptop, Laptops. AMD Ryzen 7 350 · 16 GB RAM · 1 TB · NVIDIA RTX 5070 Ti · from $1,849.99. Specs, configurations, and where to buy on Plug PCs.",https://plugpcs.com/p/acer/nitro-16s-ai-gaming-laptop,,,laptops,NH.U18AA.002,specified,https://schema.org/InStock,https://store.acer.com/en-us/nitro-16s-ai-gaming-laptop-an16s-61-r5fy
Nitro 16S AI Gaming Laptop,Acer,1499.99,USD,16,1024,specified,AMD Ryzen 7 350,NVIDIA RTX 5060,NVIDIA,Acer,AMD,InStock,"Nitro 16S AI Gaming Laptop, Laptops. AMD Ryzen 7 350 · 16 GB RAM · 1 TB · NVIDIA RTX 5060 · from $1,499.99. Specs, configurations, and where to buy on Plug PCs.",https://plugpcs.com/p/acer/nitro-16s-ai-gaming-laptop-nh-u19aa-001,,,laptops,NH.U19AA.001,specified,https://schema.org/InStock,https://store.acer.com/en-us/nitro-16s-ai-gaming-laptop-an16s-61-r7yl
Nitro V 16 AI Gaming Laptop,Acer,1299.99,USD,16,512,specified,AMD Ryzen 5 340,NVIDIA RTX 5060,NVIDIA,Acer,AMD,InStock,"Nitro V 16 AI Gaming Laptop, Laptops. AMD Ryzen 5 340 · 16 GB RAM · 512 GB · NVIDIA RTX 5060 · from $1,299.99. Specs, configurations, and where to buy on Plug PCs.",https://plugpcs.com/p/acer/nitro-v-16-ai-gaming-laptop,,,laptops,NH.U25AA.003,specified,https://schema.org/InStock,https://store.acer.com/en-us/nitro-v-16-ai-gaming-laptop-anv16-61-r2qy
Nitro V 16 AI Gaming Laptop,Acer,1399.99,USD,16,1024,specified,AMD Ryzen 7 350,NVIDIA RTX 5060,NVIDIA,Acer,AMD,InStock,"Nitro V 16 AI Gaming Laptop, Laptops. AMD Ryzen 7 350 · 16 GB RAM · 1 TB · NVIDIA RTX 5060 · from $1,399.99. Specs, configurations, and where to buy on Plug PCs.",https://plugpcs.com/p/acer/nitro-v-16-ai-gaming-laptop-nh-u25aa-002,,,laptops,NH.U25AA.002,specified,https://schema.org/InStock,https://store.acer.com/en-us/nitro-v-16-ai-gaming-laptop-anv16-61-r9mv
Nitro V 16 Gaming Laptop,Acer,2399.99,USD,16,1024,specified,Intel Core 7 240H,NVIDIA RTX 5070,NVIDIA,Acer,Intel,InStock,"Nitro V 16 Gaming Laptop, Laptops. Intel Core 7 240H · 16 GB RAM · 1 TB · NVIDIA RTX 5070 · from $2,399.99. Specs, configurations, and where to buy on Plug PCs.",https://plugpcs.com/p/acer/nitro-v-16-gaming-laptop-nh-u8daa-001,,,laptops,NH.U8DAA.001,specified,https://schema.org/InStock,https://store.acer.com/en-us/nitro-v-16-gaming-laptop-anv16-i31-72sp
Nitro V 16S Gaming Laptop,Acer,1749.99,USD,16,1024,specified,Intel Core 7 240H,NVIDIA RTX 5070,NVIDIA,Acer,Intel,InStock,"Nitro V 16S Gaming Laptop, Laptops. Intel Core 7 240H · 16 GB RAM · 1 TB · NVIDIA RTX 5070 · from $1,749.99. Specs, configurations, and where to buy on Plug PCs.",https://plugpcs.com/p/acer/nitro-v-16s-gaming-laptop,,,laptops,NH.U23AA.002,specified,https://schema.org/InStock,https://store.acer.com/en-us/nitro-v-16s-gaming-laptop-anv16s-71-72ke
Nomad,META PCs,3299,USD,32,2048,specified,Intel Core Ultra 9 290HX,NVIDIA RTX 5070 Ti,NVIDIA,META PCs,Intel,InStock,"Nomad, Laptops. Intel Core Ultra 9 290HX · 32 GB RAM · 2 TB · NVIDIA RTX 5070 Ti · from $3,299. Specs, configurations, and where to buy on Plug PCs.",https://plugpcs.com/p/metapcs/nomad,,,laptops,RTS/LAP/NOMAD,specified,https://schema.org/InStock,https://www.metapcs.com/products/nomad
NoteMagix M15,Velocity Micro,1719,USD,16,1024,specified,Intel Core Ultra 7 255H,,Unknown,Velocity Micro,Intel,InStock,"NoteMagix M15, Laptops. Intel Core Ultra 7 255H · 16 GB RAM · 1 TB · from $1,719. Specs, configurations, and where to buy on Plug PCs.",https://plugpcs.com/p/velocitymicro/notemagix-m15,,,laptops,,specified,https://schema.org/InStock,https://www.velocitymicro.com/notemagix-m15-laptop.php
Notemagix M15 Plus,Velocity Micro,2199,USD,32,1024,specified,Intel Core Ultra X7 358H,,Unknown,Velocity Micro,Intel,InStock,"Notemagix M15 Plus, Laptops. Intel Core Ultra X7 358H · 32 GB RAM · 1 TB · from $2,199. Specs, configurations, and where to buy on Plug PCs.",https://plugpcs.com/p/velocitymicro/notemagix-m15-plus,,,laptops,,specified,https://schema.org/InStock,https://www.velocitymicro.com/notemagix-m15-plus-laptop.php
NovaCustom PrivacyGuard V54 laptop,NovaCustom,1679,EUR,32,1024,specified,Intel Core Ultra 5 125H,Intel Arc Graphics,Intel,NovaCustom,Intel,InStock,"NovaCustom PrivacyGuard V54 laptop, Laptops. Intel Core Ultra 5 125H · 32 GB RAM · 1 TB · Intel Arc Graphics · from ≈ $1,912. Specs, configurations, and where to buy on Plug PCs.",https://plugpcs.com/p/novacustom/novacustom-privacyguard-v54-laptop,,,laptops,novacustom-privacyguard-v54,specified,https://schema.org/InStock,https://novacustom.com/product/privacyguard-v54-laptop/
NovaCustom PrivacyGuard V56 laptop,NovaCustom,1729,EUR,32,1024,specified,Intel Core Ultra 5 125H,Intel Arc Graphics,Intel,NovaCustom,Intel,InStock,"NovaCustom PrivacyGuard V56 laptop, Laptops. Intel Core Ultra 5 125H · 32 GB RAM · 1 TB · Intel Arc Graphics · from ≈ $1,968. Specs, configurations, and where to buy on Plug PCs.",https://plugpcs.com/p/novacustom/novacustom-privacyguard-v56-laptop,,,laptops,novacustom-privacyguard-v56,specified,https://schema.org/InStock,https://novacustom.com/product/privacyguard-v56-laptop/
NovaCustom SecurityTitan V54 laptop,NovaCustom,2695,EUR,32,2048,specified,Intel Core Ultra 7 155H,Intel Arc Graphics,Intel,NovaCustom,Intel,InStock,"NovaCustom SecurityTitan V54 laptop, Laptops. Intel Core Ultra 7 155H · 32 GB RAM · 2 TB · Intel Arc Graphics · from ≈ $3,068. Specs, configurations, and where to buy on Plug PCs.",https://plugpcs.com/p/novacustom/novacustom-securitytitan-v54-laptop,,,laptops,securitytitan-v54-laptop,specified,https://schema.org/InStock,https://novacustom.com/product/securitytitan-v54-laptop/
NovaCustom SecurityTitan V56 laptop,NovaCustom,2749,EUR,32,2048,specified,Intel Core Ultra 7 155H,Intel Arc Graphics,Intel,NovaCustom,Intel,InStock,"NovaCustom SecurityTitan V56 laptop, Laptops. Intel Core Ultra 7 155H · 32 GB RAM · 2 TB · Intel Arc Graphics · from ≈ $3,130. Specs, configurations, and where to buy on Plug PCs.",https://plugpcs.com/p/novacustom/novacustom-securitytitan-v56-laptop,,,laptops,securitytitan-v56-laptop,specified,https://schema.org/InStock,https://novacustom.com/product/securitytitan-v56-laptop/
"Nyx 14"" v7",Juno Computers,899,USD,16,512,specified,Intel Core Ultra 5 125U,Intel Arc iGPU,Intel,Juno Computers,Intel,InStock,"Nyx 14"" v7, Laptops. Intel Core Ultra 5 125U · 16 GB RAM · 512 GB · Intel Arc iGPU · from $899. Specs, configurations, and where to buy on Plug PCs.",https://plugpcs.com/p/juno/nyx-14-v7,,,laptops,,specified,https://schema.org/InStock,https://junocomputers.com/us/product/nyx-14-v7/
"Nyx 17"" v5",Juno Computers,1035,USD,16,1024,specified,Intel Core Ultra 5 125U,Intel Arc iGPU,Intel,Juno Computers,Intel,InStock,"Nyx 17"" v5, Laptops. Intel Core Ultra 5 125U · 16 GB RAM · 1 TB · Intel Arc iGPU · from $1,035. Specs, configurations, and where to buy on Plug PCs.",https://plugpcs.com/p/juno/nyx-17-v5,,,laptops,,specified,https://schema.org/InStock,https://junocomputers.com/us/product/nyx-17-v5/
OMEN MAX Gaming Laptop 16,HP,3899.99,USD,32,1024,specified,AMD Ryzen AI 9 HX 375,NVIDIA RTX 5080,NVIDIA,HP,AMD,InStock,"OMEN MAX Gaming Laptop 16, Laptops. AMD Ryzen AI 9 HX 375 · 32 GB RAM · 1 TB · NVIDIA RTX 5080 · from $3,899.99. Specs, configurations, and where to buy on Plug PCs.",https://plugpcs.com/p/hp/omen-max-gaming-laptop-16,,,laptops,CG6Y7UA#ABA,specified,https://schema.org/InStock,https://www.hp.com/us-en/shop/pdp/omen-max-gaming-laptop-16-ak0098nr
"OMEN MAX Gaming Laptop 16-ah0097nr 16""",HP,3799.99,USD,32,1024,specified,Intel Core Ultra 9 275HX,NVIDIA RTX 5080 Laptop,NVIDIA,HP,Intel,InStock,"OMEN MAX Gaming Laptop 16-ah0097nr 16"", Laptops. Intel Core Ultra 9 275HX · 32 GB RAM · 1 TB · NVIDIA RTX 5080 Laptop · from $3,799.99. Specs, configurations, and where to buy on Plug PCs.",https://plugpcs.com/p/hp/omen-max-gaming-laptop-16-ah0097nr-16,,,laptops,B64BNUA#ABA,specified,https://schema.org/InStock,https://www.hp.com/us-en/shop/pdp/omen-max-gaming-laptop-16-ah0097nr
"OMEN MAX Gaming Laptop 16-ak0047nr 16""",HP,1799.99,USD,16,1024,specified,AMD Ryzen AI 7 H 350,NVIDIA RTX 5070 Laptop,NVIDIA,HP,AMD,InStock,"OMEN MAX Gaming Laptop 16-ak0047nr 16"", Laptops. AMD Ryzen AI 7 H 350 · 16 GB RAM · 1 TB · NVIDIA RTX 5070 Laptop · from $1,799.99. Specs, configurations, and where to buy on Plug PCs.",https://plugpcs.com/p/hp/omen-max-gaming-laptop-16-ak0047nr-16,,,laptops,B96S7UA#ABA,specified,https://schema.org/InStock,https://www.hp.com/us-en/shop/pdp/omen-max-gaming-laptop-16-ak0047nr
Oryx Pro,System76,2549,USD,96,8192,specified,AMD Ryzen AI 7 450,NVIDIA RTX 5060,NVIDIA,System76,AMD,InStock,"Oryx Pro, Laptops. AMD Ryzen AI 7 450 · 96 GB RAM · 8 TB · NVIDIA RTX 5060 · from $2,549. Specs, configurations, and where to buy on Plug PCs.",https://plugpcs.com/p/system76/oryx-pro,,,laptops,,specified,https://schema.org/InStock,https://system76.com/laptops/oryx-pro
Pangolin Pro,System76,1699,USD,96,16384,specified,AMD Ryzen AI 7 350,AMD Radeon 860M,AMD,System76,AMD,InStock,"Pangolin Pro, Laptops. AMD Ryzen AI 7 350 · 96 GB RAM · 16 TB · AMD Radeon 860M · from $1,699. Specs, configurations, and where to buy on Plug PCs.",https://plugpcs.com/p/system76/pangolin-pro,,,laptops,,specified,https://schema.org/InStock,https://system76.com/laptops/pangolin-pro
Portégé X30L-M Laptop,Dynabook,1628.1,USD,16,512,specified,Intel Core Ultra 5 125H,Intel Arc Graphics,Intel,Dynabook,Intel,InStock,"Portégé X30L-M Laptop, Laptops. Intel Core Ultra 5 125H · 16 GB RAM · 512 GB · Intel Arc Graphics · from $1,628.10. Specs, configurations, and where to buy on Plug PCs.",https://plugpcs.com/p/dynabook/13-3-portege-x30l-m-laptop-intel-core-ultra-5-125h-16-gb-lpddr5x-512-gb-ssd-pqu1,,,laptops,,specified,https://schema.org/InStock,https://shop.us.dynabook.com/products/13-3-portege®-x30l-m-laptop-intel®-core™-ultra-5-125h-16-gb-lpddr5x-512-gb-ssd-pqu10u-0n400v
Portégé X30W-M Laptop,Dynabook,1619.1,USD,16,512,specified,Intel Core Ultra 5 125U,Intel Arc Graphics,Intel,Dynabook,Intel,InStock,"Portégé X30W-M Laptop, Laptops. Intel Core Ultra 5 125U · 16 GB RAM · 512 GB · Intel Arc Graphics · from $1,619.10. Specs, configurations, and where to buy on Plug PCs.",https://plugpcs.com/p/dynabook/13-3-portege-x30w-m-laptop-intel-core-ultra-5-125u-16-gb-lpddr5x-512-gb-ssd-pda5,,,laptops,,specified,https://schema.org/InStock,https://shop.us.dynabook.com/products/13-3-portege®-x30w-m-laptop-intel®-core™-ultra-5-125u-16-gb-lpddr5x-512-gb-ssd-pda52u-03e00n
Portégé X40-M Laptop,Dynabook,1367.1,USD,16,512,specified,Intel Core Ultra 5 225U,Intel Arc Graphics,Intel,Dynabook,Intel,InStock,"Portégé X40-M Laptop, Laptops. Intel Core Ultra 5 225U · 16 GB RAM · 512 GB · Intel Arc Graphics · from $1,367.10. Specs, configurations, and where to buy on Plug PCs.",https://plugpcs.com/p/dynabook/14-0-portege-x40-m-laptop-intel-core-ultra-5-225u-16-gb-ddr5-512-gb-ssd-pnm2bu-0,,,laptops,,specified,https://schema.org/InStock,https://shop.us.dynabook.com/products/14-0-portege®-x40-m-laptop-intel®-core™-ultra-5-125u-16-gb-ddr5-512-gb-ssd-pnm2bu-017003
Portégé X40-M Laptop,Dynabook,1000,USD,16,512,specified,Intel Core Ultra 5 125H,Intel Arc Graphics,Intel,Dynabook,Intel,InStock,"Portégé X40-M Laptop, Laptops. Intel Core Ultra 5 125H · 16 GB RAM · 512 GB · Intel Arc Graphics · from $1,000. Specs, configurations, and where to buy on Plug PCs.",https://plugpcs.com/p/dynabook/14-0-portege-x40-m-laptop-intel-core-ultra-5-125h-16-gb-ddr5-512-gb-ssd-dis-pnm1,,,laptops,,specified,https://schema.org/InStock,https://shop.us.dynabook.com/products/14-0-portege®-x40-m-laptop-intel®-core™-ultra-7-125h-32-gb-ddr5-512-gb-ssd-dis-pnm1bu-094009
Portégé X40-M Laptop,Dynabook,1502.1,USD,16,512,specified,Intel Core Ultra 7 255U,Intel Arc Graphics,Intel,Dynabook,Intel,InStock,"Portégé X40-M Laptop, Laptops. Intel Core Ultra 7 255U · 16 GB RAM · 512 GB · Intel Arc Graphics · from $1,502.10. Specs, configurations, and where to buy on Plug PCs.",https://plugpcs.com/p/dynabook/14-0-portege-x40-m-laptop-intel-core-ultra-7-255u-16-gb-ddr5-512-gb-ssd-pnm2bu-0,,,laptops,,specified,https://schema.org/InStock,https://shop.us.dynabook.com/products/14-0-portege®-x40-m-laptop-intel®-core™-ultra-7-255u-16-gb-ddr5-512-gb-ssd-pnm2bu-049003
Portégé X40-M Laptop,Dynabook,1349.1,USD,16,512,specified,Intel Core Ultra 5 125U,Intel Arc Graphics,Intel,Dynabook,Intel,InStock,"Portégé X40-M Laptop, Laptops. Intel Core Ultra 5 125U · 16 GB RAM · 512 GB · Intel Arc Graphics · from $1,349.10. Specs, configurations, and where to buy on Plug PCs.",https://plugpcs.com/p/dynabook/14-0-portege-x40-m-laptop-intel-core-ultra-5-125u-16-gb-ddr5-512-gb-ssd-pnm1bu-0,,,laptops,,specified,https://schema.org/InStock,https://shop.us.dynabook.com/products/portege®-x40-14-0-laptop-intel®-core™-ultra-5-125u-16-gb-ddr5-512-gb-ssd-pnm1bu-0em00u
Portégé X40-P Laptop,Dynabook,1610.1,USD,16,512,specified,Intel Core Ultra 7 355,Intel Arc Graphics,Intel,Dynabook,Intel,InStock,"Portégé X40-P Laptop, Laptops. Intel Core Ultra 7 355 · 16 GB RAM · 512 GB · Intel Arc Graphics · from $1,610.10. Specs, configurations, and where to buy on Plug PCs.",https://plugpcs.com/p/dynabook/portege-x40-p-laptop,,,laptops,,specified,https://schema.org/InStock,https://shop.us.dynabook.com/products/14-0-portege®-x40-p-laptop-intel®-core™-ultra-7-355-16-gb-ddr5-512-gb-ssd-pnm3bu-00q004
Portégé X40L-M Laptop,Dynabook,1571.65,USD,16,512,specified,Intel Core Ultra 7 155H,Intel Arc Graphics,Intel,Dynabook,Intel,InStock,"Portégé X40L-M Laptop, Laptops. Intel Core Ultra 7 155H · 16 GB RAM · 512 GB · Intel Arc Graphics · from $1,571.65. Specs, configurations, and where to buy on Plug PCs.",https://plugpcs.com/p/dynabook/14-0-portege-x40l-m-laptop-intel-core-ultra-7-155h-16-gb-lpddr5x-512-gb-ssd-dis,,,laptops,,specified,https://schema.org/InStock,https://shop.us.dynabook.com/products/14-0-portege®-x40l-m-laptop-intel®-core™-ultra-7-155h-16-gb-lpddr5x-512-gb-ssd-dis-pza31u-02101e
Portégé X40L-M Laptop,Dynabook,1844.1,USD,32,512,specified,Intel Core Ultra 7 155H,Intel Arc Graphics,Intel,Dynabook,Intel,InStock,"Portégé X40L-M Laptop, Laptops. Intel Core Ultra 7 155H · 32 GB RAM · 512 GB · Intel Arc Graphics · from $1,844.10. Specs, configurations, and where to buy on Plug PCs.",https://plugpcs.com/p/dynabook/14-0-portege-x40l-m-laptop-intel-core-ultra-7-155h-32-gb-lpddr5x-512-gb-ssd-pza3,,,laptops,,specified,https://schema.org/InStock,https://shop.us.dynabook.com/products/14-0-portege®-x40l-m-laptop-intel®-core™-ultra-7-155h-32-gb-lpddr5x-512-gb-ssd-pza31u-0fp01e
Portégé X40L-M Laptop,Dynabook,1529.1,USD,16,512,specified,Intel Core Ultra 5 125H,Intel Arc Graphics,Intel,Dynabook,Intel,InStock,"Portégé X40L-M Laptop, Laptops. Intel Core Ultra 5 125H · 16 GB RAM · 512 GB · Intel Arc Graphics · from $1,529.10. Specs, configurations, and where to buy on Plug PCs.",https://plugpcs.com/p/dynabook/14-0-portege-x40l-m-laptop-intel-core-ultra-5-125h-16-gb-lpddr5x-512-gb-ssd-pza3,,,laptops,,specified,https://schema.org/InStock,https://shop.us.dynabook.com/products/portege®-x40l-14-0-laptop-intel®-core™-ultra-5-125h-16-gb-onboard-512-gb-ssd-pza31u-02201e
Portégé X40L-M Laptop,Dynabook,1664.1,USD,16,512,specified,Intel Core Ultra 7 155H,Intel Arc Graphics,Intel,Dynabook,Intel,InStock,"Portégé X40L-M Laptop, Laptops. Intel Core Ultra 7 155H · 16 GB RAM · 512 GB · Intel Arc Graphics · from $1,664.10. Specs, configurations, and where to buy on Plug PCs.",https://plugpcs.com/p/dynabook/14-0-portege-x40l-m-laptop-intel-core-ultra-7-155h-16-gb-lpddr5x-512-gb-ssd-pza3,,,laptops,,specified,https://schema.org/InStock,https://shop.us.dynabook.com/products/portege®-x40l-14-0-laptop-intel®-core™-ultra-7-155h-16-gb-onboard-512-gb-ssd-pza31u-02101e
Portégé X45W-M Laptop,Dynabook,1331.1,USD,16,512,specified,AMD Ryzen 5 220,,Unknown,Dynabook,AMD,InStock,"Portégé X45W-M Laptop, Laptops. AMD Ryzen 5 220 · 16 GB RAM · 512 GB · from $1,331.10. Specs, configurations, and where to buy on Plug PCs.",https://plugpcs.com/p/dynabook/14-0-portege-x45w-m-laptop-amd-ryzen-5-220-16-gb-ddr5-512-gb-ssd-ced11u-00m007,,,laptops,,specified,https://schema.org/InStock,https://shop.us.dynabook.com/products/14-0-portege®-x45w-m-laptop-amd®-ryzen™-5-220-16-gb-ddr5-512-gb-ssd-ced11u-00m007
Portégé X45W-M Laptop,Dynabook,1376.1,USD,16,512,specified,AMD Ryzen 5 230,,Unknown,Dynabook,AMD,InStock,"Portégé X45W-M Laptop, Laptops. AMD Ryzen 5 230 · 16 GB RAM · 512 GB · from $1,376.10. Specs, configurations, and where to buy on Plug PCs.",https://plugpcs.com/p/dynabook/14-0-portege-x45w-m-laptop-amd-ryzen-5-230-16-gb-ddr5-512-gb-ssd-ced11u-00n007,,,laptops,,specified,https://schema.org/InStock,https://shop.us.dynabook.com/products/14-0-portege®-x45w-m-laptop-amd®-ryzen™-5-230-16-gb-ddr5-512-gb-ssd-ced11u-00n007
Portégé X45W-M Laptop,Dynabook,1673.1,USD,32,512,specified,AMD Ryzen 7 250,,Unknown,Dynabook,AMD,InStock,"Portégé X45W-M Laptop, Laptops. AMD Ryzen 7 250 · 32 GB RAM · 512 GB · from $1,673.10. Specs, configurations, and where to buy on Plug PCs.",https://plugpcs.com/p/dynabook/14-0-portege-x45w-m-laptop-amd-ryzen-7-250-32-gb-ddr5-512-gb-ssd-ced11u-00p007,,,laptops,,specified,https://schema.org/InStock,https://shop.us.dynabook.com/products/14-0-portege®-x45w-m-laptop-amd®-ryzen™-7-250-32-gb-ddr5-512-gb-ssd-ced11u-00p007
Portégé Z40L-N (Copilot+ PC) Laptop,Dynabook,1554.65,USD,16,512,specified,Intel Core Ultra 5 226V,Intel Arc Graphics,Intel,Dynabook,Intel,InStock,"Portégé Z40L-N (Copilot+ PC) Laptop, Laptops. Intel Core Ultra 5 226V · 16 GB RAM · 512 GB · Intel Arc Graphics · from $1,554.65. Specs, configurations, and where to buy on Plug PCs.",https://plugpcs.com/p/dynabook/14-0-portege-z40l-n-copilot-pc-laptop-intel-core-ultra-5-226v-16-gb-lpddr5x-512,,,laptops,,specified,https://schema.org/InStock,https://shop.us.dynabook.com/products/14-0-portege®-z40l-n-copilot-pc-laptop-intel®-core™-ultra-5-226v-16-gb-lpddr5x-512-gb-ssd-dis-ppe25u-00j00e
Portégé Z40L-N (Copilot+ PC) Laptop,Dynabook,1691.1,USD,16,512,specified,Intel Core Ultra 5 226V,Intel Arc Graphics,Intel,Dynabook,Intel,InStock,"Portégé Z40L-N (Copilot+ PC) Laptop, Laptops. Intel Core Ultra 5 226V · 16 GB RAM · 512 GB · Intel Arc Graphics · from $1,691.10. Specs, configurations, and where to buy on Plug PCs.",https://plugpcs.com/p/dynabook/portege-z40l-n-copilot-pc-laptop,,,laptops,,specified,https://schema.org/InStock,https://shop.us.dynabook.com/products/14-0-portege®-z40l-n-laptop-intel®-core™-ultra-5-226v-16-gb-lpddr5x-512-gb-ssd-ppe20u-024019
Portégé Z40L-N (Copilot+ PC) Laptop,Dynabook,1646.1,USD,16,512,specified,Intel Core Ultra 5 226V,Intel Arc Graphics,Intel,Dynabook,Intel,InStock,"Portégé Z40L-N (Copilot+ PC) Laptop, Laptops. Intel Core Ultra 5 226V · 16 GB RAM · 512 GB · Intel Arc Graphics · from $1,646.10. Specs, configurations, and where to buy on Plug PCs.",https://plugpcs.com/p/dynabook/14-0-portege-z40l-n-copilot-pc-laptop-intel-core-ultra-5-226v-16-gb-lpddr5x-512-ppe25u-00j,,,laptops,,specified,https://schema.org/InStock,https://shop.us.dynabook.com/products/14-0-portege®-z40l-n-laptop-intel®-core™-ultra-5-226v-16-gb-lpddr5x-512-gb-ssd-ppe25u-00j00e
Predator Helios 18 AI Gaming Laptop,Acer,4599.99,USD,64,4096,specified,Intel Core Ultra 9 275HX,NVIDIA RTX 5090,NVIDIA,Acer,Intel,InStock,"Predator Helios 18 AI Gaming Laptop, Laptops. Intel Core Ultra 9 275HX · 64 GB RAM · 4 TB · NVIDIA RTX 5090 · from $4,599.99. Specs, configurations, and where to buy on Plug PCs.",https://plugpcs.com/p/acer/predator-helios-18-ai-gaming-laptop,,,laptops,NH.U09AA.001,specified,https://schema.org/InStock,https://store.acer.com/en-us/predator-helios-18-ai-gaming-laptop-ph18-73-96ce
Predator Helios Neo 14 AI Gaming Laptop,Acer,2199.99,USD,32,1024,specified,Intel Core Ultra 9 285H,NVIDIA RTX 5070,NVIDIA,Acer,Intel,InStock,"Predator Helios Neo 14 AI Gaming Laptop, Laptops. Intel Core Ultra 9 285H · 32 GB RAM · 1 TB · NVIDIA RTX 5070 · from $2,199.99. Specs, configurations, and where to buy on Plug PCs.",https://plugpcs.com/p/acer/predator-helios-neo-14-ai-gaming-laptop,,,laptops,NH.U1BAA.001,specified,https://schema.org/InStock,https://store.acer.com/en-us/predator-helios-neo-14-ai-gaming-laptop-phn14-71-906j
Predator Helios Neo 16 AI Gaming Laptop,Acer,1799.99,USD,16,1024,specified,Intel Core Ultra 7 255HX,NVIDIA RTX 5070,NVIDIA,Acer,Intel,InStock,"Predator Helios Neo 16 AI Gaming Laptop, Laptops. Intel Core Ultra 7 255HX · 16 GB RAM · 1 TB · NVIDIA RTX 5070 · from $1,799.99. Specs, configurations, and where to buy on Plug PCs.",https://plugpcs.com/p/acer/predator-helios-neo-16-ai-gaming-laptop,,,laptops,NH.U1QAA.001,specified,https://schema.org/InStock,https://store.acer.com/en-us/predator-helios-neo-16-ai-gaming-laptop-phn16-73-7166
Predator Helios Neo 16 AI Gaming Laptop,Acer,2749.99,USD,16,512,specified,Intel Core Ultra 9 290HX,NVIDIA RTX 5070 Ti,NVIDIA,Acer,Intel,InStock,"Predator Helios Neo 16 AI Gaming Laptop, Laptops. Intel Core Ultra 9 290HX · 16 GB RAM · 512 GB · NVIDIA RTX 5070 Ti · from $2,749.99. Specs, configurations, and where to buy on Plug PCs.",https://plugpcs.com/p/acer/predator-helios-neo-16-ai-gaming-laptop-nh-u44aa-004,,,laptops,NH.U44AA.004,specified,https://schema.org/InStock,https://store.acer.com/en-us/predator-helios-neo-16-ai-gaming-laptop-phn16-i71-905p
Predator Triton 14 Gaming Laptop,Acer,1499.99,USD,16,512,specified,Intel Core i7 13700H,NVIDIA RTX 4050,NVIDIA,Acer,Intel,InStock,"Predator Triton 14 Gaming Laptop, Laptops. Intel Core i7 13700H · 16 GB RAM · 512 GB · NVIDIA RTX 4050 · from $1,499.99. Specs, configurations, and where to buy on Plug PCs.",https://plugpcs.com/p/acer/predator-triton-14-gaming-laptop,,,laptops,NH.QLNAA.001,specified,https://schema.org/InStock,https://store.acer.com/en-us/predator-triton-14-gaming-laptop-pt14-51-78b4
Predator Triton 14 Gaming Laptop,Acer,1699.99,USD,16,1024,specified,Intel Core i7 13700H,NVIDIA RTX 4070,NVIDIA,Acer,Intel,InStock,"Predator Triton 14 Gaming Laptop, Laptops. Intel Core i7 13700H · 16 GB RAM · 1 TB · NVIDIA RTX 4070 · from $1,699.99. Specs, configurations, and where to buy on Plug PCs.",https://plugpcs.com/p/acer/predator-triton-14-gaming-laptop-nh-qlqaa-001,,,laptops,NH.QLQAA.001,specified,https://schema.org/InStock,https://store.acer.com/en-us/predator-triton-14-gaming-laptop-pt14-51-7979
Prestige 14 Flip AI+ Starry Night - Van Gogh Edition,MSI,2399.99,USD,32,1024,specified,Intel Core Ultra X9 378H,Intel Arc Graphics,Intel,MSI,Intel,InStock,"Prestige 14 Flip AI+ Starry Night - Van Gogh Edition, Laptops. Intel Core Ultra X9 378H · 32 GB RAM · 1 TB · Intel Arc Graphics · from $2,399.99. Specs, configurations, and where to buy on Plug PCs.",https://plugpcs.com/p/msi/prestige-14-flip-ai-starry-night-van-gogh-edition,,,laptops,,specified,https://schema.org/InStock,https://us-store.msi.com/Laptops/business-productivity/Prestige-14-Flip-Starry-Night
Prestige 14 Flip AI+ Starry Night Over the Rhône - Van Gogh Edition,MSI,2399.99,USD,32,1024,specified,Intel Core Ultra X9 378H,Intel Arc Graphics,Intel,MSI,Intel,InStock,"Prestige 14 Flip AI+ Starry Night Over the Rhône - Van Gogh Edition, Laptops. Intel Core Ultra X9 378H · 32 GB RAM · 1 TB · Intel Arc Graphics · from $2,399.99. Specs, configurations, and where to buy on Plug PCs.",https://plugpcs.com/p/msi/prestige-14-flip-ai-starry-night-over-the-rhone-van-gogh-edition,,,laptops,,specified,https://schema.org/InStock,https://us-store.msi.com/Laptops/business-productivity/Prestige-14-Flip-Starry-Night-Over-the-Rhone
Prestige 16 AI Evo Professional Laptop,MSI,1299,USD,16,1024,specified,Intel Core Ultra 7 155H,Intel Arc Graphics,Intel,MSI,Intel,InStock,"Prestige 16 AI Evo Professional Laptop, Laptops. Intel Core Ultra 7 155H · 16 GB RAM · 1 TB · Intel Arc Graphics · from $1,299. Specs, configurations, and where to buy on Plug PCs.",https://plugpcs.com/p/msi/prestige-16-ai-evo-professional-laptop-prestige-16-ai-evo-b2hmg,,,laptops,,specified,https://schema.org/InStock,https://us-store.msi.com/Laptops/business-productivity/prestige-series/Prestige-16-AI-Evo-B2HMG-097US
Prestige 16 AI+ Evo,MSI,1499.99,USD,16,1024,specified,Intel Core Ultra 7 256V,Intel Arc Graphics,Intel,MSI,Intel,InStock,"Prestige 16 AI+ Evo, Laptops. Intel Core Ultra 7 256V · 16 GB RAM · 1 TB · Intel Arc Graphics · from $1,499.99. Specs, configurations, and where to buy on Plug PCs.",https://plugpcs.com/p/msi/prestige-16-ai-evo,,,laptops,,specified,https://schema.org/InStock,https://us-store.msi.com/Laptops/business-productivity/prestige-series/Prestige-16-AI-Evo-B2VMG-059US
Prestige 16 Flip AI+ Business Laptop,MSI,2149,USD,32,1024,specified,Intel Core Ultra X9 388H,Intel Arc Graphics,Intel,MSI,Intel,InStock,"Prestige 16 Flip AI+ Business Laptop, Laptops. Intel Core Ultra X9 388H · 32 GB RAM · 1 TB · Intel Arc Graphics · from $2,149. Specs, configurations, and where to buy on Plug PCs.",https://plugpcs.com/p/msi/prestige-16-flip-ai-business-laptop,,,laptops,,specified,https://schema.org/InStock,https://us-store.msi.com/Laptops/business-productivity/prestige-series/Prestige-16-Flip-AI-C3MTG-056US
Prestige 16 Flip AI+ Business Laptop,MSI,1999,USD,32,1024,specified,Intel Core Ultra 7 355,Intel Arc Graphics,Intel,MSI,Intel,InStock,"Prestige 16 Flip AI+ Business Laptop, Laptops. Intel Core Ultra 7 355 · 32 GB RAM · 1 TB · Intel Arc Graphics · from $1,999. Specs, configurations, and where to buy on Plug PCs.",https://plugpcs.com/p/msi/prestige-16-flip-ai-business-laptop-prestige-16-flip-ai-c3mt,,,laptops,,specified,https://schema.org/InStock,https://us-store.msi.com/Laptops/business-productivity/prestige-series/Prestige-16-Flip-AI-C3MTG-058US
ProArt GoPro Edition (PX13; HN7306),ASUS,2799.99,USD,128,1024,specified,AMD Ryzen AI Max+ 395,AMD Radeon Graphics,AMD,ASUS,AMD,InStock,"ProArt GoPro Edition (PX13; HN7306), Laptops. AMD Ryzen AI Max+ 395 · 128 GB RAM · 1 TB · AMD Radeon Graphics · from $2,799.99. Specs, configurations, and where to buy on Plug PCs.",https://plugpcs.com/p/asus/proart-gopro-edition-px13-hn7306,,,laptops,34562,specified,https://schema.org/InStock,https://www.asus.com/us/laptops/for-creators/proart/proart-gopro-edition-px13-hn7306/
ProArt P16 (H7606),ASUS,3999.99,USD,64,2048,specified,AMD Ryzen AI 9 HX 370,NVIDIA RTX 5090 Laptop,NVIDIA,ASUS,AMD,InStock,"ProArt P16 (H7606), Laptops. AMD Ryzen AI 9 HX 370 · 64 GB RAM · 2 TB · NVIDIA RTX 5090 Laptop · from $3,999.99. Specs, configurations, and where to buy on Plug PCs.",https://plugpcs.com/p/asus/proart-p16-h7606,,,laptops,25398,specified,https://schema.org/InStock,https://www.asus.com/us/laptops/for-creators/proart/proart-p16-h7606/
ProArt PZ14 (HT7407),ASUS,2499.99,USD,32,1024,specified,Snapdragon X2 Elite,Qualcomm Adreno,Qualcomm,ASUS,Qualcomm,InStock,"ProArt PZ14 (HT7407), Laptops. Snapdragon X2 Elite · 32 GB RAM · 1 TB · Qualcomm Adreno · from $2,499.99. Specs, configurations, and where to buy on Plug PCs.",https://plugpcs.com/p/asus/proart-pz14-ht7407,,,laptops,34556,specified,https://schema.org/InStock,https://www.asus.com/us/laptops/for-creators/proart/proart-pz14-ht7407/
Raider A18 HX Gaming Laptop,MSI,3199,USD,32,2048,specified,AMD Ryzen 9 9955HX3D,NVIDIA RTX 5080 Laptop,NVIDIA,MSI,AMD,InStock,"Raider A18 HX Gaming Laptop, Laptops. AMD Ryzen 9 9955HX3D · 32 GB RAM · 2 TB · NVIDIA RTX 5080 Laptop · from $3,199. Specs, configurations, and where to buy on Plug PCs.",https://plugpcs.com/p/msi/raider-a18-hx-gaming-laptop-a9wig-272us,,,laptops,,specified,https://schema.org/InStock,https://us-store.msi.com/Laptops/Gaming-Series/Raider-GE-Series/Raider-A18-HX-A9WIG-272US
Raptor MX50,Velocity Micro,2999,USD,32,1024,specified,Intel Core Ultra 9 290HX,NVIDIA RTX 5050,NVIDIA,Velocity Micro,Intel,InStock,"Raptor MX50, Laptops. Intel Core Ultra 9 290HX · 32 GB RAM · 1 TB · NVIDIA RTX 5050 · from $2,999. Specs, configurations, and where to buy on Plug PCs.",https://plugpcs.com/p/velocitymicro/raptor-mx50,,,laptops,,specified,https://schema.org/InStock,https://www.velocitymicro.com/raptor-mx50-gaming-laptop.php
Raptor S55,Velocity Micro,3949,USD,32,1024,specified,Intel Core Ultra 9 290HX,NVIDIA RTX 5070 Ti,NVIDIA,Velocity Micro,Intel,InStock,"Raptor S55, Laptops. Intel Core Ultra 9 290HX · 32 GB RAM · 1 TB · NVIDIA RTX 5070 Ti · from $3,949. Specs, configurations, and where to buy on Plug PCs.",https://plugpcs.com/p/velocitymicro/raptor-s55,,,laptops,,specified,https://schema.org/InStock,https://www.velocitymicro.com/raptor-s55-gaming-laptop.php
Razer Blade 16 - QHD+ 240 Hz OLED - GeForce RTX 5060 - Black,Razer,2399.99,USD,16,2048,specified,AMD Ryzen AI 9 365,NVIDIA RTX 5060,NVIDIA,Razer,AMD,InStock,"Razer Blade 16 - QHD+ 240 Hz OLED - GeForce RTX 5060 - Black, Laptops. AMD Ryzen AI 9 365 · 16 GB RAM · 2 TB · NVIDIA RTX 5060 · from $2,399.99. Specs, configurations, and where to buy on Plug PCs.",https://plugpcs.com/p/razer/razer-blade-16-qhd-240-hz-oled-geforce-rtx-5060-black,,,laptops,,specified,https://schema.org/InStock,https://www.razer.com/gaming-laptops/razer-blade-16/RZ09-05285EN3-R3U1
Razer Blade 16 - QHD+ 240 Hz OLED - GeForce RTX 5070 Ti - Black,Razer,3499.99,USD,32,2048,specified,Intel Core Ultra 9 386H,NVIDIA RTX 5070 Ti,NVIDIA,Razer,Intel,InStock,"Razer Blade 16 - QHD+ 240 Hz OLED - GeForce RTX 5070 Ti - Black, Laptops. Intel Core Ultra 9 386H · 32 GB RAM · 2 TB · NVIDIA RTX 5070 Ti · from $3,499.99. Specs, configurations, and where to buy on Plug PCs.",https://plugpcs.com/p/razer/razer-blade-16-qhd-240-hz-oled-geforce-rtx-5070-ti-black,,,laptops,,specified,https://schema.org/InStock,https://www.razer.com/gaming-laptops/razer-blade-16/RZ09-05817EN3-R3U1
Razer Blade 16 - QHD+ 240 Hz OLED - GeForce RTX 5080 - Black — 386H · RTX 5080 · 64GB,Razer,4699.99,USD,64,2048,specified,Intel Core Ultra 9 386H,NVIDIA RTX 5080,NVIDIA,Razer,Intel,InStock,"Razer Blade 16 - QHD+ 240 Hz OLED - GeForce RTX 5080 - Black — 386H · RTX 5080 · 64GB, Laptops. Intel Core Ultra 9 386H · 64 GB RAM · 2 TB · NVIDIA RTX 5080 · from $4,699.99. Specs, configurations, and where to buy on Plug PCs.",https://plugpcs.com/p/razer/razer-blade-16-qhd-240-hz-oled-geforce-rtx-5080-black-386h-64gb,,,laptops,,specified,https://schema.org/InStock,https://www.razer.com/gaming-laptops/razer-blade-16/RZ09-05818EN4-R3U1
Razer Blade 18 - Dual UHD+ 240 Hz,Razer,3499.99,USD,32,1024,specified,Intel Core Ultra 9 275HX,NVIDIA RTX 5070 Ti,NVIDIA,Razer,Intel,InStock,"Razer Blade 18 - Dual UHD+ 240 Hz, Laptops. Intel Core Ultra 9 275HX · 32 GB RAM · 1 TB · NVIDIA RTX 5070 Ti · from $3,499.99. Specs, configurations, and where to buy on Plug PCs.",https://plugpcs.com/p/razer/razer-blade-18-dual-uhd-240-hz-fhd-440-hz-geforce-rtx-5070-ti-black-275hx,,,laptops,,specified,https://schema.org/InStock,https://www.razer.com/gaming-laptops/razer-blade-18/RZ09-05297ER3-R3U1
Razer Blade 18 - Dual UHD+ 240 Hz,Razer,4099.99,USD,32,1024,specified,Intel Core Ultra 9 275HX,NVIDIA RTX 5080,NVIDIA,Razer,Intel,InStock,"Razer Blade 18 - Dual UHD+ 240 Hz, Laptops. Intel Core Ultra 9 275HX · 32 GB RAM · 1 TB · NVIDIA RTX 5080 · from $4,099.99. Specs, configurations, and where to buy on Plug PCs.",https://plugpcs.com/p/razer/razer-blade-18-dual-uhd-240-hz-fhd-440-hz-geforce-rtx-5080-black-275hx,,,laptops,,specified,https://schema.org/InStock,https://www.razer.com/gaming-laptops/razer-blade-18/RZ09-05298ER3-R3U1
Razer Blade 18 - Dual UHD+ 240 Hz,Razer,3999.99,USD,32,1024,specified,Intel Core Ultra 9 290HX,NVIDIA RTX 5070 Ti,NVIDIA,Razer,Intel,InStock,"Razer Blade 18 - Dual UHD+ 240 Hz, Laptops. Intel Core Ultra 9 290HX · 32 GB RAM · 1 TB · NVIDIA RTX 5070 Ti · from $3,999.99. Specs, configurations, and where to buy on Plug PCs.",https://plugpcs.com/p/razer/razer-blade-18-dual-uhd-240-hz-fhd-440-hz-geforce-rtx-5070-ti-black-290hx,,,laptops,,specified,https://schema.org/InStock,https://www.razer.com/gaming-laptops/razer-blade-18/RZ09-05827ER3-R3U1
Razer Blade 18 - Dual UHD+ 240 Hz,Razer,4499.99,USD,32,1024,specified,Intel Core Ultra 9 290HX,NVIDIA RTX 5080,NVIDIA,Razer,Intel,InStock,"Razer Blade 18 - Dual UHD+ 240 Hz, Laptops. Intel Core Ultra 9 290HX · 32 GB RAM · 1 TB · NVIDIA RTX 5080 · from $4,499.99. Specs, configurations, and where to buy on Plug PCs.",https://plugpcs.com/p/razer/razer-blade-18-dual-uhd-240-hz-fhd-440-hz-geforce-rtx-5080-black-290hx,,,laptops,,specified,https://schema.org/InStock,https://www.razer.com/gaming-laptops/razer-blade-18/RZ09-05828ER3-R3U1
Razer Blade 18 - Dual UHD+ 240 Hz,Razer,5399.99,USD,32,1024,specified,Intel Core Ultra 9 290HX,NVIDIA RTX 5090,NVIDIA,Razer,Intel,InStock,"Razer Blade 18 - Dual UHD+ 240 Hz, Laptops. Intel Core Ultra 9 290HX · 32 GB RAM · 1 TB · NVIDIA RTX 5090 · from $5,399.99. Specs, configurations, and where to buy on Plug PCs.",https://plugpcs.com/p/razer/razer-blade-18-dual-uhd-240-hz-fhd-440-hz-geforce-rtx-5090-black-290hx-32gb,,,laptops,,specified,https://schema.org/InStock,https://www.razer.com/gaming-laptops/razer-blade-18/RZ09-05829ER4-R3U1
Razer Blade 18 - Dual UHD+ 240 Hz,Razer,5999.99,USD,32,1024,specified,Intel Core Ultra 9 290HX,NVIDIA RTX 5090,NVIDIA,Razer,Intel,InStock,"Razer Blade 18 - Dual UHD+ 240 Hz, Laptops. Intel Core Ultra 9 290HX · 32 GB RAM · 1 TB · NVIDIA RTX 5090 · from $5,999.99. Specs, configurations, and where to buy on Plug PCs.",https://plugpcs.com/p/razer/razer-blade-18-dual-uhd-240-hz-fhd-440-hz-geforce-rtx-5090-black-290hx-64gb,,,laptops,,specified,https://schema.org/InStock,https://www.razer.com/gaming-laptops/razer-blade-18/RZ09-0582DER9-R3U1
Razer Blade 18 - Dual UHD+ 240 Hz,Razer,6999.99,USD,32,1024,specified,Intel Core Ultra 9 290HX,NVIDIA RTX 5090,NVIDIA,Razer,Intel,InStock,"Razer Blade 18 - Dual UHD+ 240 Hz, Laptops. Intel Core Ultra 9 290HX · 32 GB RAM · 1 TB · NVIDIA RTX 5090 · from $6,999.99. Specs, configurations, and where to buy on Plug PCs.",https://plugpcs.com/p/razer/razer-blade-18-dual-uhd-240-hz-fhd-440-hz-geforce-rtx-5090-black-290hx-128gb,,,laptops,,specified,https://schema.org/InStock,https://www.razer.com/gaming-laptops/razer-blade-18/RZ09-0582EER9-R3U1
RP-16,Eluktronics,1799,USD,32,1024,specified,AMD Ryzen 9 8945HX,NVIDIA RTX 5060,NVIDIA,Eluktronics,AMD,InStock,"RP-16, Laptops. AMD Ryzen 9 8945HX · 32 GB RAM · 1 TB · NVIDIA RTX 5060 · from $1,799. Specs, configurations, and where to buy on Plug PCs.",https://plugpcs.com/p/eluktronics/rp-16,,,laptops,RP16-R950601T32R,specified,https://schema.org/InStock,https://www.eluktronics.com/RP-16-8945HX-5060-1TB-32GB
RP-16,Eluktronics,1999,USD,32,2048,specified,AMD Ryzen 9 8945HX,NVIDIA RTX 5060,NVIDIA,Eluktronics,AMD,InStock,"RP-16, Laptops. AMD Ryzen 9 8945HX · 32 GB RAM · 2 TB · NVIDIA RTX 5060 · from $1,999. Specs, configurations, and where to buy on Plug PCs.",https://plugpcs.com/p/eluktronics/rp-16-rp16-r950602t32r,,,laptops,RP16-R950602T32R,specified,https://schema.org/InStock,https://www.eluktronics.com/RP-16-8945HX-5060-2TB-32GB
RP-16,Eluktronics,1999,USD,32,1024,specified,AMD Ryzen 9 8945HX,NVIDIA RTX 5070,NVIDIA,Eluktronics,AMD,InStock,"RP-16, Laptops. AMD Ryzen 9 8945HX · 32 GB RAM · 1 TB · NVIDIA RTX 5070 · from $1,999. Specs, configurations, and where to buy on Plug PCs.",https://plugpcs.com/p/eluktronics/rp-16-rp16-r950701t32r,,,laptops,RP16-R950701T32R,specified,https://schema.org/InStock,https://www.eluktronics.com/RP-16-8945HX-5070-1TB-32GB
RP-16,Eluktronics,2199,USD,32,2048,specified,AMD Ryzen 9 8945HX,NVIDIA RTX 5070,NVIDIA,Eluktronics,AMD,InStock,"RP-16, Laptops. AMD Ryzen 9 8945HX · 32 GB RAM · 2 TB · NVIDIA RTX 5070 · from $2,199. Specs, configurations, and where to buy on Plug PCs.",https://plugpcs.com/p/eluktronics/rp-16-rp16-r950702t32r,,,laptops,RP16-R950702T32R,specified,https://schema.org/InStock,https://www.eluktronics.com/RP-16-8945HX-5070-2TB-32GB
Satellite Pro C40-K Laptop,Dynabook,959.65,USD,16,512,specified,Intel Core 5 120U,,Unknown,Dynabook,Intel,InStock,"Satellite Pro C40-K Laptop, Laptops. Intel Core 5 120U · 16 GB RAM · 512 GB · from $959.65. Specs, configurations, and where to buy on Plug PCs.",https://plugpcs.com/p/dynabook/14-0-satellite-pro-c40-k-laptop-intel-core-5-120u-16-gb-ram-512-gb-ssd-dis-psy25,,,laptops,,specified,https://schema.org/InStock,https://shop.us.dynabook.com/products/14-0-satellite-pro™-c40-k-laptop-intel®-core™-5-120u-16-gb-ram-512-gb-ssd-dis-psy25u-08501v
Satellite Pro C40-K Laptop,Dynabook,1016.1,USD,16,512,specified,Intel Core 5 120U,,Unknown,Dynabook,Intel,InStock,"Satellite Pro C40-K Laptop, Laptops. Intel Core 5 120U · 16 GB RAM · 512 GB · from $1,016.10. Specs, configurations, and where to buy on Plug PCs.",https://plugpcs.com/p/dynabook/14-0-satellite-pro-c40-k-laptop-intel-core-5-120u-16-gb-ram-512-gb-ssd-psy25u-08,,,laptops,,specified,https://schema.org/InStock,https://shop.us.dynabook.com/products/satellite-pro™-c40-14-0-laptop-intel®-core™-i5-120u-16-gb-ram-512-gb-ssd-psy25u-08501v
Satellite Pro C40-K Laptop,Dynabook,854.1,USD,8,256,specified,Intel Core 5 120U,,Unknown,Dynabook,Intel,InStock,"Satellite Pro C40-K Laptop, Laptops. Intel Core 5 120U · 8 GB RAM · 256 GB · from $854.10. Specs, configurations, and where to buy on Plug PCs.",https://plugpcs.com/p/dynabook/14-0-satellite-pro-c40-k-laptop-intel-core-5-120u-08-gb-ddr4-256-gb-ssd-psy25u-0,,,laptops,,specified,https://schema.org/InStock,https://shop.us.dynabook.com/products/satellite-pro™-c40-14-0-laptop-intel®-core™-i5-120u-8-gb-ddr4-256-gb-ssd-psy25u-06e01v
Satellite Pro C40-K Laptop,Dynabook,1151.1,USD,16,512,specified,Intel Core 7 150U,,Unknown,Dynabook,Intel,InStock,"Satellite Pro C40-K Laptop, Laptops. Intel Core 7 150U · 16 GB RAM · 512 GB · from $1,151.10. Specs, configurations, and where to buy on Plug PCs.",https://plugpcs.com/p/dynabook/14-0-satellite-pro-c40-k-laptop-intel-core-7-150u-16-gb-ddr4-512-gb-ssd-psy25u-0,,,laptops,,specified,https://schema.org/InStock,https://shop.us.dynabook.com/products/satellite-pro™-c40-14-0-laptop-intel®-core™-i7-150u-16-gb-ddr4-512-gb-ssd-psy25u-07m01v
Satellite Pro C40-K Laptop,Dynabook,1583.1,USD,32,1024,specified,Intel Core 7 150U,,Unknown,Dynabook,Intel,InStock,"Satellite Pro C40-K Laptop, Laptops. Intel Core 7 150U · 32 GB RAM · 1 TB · from $1,583.10. Specs, configurations, and where to buy on Plug PCs.",https://plugpcs.com/p/dynabook/14-0-satellite-pro-c40-k-laptop-intel-core-7-150u-32-gb-ddr4-1-tb-ssd-psy25u-095,,,laptops,,specified,https://schema.org/InStock,https://shop.us.dynabook.com/products/satellite-pro™-c40-14-0-laptop-intel®-core™-i7-150u-32-gb-ddr4-1-tb-ssd-psy25u-09501v
Satellite Pro C50-K Laptop,Dynabook,849.15,USD,8,256,specified,Intel Core 5 120U,,Unknown,Dynabook,Intel,InStock,"Satellite Pro C50-K Laptop, Laptops. Intel Core 5 120U · 8 GB RAM · 256 GB · from $849.15. Specs, configurations, and where to buy on Plug PCs.",https://plugpcs.com/p/dynabook/15-6-satellite-pro-c50-k-laptop-intel-core-5-120u-08-gb-ddr4-256-gb-ssd-dis-psy2,,,laptops,,specified,https://schema.org/InStock,https://shop.us.dynabook.com/products/15-6-satellite-pro™-c50-k-laptop-intel®-core™-5-120u-08-gb-ddr4-256-gb-ssd-dis-psy29u-0d101d
Satellite Pro C50-K Laptop,Dynabook,1537.65,USD,32,1024,specified,Intel Core 7 150U,,Unknown,Dynabook,Intel,InStock,"Satellite Pro C50-K Laptop, Laptops. Intel Core 7 150U · 32 GB RAM · 1 TB · from $1,537.65. Specs, configurations, and where to buy on Plug PCs.",https://plugpcs.com/p/dynabook/15-6-satellite-pro-c50-k-laptop-intel-core-7-150u-32-gb-ddr4-1-tb-ssd-dis-psy29u,,,laptops,,specified,https://schema.org/InStock,https://shop.us.dynabook.com/products/15-6-satellite-pro™-c50-k-laptop-intel®-core™-7-150u-32-gb-ddr4-1-tb-ssd-dis-psy29u-4k901d
Satellite Pro C50-K Laptop,Dynabook,1061.1,USD,16,512,specified,Intel Core 5 120U,,Unknown,Dynabook,Intel,InStock,"Satellite Pro C50-K Laptop, Laptops. Intel Core 5 120U · 16 GB RAM · 512 GB · from $1,061.10. Specs, configurations, and where to buy on Plug PCs.",https://plugpcs.com/p/dynabook/15-6-satellite-pro-c50-k-laptop-intel-core-5-120u-16-gb-ddr4-512-gb-ssd-psy29u-0,,,laptops,,specified,https://schema.org/InStock,https://shop.us.dynabook.com/products/satellite-pro™-c50-15-6-laptop-intel®-core™-i5-120u-16-gb-ddr4-512-gb-ssd-psy29u-0fv01d
Satellite Pro C50-K Laptop,Dynabook,899.1,USD,8,256,specified,Intel Core 5 120U,,Unknown,Dynabook,Intel,InStock,"Satellite Pro C50-K Laptop, Laptops. Intel Core 5 120U · 8 GB RAM · 256 GB · from $899.10. Specs, configurations, and where to buy on Plug PCs.",https://plugpcs.com/p/dynabook/15-6-satellite-pro-c50-k-laptop-intel-core-5-120u-08-gb-ddr4-256-gb-ssd-psy29u-0,,,laptops,,specified,https://schema.org/InStock,https://shop.us.dynabook.com/products/satellite-pro™-c50-15-6-laptop-intel®-core™-i5-120u-8-gb-ddr4-256-gb-ssd-psy29u-0d101d
Satellite Pro C50-K Laptop,Dynabook,1196.1,USD,16,512,specified,Intel Core 7 150U,,Unknown,Dynabook,Intel,InStock,"Satellite Pro C50-K Laptop, Laptops. Intel Core 7 150U · 16 GB RAM · 512 GB · from $1,196.10. Specs, configurations, and where to buy on Plug PCs.",https://plugpcs.com/p/dynabook/15-6-satellite-pro-c50-k-laptop-intel-core-7-150u-16-gb-ddr4-512-gb-ssd-psy29u-0,,,laptops,,specified,https://schema.org/InStock,https://shop.us.dynabook.com/products/satellite-pro™-c50-15-6-laptop-intel®-core™-i7-150u-16-gb-ddr4-512-gb-ssd-psy29u-0cy01d
Satellite Pro C50-K Laptop,Dynabook,1628.1,USD,32,1024,specified,Intel Core 7 150U,,Unknown,Dynabook,Intel,InStock,"Satellite Pro C50-K Laptop, Laptops. Intel Core 7 150U · 32 GB RAM · 1 TB · from $1,628.10. Specs, configurations, and where to buy on Plug PCs.",https://plugpcs.com/p/dynabook/15-6-satellite-pro-c50-k-laptop-intel-core-7-150u-32-gb-ddr4-1-tb-ssd-psy29u-4k9,,,laptops,,specified,https://schema.org/InStock,https://shop.us.dynabook.com/products/satellite-pro™-c50-15-6-laptop-intel®-core™-i7-150u-32-gb-ddr4-1-tb-ssd-psy29u-4k901d
"Saturn 15"" v6",Juno Computers,1239,USD,16,1024,specified,Intel Core i7 13620H,NVIDIA RTX 3050,NVIDIA,Juno Computers,Intel,InStock,"Saturn 15"" v6, Laptops. Intel Core i7 13620H · 16 GB RAM · 1 TB · NVIDIA RTX 3050 · from $1,239. Specs, configurations, and where to buy on Plug PCs.",https://plugpcs.com/p/juno/saturn-15-v6,,,laptops,,specified,https://schema.org/InStock,https://junocomputers.com/us/product/saturn-15-v6/
"Saturn 17"" v6",Juno Computers,1285,USD,16,1024,specified,Intel Core i7 13620H,NVIDIA RTX 3050,NVIDIA,Juno Computers,Intel,InStock,"Saturn 17"" v6, Laptops. Intel Core i7 13620H · 16 GB RAM · 1 TB · NVIDIA RTX 3050 · from $1,285. Specs, configurations, and where to buy on Plug PCs.",https://plugpcs.com/p/juno/saturn-17-v6,,,laptops,,specified,https://schema.org/InStock,https://junocomputers.com/us/product/saturn-17-v6/
Serval WS,System76,3599,USD,96,12288,specified,Intel Core Ultra 9 275HX,NVIDIA RTX 5070 Ti,NVIDIA,System76,Intel,InStock,"Serval WS, Laptops. Intel Core Ultra 9 275HX · 96 GB RAM · 12 TB · NVIDIA RTX 5070 Ti · from $3,599. Specs, configurations, and where to buy on Plug PCs.",https://plugpcs.com/p/system76/serval-ws,,,laptops,,specified,https://schema.org/InStock,https://system76.com/laptops/serval-ws
Signature 17,Velocity Micro,4999,USD,32,1024,specified,Intel Core Ultra 9 290HX,NVIDIA RTX 5080,NVIDIA,Velocity Micro,Intel,InStock,"Signature 17, Laptops. Intel Core Ultra 9 290HX · 32 GB RAM · 1 TB · NVIDIA RTX 5080 · from $4,999. Specs, configurations, and where to buy on Plug PCs.",https://plugpcs.com/p/velocitymicro/signature-17,,,laptops,,specified,https://schema.org/InStock,https://www.velocitymicro.com/signature-17-desktop-replacement-laptop.php
StarBook Horizon,Star Labs,1500,USD,32,1024,specified,Intel N305,Intel UHD Graphics,Intel,Star Labs,Intel,InStock,"StarBook Horizon, Laptops. Intel N305 · 32 GB RAM · 1 TB · Intel UHD Graphics · from $1,500. Specs, configurations, and where to buy on Plug PCs.",https://plugpcs.com/p/starlabs/starbook-horizon,,,laptops,,specified,https://schema.org/InStock,https://us.starlabs.systems/products/starbook-horizon
StarBook Horizon Plus,Star Labs,1666,USD,32,1024,specified,Intel N305,Intel UHD Graphics,Intel,Star Labs,Intel,InStock,"StarBook Horizon Plus, Laptops. Intel N305 · 32 GB RAM · 1 TB · Intel UHD Graphics · from $1,666. Specs, configurations, and where to buy on Plug PCs.",https://plugpcs.com/p/starlabs/starbook,,,laptops,,specified,https://schema.org/InStock,https://us.starlabs.systems/products/starbook
StarBook Ultra,Star Labs,2219,USD,16,1024,specified,Intel Core Ultra 7 165H,Intel Arc Graphics,Intel,Star Labs,Intel,InStock,"StarBook Ultra, Laptops. Intel Core Ultra 7 165H · 16 GB RAM · 1 TB · Intel Arc Graphics · from $2,219. Specs, configurations, and where to buy on Plug PCs.",https://plugpcs.com/p/starlabs/starbook-ultra,,,laptops,,specified,https://schema.org/InStock,https://us.starlabs.systems/products/starbook-ultra
StarFighter,Star Labs,2307,USD,32,1024,specified,Intel Core Ultra 5 125H,Intel Arc,Intel,Star Labs,Intel,InStock,"StarFighter, Laptops. Intel Core Ultra 5 125H · 32 GB RAM · 1 TB · Intel Arc · from $2,307. Specs, configurations, and where to buy on Plug PCs.",https://plugpcs.com/p/starlabs/starfighter,,,laptops,,specified,https://schema.org/InStock,https://us.starlabs.systems/products/starfighter
StarFighter Ultra,Star Labs,3426,USD,64,1024,specified,Intel Core Ultra 9 285H,Intel Arc 140T,Intel,Star Labs,Intel,InStock,"StarFighter Ultra, Laptops. Intel Core Ultra 9 285H · 64 GB RAM · 1 TB · Intel Arc 140T · from $3,426. Specs, configurations, and where to buy on Plug PCs.",https://plugpcs.com/p/starlabs/starfighter-ultra,,,laptops,,specified,https://schema.org/InStock,https://us.starlabs.systems/products/starfighter-ultra
StarLite,Star Labs,1114,USD,16,512,specified,Intel N350,Intel UHD Graphics,Intel,Star Labs,Intel,InStock,"StarLite, Laptops. Intel N350 · 16 GB RAM · 512 GB · Intel UHD Graphics · from $1,114. Specs, configurations, and where to buy on Plug PCs.",https://plugpcs.com/p/starlabs/starlite,,,laptops,,specified,https://schema.org/InStock,https://us.starlabs.systems/products/starlite
Stealth 16 AI,MSI,1749,USD,32,1024,specified,Intel Core Ultra 7 255H,NVIDIA RTX 5060 Laptop,NVIDIA,MSI,Intel,InStock,"Stealth 16 AI, Laptops. Intel Core Ultra 7 255H · 32 GB RAM · 1 TB · NVIDIA RTX 5060 Laptop · from $1,749. Specs, configurations, and where to buy on Plug PCs.",https://plugpcs.com/p/msi/stealth-16-ai,,,laptops,,specified,https://schema.org/InStock,https://us-store.msi.com/Laptops/Gaming-Series/Stealth-GS-Series/Stealth-16-AI-A2HWFG-041US
Stealth 18 AI Studio AI-Powered Professional Laptop,MSI,2799,USD,32,1024,specified,Intel Core Ultra 9 185H,NVIDIA RTX 4080 Laptop,NVIDIA,MSI,Intel,InStock,"Stealth 18 AI Studio AI-Powered Professional Laptop, Laptops. Intel Core Ultra 9 185H · 32 GB RAM · 1 TB · NVIDIA RTX 4080 Laptop · from $2,799. Specs, configurations, and where to buy on Plug PCs.",https://plugpcs.com/p/msi/stealth-18-ai-studio-ai-powered-professional-laptop,,,laptops,,specified,https://schema.org/InStock,https://us-store.msi.com/Laptops/Gaming-Series/Stealth-GS-Series/Stealth-18-AI-Studio-A1VHG-008US
Stealth 18 HX AI-Powered Laptop,MSI,3499,USD,64,2048,specified,Intel Core Ultra 9 275HX,NVIDIA RTX 5080 Laptop,NVIDIA,MSI,Intel,InStock,"Stealth 18 HX AI-Powered Laptop, Laptops. Intel Core Ultra 9 275HX · 64 GB RAM · 2 TB · NVIDIA RTX 5080 Laptop · from $3,499. Specs, configurations, and where to buy on Plug PCs.",https://plugpcs.com/p/msi/stealth-18-hx-ai-ai-powered-laptop-stealth-18-hx-ai-a2xwig,,,laptops,,specified,https://schema.org/InStock,https://us-store.msi.com/Laptops/Gaming-Series/Stealth-GS-Series/Stealth-18-HX-AI-A2XWIG-036US
Stealth 18 HX AI-Powered Laptop,MSI,3999,USD,64,2048,specified,Intel Core Ultra 9 275HX,NVIDIA RTX 5090 Laptop,NVIDIA,MSI,Intel,InStock,"Stealth 18 HX AI-Powered Laptop, Laptops. Intel Core Ultra 9 275HX · 64 GB RAM · 2 TB · NVIDIA RTX 5090 Laptop · from $3,999. Specs, configurations, and where to buy on Plug PCs.",https://plugpcs.com/p/msi/stealth-18-hx-ai-ai-powered-laptop-stealth-18-hx-ai-a2xwjg,,,laptops,,specified,https://schema.org/InStock,https://us-store.msi.com/Laptops/Gaming-Series/Stealth-GS-Series/Stealth-18-HX-AI-A2XWJG-035US
Stealth A16 AI+ Gaming Laptop,MSI,1479,USD,32,1024,specified,AMD Ryzen AI 9 365,NVIDIA RTX 4070 Laptop,NVIDIA,MSI,AMD,InStock,"Stealth A16 AI+ Gaming Laptop, Laptops. AMD Ryzen AI 9 365 · 32 GB RAM · 1 TB · NVIDIA RTX 4070 Laptop · from $1,479. Specs, configurations, and where to buy on Plug PCs.",https://plugpcs.com/p/msi/stealth-a16-ai-gaming-laptop,,,laptops,,specified,https://schema.org/InStock,https://us-store.msi.com/Laptops/Gaming-Series/Stealth-GS-Series/Stealth-A16-AI-A3HVGG-002US
Stealth A16 AI+ Gaming Laptop,MSI,2799,USD,32,1024,specified,AMD Ryzen AI 9 365,NVIDIA RTX 5080 Laptop,NVIDIA,MSI,AMD,InStock,"Stealth A16 AI+ Gaming Laptop, Laptops. AMD Ryzen AI 9 365 · 32 GB RAM · 1 TB · NVIDIA RTX 5080 Laptop · from $2,799. Specs, configurations, and where to buy on Plug PCs.",https://plugpcs.com/p/msi/stealth-a16-ai-gaming-laptop-a3hwig-073us,,,laptops,,specified,https://schema.org/InStock,https://us-store.msi.com/Laptops/Gaming-Series/Stealth-GS-Series/Stealth-A16-AI-A3HWIG-073US
Stealth A16 AI+ Gaming Laptop,MSI,2899,USD,32,2048,specified,AMD Ryzen AI 9 365,NVIDIA RTX 5080 Laptop,NVIDIA,MSI,AMD,InStock,"Stealth A16 AI+ Gaming Laptop, Laptops. AMD Ryzen AI 9 365 · 32 GB RAM · 2 TB · NVIDIA RTX 5080 Laptop · from $2,899. Specs, configurations, and where to buy on Plug PCs.",https://plugpcs.com/p/msi/stealth-a16-ai-gaming-laptop-stealth-a16-ai-a3hwig-09,,,laptops,,specified,https://schema.org/InStock,https://us-store.msi.com/Laptops/Gaming-Series/Stealth-GS-Series/Stealth-A16-AI-A3HWIG-097US
Stealth A18 AI+ AI-Powered Laptop,MSI,2799,USD,32,1024,specified,AMD Ryzen AI 9 365,NVIDIA RTX 5080 Laptop,NVIDIA,MSI,AMD,InStock,"Stealth A18 AI+ AI-Powered Laptop, Laptops. AMD Ryzen AI 9 365 · 32 GB RAM · 1 TB · NVIDIA RTX 5080 Laptop · from $2,799. Specs, configurations, and where to buy on Plug PCs.",https://plugpcs.com/p/msi/stealth-a18-ai-ai-powered-laptop,,,laptops,,specified,https://schema.org/InStock,https://us-store.msi.com/Laptops/Gaming-Series/Stealth-GS-Series/Stealth-A18-AI-A3HWIG-019US
Stealth A18 AI+ AI-Powered Laptop,MSI,2899,USD,32,2048,specified,AMD Ryzen AI 9 365,NVIDIA RTX 5080 Laptop,NVIDIA,MSI,AMD,InStock,"Stealth A18 AI+ AI-Powered Laptop, Laptops. AMD Ryzen AI 9 365 · 32 GB RAM · 2 TB · NVIDIA RTX 5080 Laptop · from $2,899. Specs, configurations, and where to buy on Plug PCs.",https://plugpcs.com/p/msi/stealth-a18-ai-ai-powered-laptop-stealth-a18-ai-a3hwig-02,,,laptops,,specified,https://schema.org/InStock,https://us-store.msi.com/Laptops/Gaming-Series/Stealth-GS-Series/Stealth-A18-AI-A3HWIG-028US
Stealth A18 AI+ AI-Powered Laptop,MSI,3999,USD,64,2048,specified,AMD Ryzen AI 9 HX 370,NVIDIA RTX 5090 Laptop,NVIDIA,MSI,AMD,InStock,"Stealth A18 AI+ AI-Powered Laptop, Laptops. AMD Ryzen AI 9 HX 370 · 64 GB RAM · 2 TB · NVIDIA RTX 5090 Laptop · from $3,999. Specs, configurations, and where to buy on Plug PCs.",https://plugpcs.com/p/msi/stealth-a18-ai-ai-powered-laptop-stealth-a18-ai-a3xwjg-00,,,laptops,,specified,https://schema.org/InStock,https://us-store.msi.com/Laptops/Gaming-Series/Stealth-GS-Series/Stealth-A18-AI-A3XWJG-006US
Summit 13 AI+ Evo Laptop,MSI,1199,USD,16,1024,specified,Intel Core Ultra 7 256V,Intel Arc Graphics,Intel,MSI,Intel,InStock,"Summit 13 AI+ Evo Laptop, Laptops. Intel Core Ultra 7 256V · 16 GB RAM · 1 TB · Intel Arc Graphics · from $1,199. Specs, configurations, and where to buy on Plug PCs.",https://plugpcs.com/p/msi/summit-13-ai-evo-laptop,,,laptops,,specified,https://schema.org/InStock,https://us-store.msi.com/Laptops/business-productivity/summit-series/Summit-13-AI-Evo-A2VMTG-016US
Summit E13FlipEvo,MSI,899,USD,16,1024,specified,Intel Core i7 1360P,Intel Iris Xe,Intel,MSI,Intel,InStock,"Summit E13FlipEvo, Laptops. Intel Core i7 1360P · 16 GB RAM · 1 TB · Intel Iris Xe · from $899. Specs, configurations, and where to buy on Plug PCs.",https://plugpcs.com/p/msi/summit-e13flipevo,,,laptops,,specified,https://schema.org/InStock,https://us-store.msi.com/Laptops/business-productivity/summit-series/Summit-E13FlipEvo-A13MT-243US
"Summit E14Evo A12M-026 14"" FHD Intel i5 Ultra Thin Professional Laptop",MSI,799,USD,16,512,specified,Intel Core i5 1240P,Intel Iris Xe,Intel,MSI,Intel,InStock,"Summit E14Evo A12M-026 14"" FHD Intel i5 Ultra Thin Professional Laptop, Laptops. Intel Core i5 1240P · 16 GB RAM · 512 GB · Intel Iris Xe · from $799. Specs, configurations, and where to buy on Plug PCs.",https://plugpcs.com/p/msi/summit-e14evo-a12m-026-14-fhd-intel-i5-ultra-thin-professional-laptop,,,laptops,,specified,https://schema.org/InStock,https://us-store.msi.com/Laptops/business-productivity/Summit-E14Evo-A12M-026
Super 16,Maingear,2699,USD,32,2048,specified,Intel Core Ultra 9 275HX,NVIDIA RTX 5070 Ti Laptop,NVIDIA,Maingear,Intel,InStock,"Super 16, Laptops. Intel Core Ultra 9 275HX · 32 GB RAM · 2 TB · NVIDIA RTX 5070 Ti Laptop · from $2,699. Specs, configurations, and where to buy on Plug PCs.",https://plugpcs.com/p/maingear/super-16,,,laptops,,specified,https://schema.org/InStock,https://maingear.com/products/super-16-rtx-5070-ti
"Surface Laptop, 13-inch (1st Edition)",Surface,949.99,USD,16,256,specified,Snapdragon X Plus,,Unknown,Surface,Qualcomm,InStock,"Surface Laptop, 13-inch (1st Edition), Laptops. Snapdragon X Plus · 16 GB RAM · 256 GB · from $949.99. Specs, configurations, and where to buy on Plug PCs.",https://plugpcs.com/p/microsoft/surface-laptop-13-inch,,,laptops,,specified,https://schema.org/InStock,https://www.microsoft.com/en-us/d/surface-laptop-13-inch/8mzbmmcjzqv3
"Surface Laptop, 13.8-inch (7th Edition)",Surface,1299.99,USD,16,512,specified,Snapdragon X Plus,,Unknown,Surface,Qualcomm,InStock,"Surface Laptop, 13.8-inch (7th Edition), Laptops. Snapdragon X Plus · 16 GB RAM · 512 GB · from $1,299.99. Specs, configurations, and where to buy on Plug PCs.",https://plugpcs.com/p/microsoft/surface-laptop-13-8-inch-7th-edition,,,laptops,,specified,https://schema.org/InStock,https://www.microsoft.com/en-us/d/surface-laptop-138-inch-7th-edition/8mzbmmcjzqjk
"Surface Laptop, 15-inch (7th Edition)",Surface,1499.99,USD,16,256,specified,Snapdragon X Elite,,Unknown,Surface,Qualcomm,InStock,"Surface Laptop, 15-inch (7th Edition), Laptops. Snapdragon X Elite · 16 GB RAM · 256 GB · from $1,499.99. Specs, configurations, and where to buy on Plug PCs.",https://plugpcs.com/p/microsoft/surface-laptop-15-inch-7th-edition,,,laptops,,specified,https://schema.org/InStock,https://www.microsoft.com/en-us/d/surface-laptop-15-inch-7th-edition/8mzbmmcjzqc4
Swift X 14 Laptop,Acer,1599.99,USD,16,1024,specified,Intel Core Ultra 7 255H,NVIDIA RTX 5050,NVIDIA,Acer,Intel,InStock,"Swift X 14 Laptop, Laptops. Intel Core Ultra 7 255H · 16 GB RAM · 1 TB · NVIDIA RTX 5050 · from $1,599.99. Specs, configurations, and where to buy on Plug PCs.",https://plugpcs.com/p/acer/swift-x-14-laptop-nx-jslaa-001,,,laptops,NX.JSLAA.001,specified,https://schema.org/InStock,https://store.acer.com/en-us/swift-x-14-laptop-sfx14-73g-71xl
"SX-R 14.1""",VAIO,1499,USD,32,1024,specified,Intel Core Ultra 7,Intel Arc Graphics,Intel,VAIO,Intel,InStock,"SX-R 14.1"", Laptops. Intel Core Ultra 7 · 32 GB RAM · 1 TB · Intel Arc Graphics · from $1,499. Specs, configurations, and where to buy on Plug PCs.",https://plugpcs.com/p/vaio/sx-r-14-1-windows-11-professional-intel-core-ultra-7-made-in-japan-carbon-fiber,,,laptops,,specified,https://schema.org/InStock,https://us.vaio.com/products/vaio-sx-r-laptop-intel-core-ultra-7-16-core-ai-boosted-14-wqxga-touch-display-2560x1600-32-gb-ram-1tb-ssd-windows-11-pro-made-in-japan-certified-renewed
Tecra A40-M Laptop,Dynabook,1699,USD,64,1024,specified,Intel Core Ultra 5 125H,Intel Arc Graphics,Intel,Dynabook,Intel,InStock,"Tecra A40-M Laptop, Laptops. Intel Core Ultra 5 125H · 64 GB RAM · 1 TB · Intel Arc Graphics · from $1,699. Specs, configurations, and where to buy on Plug PCs.",https://plugpcs.com/p/dynabook/14-0-tecra-a40-m-laptop-intel-core-ultra-5-125h-64-gb-ddr5-1-tb-ssd-dis-pnm13u-1,,,laptops,,specified,https://schema.org/InStock,https://shop.us.dynabook.com/products/14-0-tecra®-a40-m-laptop-intel®-core™-ultra-5-125h-64-gb-ddr5-1-tb-ssd-dis-pnm13u-13900gta
Tecra A40-M Laptop,Dynabook,1439.1,USD,16,512,specified,Intel Core Ultra 5 125U,Intel Arc Graphics,Intel,Dynabook,Intel,InStock,"Tecra A40-M Laptop, Laptops. Intel Core Ultra 5 125U · 16 GB RAM · 512 GB · Intel Arc Graphics · from $1,439.10. Specs, configurations, and where to buy on Plug PCs.",https://plugpcs.com/p/dynabook/14-0-tecra-a40-m-laptop-intel-core-ultra-5-125u-16-gb-ddr5-512-gb-ssd-pnm11u-0r2,,,laptops,,specified,https://schema.org/InStock,https://shop.us.dynabook.com/products/14-0-tecra®-a40-m-laptop-intel®-core™-ultra-5-125u-16-gb-ddr5-512-gb-ssd-pnm11u-0r2015
Tecra A40-M Laptop,Dynabook,1367.1,USD,16,512,specified,Intel Core Ultra 5 225U,Intel Arc Graphics,Intel,Dynabook,Intel,InStock,"Tecra A40-M Laptop, Laptops. Intel Core Ultra 5 225U · 16 GB RAM · 512 GB · Intel Arc Graphics · from $1,367.10. Specs, configurations, and where to buy on Plug PCs.",https://plugpcs.com/p/dynabook/tecra-a40-m-laptop,,,laptops,,specified,https://schema.org/InStock,https://shop.us.dynabook.com/products/14-0-tecra®-a40-m-laptop-intel®-core™-ultra-5-225u-16-gb-ddr5-512-gb-ssd-pnm21u-0pq006
Tecra A40-M Laptop,Dynabook,1000,USD,16,256,specified,Intel Core Ultra 7 155H,Intel Arc Graphics,Intel,Dynabook,Intel,InStock,"Tecra A40-M Laptop, Laptops. Intel Core Ultra 7 155H · 16 GB RAM · 256 GB · Intel Arc Graphics · from $1,000. Specs, configurations, and where to buy on Plug PCs.",https://plugpcs.com/p/dynabook/14-0-tecra-a40-m-laptop-intel-core-ultra-7-155h-16-gb-ddr5-256-gb-ssd-dis-pnm11u,,,laptops,,specified,https://schema.org/InStock,https://shop.us.dynabook.com/products/14-0-tecra®-a40-m-laptop-intel®-core™-ultra-7-155h-16-gb-ddr5-256-gb-ssd-dis-pnm11u-04500e
Tecra A40-M Laptop,Dynabook,1457.1,USD,16,512,specified,Intel Core Ultra 7 255U,Intel Arc Graphics,Intel,Dynabook,Intel,InStock,"Tecra A40-M Laptop, Laptops. Intel Core Ultra 7 255U · 16 GB RAM · 512 GB · Intel Arc Graphics · from $1,457.10. Specs, configurations, and where to buy on Plug PCs.",https://plugpcs.com/p/dynabook/14-0-tecra-a40-m-laptop-intel-core-ultra-7-255u-16-gb-ddr5-512-gb-ssd-pnm21u-0pr,,,laptops,,specified,https://schema.org/InStock,https://shop.us.dynabook.com/products/14-0-tecra®-a40-m-laptop-intel®-core™-ultra-7-155h-16-gb-ddr5-512-gb-ssd-pnm21u-0pr006
Tecra A40-M Laptop,Dynabook,1050,USD,16,256,specified,Intel Core Ultra 7 155H,Intel Arc Graphics,Intel,Dynabook,Intel,InStock,"Tecra A40-M Laptop, Laptops. Intel Core Ultra 7 155H · 16 GB RAM · 256 GB · Intel Arc Graphics · from $1,050. Specs, configurations, and where to buy on Plug PCs.",https://plugpcs.com/p/dynabook/14-0-tecra-a40-m-laptop-intel-core-ultra-7-155h-16-gb-ddr5-256-gb-ssd-dis-pnm11u-pnm11u-0c,,,laptops,,specified,https://schema.org/InStock,https://shop.us.dynabook.com/products/14-tecra®-a40-m-laptop-intel®-core™-ultra-7-155h-16-gb-ddr5-256-gb-ssd-dis-pnm11u-0cw004
Tecra A40-M Laptop,Dynabook,1369,USD,8,256,specified,Intel Core Ultra 5 125U,Intel Arc Graphics,Intel,Dynabook,Intel,InStock,"Tecra A40-M Laptop, Laptops. Intel Core Ultra 5 125U · 8 GB RAM · 256 GB · Intel Arc Graphics · from $1,369. Specs, configurations, and where to buy on Plug PCs.",https://plugpcs.com/p/dynabook/14-0-tecra-a40-m-laptop-intel-core-ultra-5-125u-08-gb-ddr5-256-gb-ssd-pnm11u-0qk,,,laptops,,specified,https://schema.org/InStock,https://shop.us.dynabook.com/products/tecra®-a40-14-0-laptop-intel®-core™-ultra-5-125u-8-gb-ddr5-256-gb-ssd-pnm11u-0qk015
Tecra A40-P Laptop,Dynabook,1412.1,USD,16,512,specified,Intel Core Ultra 5 325,Intel Arc Graphics,Intel,Dynabook,Intel,InStock,"Tecra A40-P Laptop, Laptops. Intel Core Ultra 5 325 · 16 GB RAM · 512 GB · Intel Arc Graphics · from $1,412.10. Specs, configurations, and where to buy on Plug PCs.",https://plugpcs.com/p/dynabook/tecra-a40-p-laptop,,,laptops,,specified,https://schema.org/InStock,https://shop.us.dynabook.com/products/14-0-tecra®-a40-m-laptop-intel®-core™-ultra-5-325-16-gb-ddr5-512-gb-ssd-pnm31u-00q004
Tecra A45-M Laptop,Dynabook,755.1,USD,16,512,specified,AMD Ryzen 5 220,,Unknown,Dynabook,AMD,InStock,"Tecra A45-M Laptop, Laptops. AMD Ryzen 5 220 · 16 GB RAM · 512 GB · from $755.10. Specs, configurations, and where to buy on Plug PCs.",https://plugpcs.com/p/dynabook/14-0-tecra-a45-m-laptop-amd-ryzen-5-220-16-gb-ddr5-512-gb-ssd-bhm11u-00u004,,,laptops,,specified,https://schema.org/InStock,https://shop.us.dynabook.com/products/14-0-tecra®-a45-m-laptop-amd®-ryzen™-5-220-16-gb-ddr5-512-gb-ssd-bhm11u-00u004
Tecra A45-M Laptop,Dynabook,926.1,USD,16,512,specified,AMD Ryzen 7 250,,Unknown,Dynabook,AMD,InStock,"Tecra A45-M Laptop, Laptops. AMD Ryzen 7 250 · 16 GB RAM · 512 GB · from $926.10. Specs, configurations, and where to buy on Plug PCs.",https://plugpcs.com/p/dynabook/14-0-tecra-a45-m-laptop-amd-ryzen-7-250-16-gb-ddr5-512-gb-ssd-bhm11u-00v004,,,laptops,,specified,https://schema.org/InStock,https://shop.us.dynabook.com/products/14-0-tecra®-a45-m-laptop-amd®-ryzen™-7-250-16-gb-ddr5-512-gb-ssd-bhm11u-00v004
Tecra A45-M Laptop,Dynabook,1349.1,USD,16,512,specified,AMD Ryzen 7 250,,Unknown,Dynabook,AMD,InStock,"Tecra A45-M Laptop, Laptops. AMD Ryzen 7 250 · 16 GB RAM · 512 GB · from $1,349.10. Specs, configurations, and where to buy on Plug PCs.",https://plugpcs.com/p/dynabook/14-0-tecra-a45-m-laptop-amd-ryzen-7-250-16-gb-ddr5-512-gb-ssd-bhm11u-01200s,,,laptops,,specified,https://schema.org/InStock,https://shop.us.dynabook.com/products/14-0-tecra®-a45-m-laptop-amd®-ryzen™-7-250-16-gb-ddr5-512-gb-ssd-bhm11u-01200s
Tecra A60-M Laptop,Dynabook,1412.1,USD,16,512,specified,Intel Core Ultra 5 225U,Intel Arc Graphics,Intel,Dynabook,Intel,InStock,"Tecra A60-M Laptop, Laptops. Intel Core Ultra 5 225U · 16 GB RAM · 512 GB · Intel Arc Graphics · from $1,412.10. Specs, configurations, and where to buy on Plug PCs.",https://plugpcs.com/p/dynabook/tecra-a60-m-laptop,,,laptops,,specified,https://schema.org/InStock,https://shop.us.dynabook.com/products/16-0-tecra®-a60-m-laptop-intel®-core™-ultra-5-225u-16-gb-ddr5-512-gb-ssd-pnl21u-0jd004
Tecra A60-M Laptop,Dynabook,1200,USD,16,512,specified,Intel Core Ultra 7 155H,Intel Arc Graphics,Intel,Dynabook,Intel,InStock,"Tecra A60-M Laptop, Laptops. Intel Core Ultra 7 155H · 16 GB RAM · 512 GB · Intel Arc Graphics · from $1,200. Specs, configurations, and where to buy on Plug PCs.",https://plugpcs.com/p/dynabook/16-0-tecra-a60-m-laptop-intel-core-ultra-7-155h-16-gb-ddr5-512-gb-ssd-dis-pnl11u,,,laptops,,specified,https://schema.org/InStock,https://shop.us.dynabook.com/products/16-tecra®-a60-m-laptop-intel®-core™-ultra-7-155h-16-gb-ddr5-512-gb-ssd-dis-pnl11u-11c00c
Tecra A60-M Laptop,Dynabook,1439.1,USD,16,512,specified,Intel Core Ultra 5 125U,Intel Arc Graphics,Intel,Dynabook,Intel,InStock,"Tecra A60-M Laptop, Laptops. Intel Core Ultra 5 125U · 16 GB RAM · 512 GB · Intel Arc Graphics · from $1,439.10. Specs, configurations, and where to buy on Plug PCs.",https://plugpcs.com/p/dynabook/16-0-tecra-a60-m-laptop-intel-core-ultra-5-125u-16-gb-ddr5-512-gb-ssd-pnl11u-15c,,,laptops,,specified,https://schema.org/InStock,https://shop.us.dynabook.com/products/tecra®-a60-16-0-laptop-intel®-core™-ultra-5-125u-16-gb-ddr5-512-gb-ssd-pnl11u-15c011
Tecra A60-M Laptop,Dynabook,1277.1,USD,8,256,specified,Intel Core Ultra 5 125U,Intel Arc Graphics,Intel,Dynabook,Intel,InStock,"Tecra A60-M Laptop, Laptops. Intel Core Ultra 5 125U · 8 GB RAM · 256 GB · Intel Arc Graphics · from $1,277.10. Specs, configurations, and where to buy on Plug PCs.",https://plugpcs.com/p/dynabook/16-0-tecra-a60-m-laptop-intel-core-ultra-5-125u-08-gb-ddr5-256-gb-ssd-pnl11u-0dh,,,laptops,,specified,https://schema.org/InStock,https://shop.us.dynabook.com/products/tecra®-a60-16-0-laptop-intel®-core™-ultra-5-125u-8-gb-ddr5-256-gb-ssd-pnl11u-0dh011
"ThinkBook 14 2-in-1 Gen 6 Intel (14"")",Lenovo,1319,USD,16,512,specified,Intel Core Ultra 5 325,,Unknown,Lenovo,Intel,InStock,"ThinkBook 14 2-in-1 Gen 6 Intel (14""), Laptops. Intel Core Ultra 5 325 · 16 GB RAM · 512 GB · from $1,319. Specs, configurations, and where to buy on Plug PCs.",https://plugpcs.com/p/lenovo/thinkbook-14-2-in-1-gen-6-intel-14,,,laptops,22AR000KUS,specified,https://schema.org/InStock,https://www.lenovo.com/us/en/p/laptops/thinkbook/thinkbook2-in-1/lenovo-thinkbook-14-2-in-1-gen-6-14-inch-intel-laptop/22ar000kus
"ThinkBook 14 2-in-1 Gen 6 Intel (14"")",Lenovo,1914,USD,16,256,specified,Intel Core Ultra 5 325,,Unknown,Lenovo,Intel,InStock,"ThinkBook 14 2-in-1 Gen 6 Intel (14""), Laptops. Intel Core Ultra 5 325 · 16 GB RAM · 256 GB · from $1,914. Specs, configurations, and where to buy on Plug PCs.",https://plugpcs.com/p/lenovo/thinkbook-14-2-in-1-gen-6-intel-14-22arcto1wwus1,,,laptops,22ARCTO1WWUS1,specified,https://schema.org/InStock,https://www.lenovo.com/us/en/p/laptops/thinkbook/thinkbook2-in-1/lenovo-thinkbook-14-2-in-1-gen-6-14-inch-intel-laptop/22arcto1wwus1
"ThinkBook 14 Gen 9 Intel (14"")",Lenovo,1359,USD,16,512,specified,Intel Core Ultra 7 355,,Unknown,Lenovo,Intel,InStock,"ThinkBook 14 Gen 9 Intel (14""), Laptops. Intel Core Ultra 7 355 · 16 GB RAM · 512 GB · from $1,359. Specs, configurations, and where to buy on Plug PCs.",https://plugpcs.com/p/lenovo/thinkbook-14-gen-9-intel-14-21ux000hus,,,laptops,21UX000HUS,specified,https://schema.org/InStock,https://www.lenovo.com/us/en/p/laptops/thinkbook/thinkbook-series/lenovo-thinkbook-14-gen-9-14-inch-intel/21ux000hus
"ThinkBook 14 Gen 9 Intel (14"")",Lenovo,1514,USD,16,512,specified,Intel Core 7 240H,,Unknown,Lenovo,Intel,InStock,"ThinkBook 14 Gen 9 Intel (14""), Laptops. Intel Core 7 240H · 16 GB RAM · 512 GB · from $1,514. Specs, configurations, and where to buy on Plug PCs.",https://plugpcs.com/p/lenovo/thinkbook-14-gen-9-intel-14-21uy000cus,,,laptops,21UY000CUS,specified,https://schema.org/InStock,https://www.lenovo.com/us/en/p/laptops/thinkbook/thinkbook-series/lenovo-thinkbook-14-gen-9-14-inch-intel/21uy000cus
"ThinkBook 14 Gen 9 Intel (14"")",Lenovo,1229,USD,16,512,specified,Intel Core 5 210H,,Unknown,Lenovo,Intel,InStock,"ThinkBook 14 Gen 9 Intel (14""), Laptops. Intel Core 5 210H · 16 GB RAM · 512 GB · from $1,229. Specs, configurations, and where to buy on Plug PCs.",https://plugpcs.com/p/lenovo/thinkbook-14-gen-9-intel-14-21uy000dus,,,laptops,21UY000DUS,specified,https://schema.org/InStock,https://www.lenovo.com/us/en/p/laptops/thinkbook/thinkbook-series/lenovo-thinkbook-14-gen-9-14-inch-intel/21uy000dus
"ThinkBook 14x Intel (14"") Laptop - Luna Grey",Lenovo,949,USD,16,512,specified,Intel Core Ultra 7 256V,,Unknown,Lenovo,Intel,InStock,"ThinkBook 14x Intel (14"") Laptop - Luna Grey, Laptops. Intel Core Ultra 7 256V · 16 GB RAM · 512 GB · from $949. Specs, configurations, and where to buy on Plug PCs.",https://plugpcs.com/p/lenovo/thinkbook-14x-intel-14-laptop-luna-grey-22bg007kus,,,laptops,22BG007KUS,specified,https://schema.org/InStock,https://www.lenovo.com/us/en/p/laptops/thinkbook/thinkbook-x/thinkbook-14x-14-inch-intel/22bg007kus
"ThinkBook 14x Intel (14"") Laptop - Luna Grey",Lenovo,849,USD,16,512,specified,Intel Core Ultra 5 226V,,Unknown,Lenovo,Intel,InStock,"ThinkBook 14x Intel (14"") Laptop - Luna Grey, Laptops. Intel Core Ultra 5 226V · 16 GB RAM · 512 GB · from $849. Specs, configurations, and where to buy on Plug PCs.",https://plugpcs.com/p/lenovo/thinkbook-14x-intel-14-laptop-luna-grey-22bg007lus,,,laptops,22BG007LUS,specified,https://schema.org/InStock,https://www.lenovo.com/us/en/p/laptops/thinkbook/thinkbook-x/thinkbook-14x-14-inch-intel/22bg007lus
"ThinkBook 16 Gen 9 Intel (16"")",Lenovo,1439,USD,16,512,specified,Intel Core 7 240H,,Unknown,Lenovo,Intel,InStock,"ThinkBook 16 Gen 9 Intel (16""), Laptops. Intel Core 7 240H · 16 GB RAM · 512 GB · from $1,439. Specs, configurations, and where to buy on Plug PCs.",https://plugpcs.com/p/lenovo/thinkbook-16-gen-9-intel-16-21us0003us,,,laptops,21US0003US,specified,https://schema.org/InStock,https://www.lenovo.com/us/en/p/laptops/thinkbook/thinkbook-series/lenovo-thinkbook-16-gen-9-16-inch-intel/21us0003us
"ThinkBook 16 Gen 9 Intel (16"")",Lenovo,1219,USD,16,512,specified,Intel Core 5 210H,,Unknown,Lenovo,Intel,InStock,"ThinkBook 16 Gen 9 Intel (16""), Laptops. Intel Core 5 210H · 16 GB RAM · 512 GB · from $1,219. Specs, configurations, and where to buy on Plug PCs.",https://plugpcs.com/p/lenovo/thinkbook-16-gen-9-intel-16-21us0004us,,,laptops,21US0004US,specified,https://schema.org/InStock,https://www.lenovo.com/us/en/p/laptops/thinkbook/thinkbook-series/lenovo-thinkbook-16-gen-9-16-inch-intel/21us0004us
"ThinkBook Plus Gen 7 Auto Twist Intel (14"")",Lenovo,2109,USD,32,512,specified,Intel Core Ultra 5 325,,Unknown,Lenovo,Intel,InStock,"ThinkBook Plus Gen 7 Auto Twist Intel (14""), Laptops. Intel Core Ultra 5 325 · 32 GB RAM · 512 GB · from $2,109. Specs, configurations, and where to buy on Plug PCs.",https://plugpcs.com/p/lenovo/thinkbook-plus-gen-7-auto-twist-intel-14,,,laptops,22A90002US,specified,https://schema.org/InStock,https://www.lenovo.com/us/en/p/laptops/thinkbook/thinkbook-plus/lenovo-thinkbook-plus-gen-7-auto-twist-14-inch-intel/22a90002us
"ThinkPad E14 Gen 7 (14"" Intel)",Lenovo,1269,USD,32,512,specified,Intel Core Ultra 7 258V,,Unknown,Lenovo,Intel,InStock,"ThinkPad E14 Gen 7 (14"" Intel), Laptops. Intel Core Ultra 7 258V · 32 GB RAM · 512 GB · from $1,269. Specs, configurations, and where to buy on Plug PCs.",https://plugpcs.com/p/lenovo/thinkpad-e14-gen-7-14-intel,,,laptops,21U2CTO1WWUS1,specified,https://schema.org/InStock,https://www.lenovo.com/us/en/p/laptops/thinkpad/thinkpade/thinkpad-e14-gen-7-14-inch-intel-laptop/21u2cto1wwus1
"ThinkPad E14 Gen 7 Intel (14"")",Lenovo,1399,USD,16,256,specified,Intel Core Ultra 5 225U,,Unknown,Lenovo,Intel,InStock,"ThinkPad E14 Gen 7 Intel (14""), Laptops. Intel Core Ultra 5 225U · 16 GB RAM · 256 GB · from $1,399. Specs, configurations, and where to buy on Plug PCs.",https://plugpcs.com/p/lenovo/thinkpad-e14-gen-7-intel-14-21sxcto1wwus3,,,laptops,21SXCTO1WWUS3,specified,https://schema.org/InStock,https://www.lenovo.com/us/en/p/laptops/thinkpad/thinkpade/thinkpad-e14-gen-7-14-inch-intel/21sxcto1wwus3
"ThinkPad E14 Gen 8 AMD (14"")",Lenovo,1229,USD,16,512,specified,AMD Ryzen AI 5 330,AMD Radeon 820M,AMD,Lenovo,AMD,InStock,"ThinkPad E14 Gen 8 AMD (14""), Laptops. AMD Ryzen AI 5 330 · 16 GB RAM · 512 GB · AMD Radeon 820M · from $1,229. Specs, configurations, and where to buy on Plug PCs.",https://plugpcs.com/p/lenovo/thinkpad-e14-gen-8-amd-14,,,laptops,21Y20059US,specified,https://schema.org/InStock,https://www.lenovo.com/us/en/p/laptops/thinkpad/thinkpade/thinkpad-e14-gen-8-14-inch-amd/21y20059us
"ThinkPad E14 Gen 8 AMD (14"")",Lenovo,1339,USD,16,512,specified,AMD Ryzen AI 7 345,AMD Radeon 840M,AMD,Lenovo,AMD,InStock,"ThinkPad E14 Gen 8 AMD (14""), Laptops. AMD Ryzen AI 7 345 · 16 GB RAM · 512 GB · AMD Radeon 840M · from $1,339. Specs, configurations, and where to buy on Plug PCs.",https://plugpcs.com/p/lenovo/thinkpad-e14-gen-8-amd-14-21y2005dus,,,laptops,21Y2005DUS,specified,https://schema.org/InStock,https://www.lenovo.com/us/en/p/laptops/thinkpad/thinkpade/thinkpad-e14-gen-8-14-inch-amd/21y2005dus
"ThinkPad E14 Gen 8 Intel (14"")",Lenovo,1419,USD,16,256,specified,Intel Core Ultra 5 325,,Unknown,Lenovo,Intel,InStock,"ThinkPad E14 Gen 8 Intel (14""), Laptops. Intel Core Ultra 5 325 · 16 GB RAM · 256 GB · from $1,419. Specs, configurations, and where to buy on Plug PCs.",https://plugpcs.com/p/lenovo/thinkpad-e14-gen-8-intel-14,,,laptops,21Y6CTO1WWUS1,specified,https://schema.org/InStock,https://www.lenovo.com/us/en/p/laptops/thinkpad/thinkpade/lenovo-thinkpad-e14-gen-8-14-inch-intel-laptop/21y6cto1wwus1
"ThinkPad E14 Gen 8 Intel (14"") - Eclipse Black",Lenovo,1299,USD,16,512,specified,Intel Core Ultra 5 325,,Unknown,Lenovo,Intel,InStock,"ThinkPad E14 Gen 8 Intel (14"") - Eclipse Black, Laptops. Intel Core Ultra 5 325 · 16 GB RAM · 512 GB · from $1,299. Specs, configurations, and where to buy on Plug PCs.",https://plugpcs.com/p/lenovo/thinkpad-e14-gen-8-intel-14-eclipse-black,,,laptops,21Y6001GUS,specified,https://schema.org/InStock,https://www.lenovo.com/us/en/p/laptops/thinkpad/thinkpade/lenovo-thinkpad-e14-gen-8-14-inch-intel-laptop/21y6001gus
"ThinkPad E14 Gen 8 Intel (14"") - Eclipse Black",Lenovo,1569,USD,16,512,specified,Intel Core Ultra 7 355,,Unknown,Lenovo,Intel,InStock,"ThinkPad E14 Gen 8 Intel (14"") - Eclipse Black, Laptops. Intel Core Ultra 7 355 · 16 GB RAM · 512 GB · from $1,569. Specs, configurations, and where to buy on Plug PCs.",https://plugpcs.com/p/lenovo/thinkpad-e14-gen-8-intel-14-eclipse-black-21y6001hus,,,laptops,21Y6001HUS,specified,https://schema.org/InStock,https://www.lenovo.com/us/en/p/laptops/thinkpad/thinkpade/lenovo-thinkpad-e14-gen-8-14-inch-intel-laptop/21y6001hus
"ThinkPad E14 Gen 8 Intel (14"") Laptop",Lenovo,1469,USD,16,512,specified,Intel Core 7 350,,Unknown,Lenovo,Intel,InStock,"ThinkPad E14 Gen 8 Intel (14"") Laptop, Laptops. Intel Core 7 350 · 16 GB RAM · 512 GB · from $1,469. Specs, configurations, and where to buy on Plug PCs.",https://plugpcs.com/p/lenovo/thinkpad-e14-gen-8-intel-14-laptop,,,laptops,21Y8000XUS,specified,https://schema.org/InStock,https://www.lenovo.com/us/en/p/laptops/thinkpad/thinkpade/thinkpad-e14-gen-8-14-inch-intel/21y8000xus
"ThinkPad E14 Gen 8 Intel (14"") Laptop",Lenovo,1319,USD,16,512,specified,Intel Core 5 320,,Unknown,Lenovo,Intel,InStock,"ThinkPad E14 Gen 8 Intel (14"") Laptop, Laptops. Intel Core 5 320 · 16 GB RAM · 512 GB · from $1,319. Specs, configurations, and where to buy on Plug PCs.",https://plugpcs.com/p/lenovo/thinkpad-e14-gen-8-intel-14-laptop-21y80010us,,,laptops,21Y80010US,specified,https://schema.org/InStock,https://www.lenovo.com/us/en/p/laptops/thinkpad/thinkpade/thinkpad-e14-gen-8-14-inch-intel/21y80010us
"ThinkPad E14 Gen 8 Intel (14"") Laptop",Lenovo,1859,USD,24,512,specified,Intel Core 7 350,,Unknown,Lenovo,Intel,InStock,"ThinkPad E14 Gen 8 Intel (14"") Laptop, Laptops. Intel Core 7 350 · 24 GB RAM · 512 GB · from $1,859. Specs, configurations, and where to buy on Plug PCs.",https://plugpcs.com/p/lenovo/thinkpad-e14-gen-8-intel-14-laptop-21y8006lus,,,laptops,21Y8006LUS,specified,https://schema.org/InStock,https://www.lenovo.com/us/en/p/laptops/thinkpad/thinkpade/thinkpad-e14-gen-8-14-inch-intel/21y8006lus
"ThinkPad E16 Gen 4 Intel (16"")",Lenovo,1489,USD,16,256,specified,Intel Core Ultra 5 325,,Unknown,Lenovo,Intel,InStock,"ThinkPad E16 Gen 4 Intel (16""), Laptops. Intel Core Ultra 5 325 · 16 GB RAM · 256 GB · from $1,489. Specs, configurations, and where to buy on Plug PCs.",https://plugpcs.com/p/lenovo/thinkpad-e16-gen-4-intel-16-21yccto1wwus1,,,laptops,21YCCTO1WWUS1,specified,https://schema.org/InStock,https://www.lenovo.com/us/en/p/laptops/thinkpad/thinkpade/lenovo-thinkpad-e16-gen-4-16-inch-intel-laptop/21yccto1wwus1
"ThinkPad E16 Gen 4 Intel (16"")",Lenovo,1449,USD,16,512,specified,Intel Core 7 350,,Unknown,Lenovo,Intel,InStock,"ThinkPad E16 Gen 4 Intel (16""), Laptops. Intel Core 7 350 · 16 GB RAM · 512 GB · from $1,449. Specs, configurations, and where to buy on Plug PCs.",https://plugpcs.com/p/lenovo/thinkpad-e16-gen-4-intel-16-21ye000cus,,,laptops,21YE000CUS,specified,https://schema.org/InStock,https://www.lenovo.com/us/en/p/laptops/thinkpad/thinkpade/thinkpad-e16-gen-4-16-inch-intel/21ye000cus
"ThinkPad E16 Gen 4 Intel (16"")",Lenovo,1269,USD,16,512,specified,Intel Core 5 320,,Unknown,Lenovo,Intel,InStock,"ThinkPad E16 Gen 4 Intel (16""), Laptops. Intel Core 5 320 · 16 GB RAM · 512 GB · from $1,269. Specs, configurations, and where to buy on Plug PCs.",https://plugpcs.com/p/lenovo/thinkpad-e16-gen-4-intel-16-21ye000dus,,,laptops,21YE000DUS,specified,https://schema.org/InStock,https://www.lenovo.com/us/en/p/laptops/thinkpad/thinkpade/thinkpad-e16-gen-4-16-inch-intel/21ye000dus
"ThinkPad L14 Gen 7 Intel (14"")",Lenovo,1339,USD,16,512,specified,Intel Core Ultra 5 325,,Unknown,Lenovo,Intel,InStock,"ThinkPad L14 Gen 7 Intel (14""), Laptops. Intel Core Ultra 5 325 · 16 GB RAM · 512 GB · from $1,339. Specs, configurations, and where to buy on Plug PCs.",https://plugpcs.com/p/lenovo/thinkpad-l14-gen-7-intel-14,,,laptops,21X2002KUS,specified,https://schema.org/InStock,https://www.lenovo.com/us/en/p/laptops/thinkpad/thinkpadl/lenovo-thinkpad-l14-gen-7-14-inch-intel/21x2002kus
"ThinkPad L16 Gen 3 Intel (16"")",Lenovo,1399,USD,16,512,specified,Intel Core Ultra 5 325,,Unknown,Lenovo,Intel,InStock,"ThinkPad L16 Gen 3 Intel (16""), Laptops. Intel Core Ultra 5 325 · 16 GB RAM · 512 GB · from $1,399. Specs, configurations, and where to buy on Plug PCs.",https://plugpcs.com/p/lenovo/thinkpad-l16-gen-3-intel-16,,,laptops,21X80029US,specified,https://schema.org/InStock,https://www.lenovo.com/us/en/p/laptops/thinkpad/thinkpadl/lenovo-thinkpad-l16-gen-3-16-inch-intel/21x80029us
"ThinkPad P1 Gen 7 Intel (16"") Mobile Workstation",Lenovo,3389,USD,32,2048,specified,Intel Core Ultra 7 165H,NVIDIA RTX 1000 Ada Laptop,NVIDIA,Lenovo,Intel,InStock,"ThinkPad P1 Gen 7 Intel (16"") Mobile Workstation, Laptops. Intel Core Ultra 7 165H · 32 GB RAM · 2 TB · NVIDIA RTX 1000 Ada Laptop · from $3,389. Specs, configurations, and where to buy on Plug PCs.",https://plugpcs.com/p/lenovo/thinkpad-p1-gen-7-intel-16-mobile-workstation-21kv0046us,,,laptops,21KV0046US,specified,https://schema.org/InStock,https://www.lenovo.com/us/en/p/laptops/thinkpad/thinkpadp/thinkpad-p1-gen-7-16-inch-intel/21kv0046us
"ThinkPad P1 Gen 8 Intel (16"") Mobile Workstation",Lenovo,4417.56,USD,32,1024,specified,Intel Core Ultra 7 255H,,Unknown,Lenovo,Intel,InStock,"ThinkPad P1 Gen 8 Intel (16"") Mobile Workstation, Laptops. Intel Core Ultra 7 255H · 32 GB RAM · 1 TB · from $4,417.56. Specs, configurations, and where to buy on Plug PCs.",https://plugpcs.com/p/lenovo/thinkpad-p1-gen-8-intel-16-mobile-workstation,,,laptops,21Q80012US,specified,https://schema.org/InStock,https://www.lenovo.com/us/en/p/laptops/thinkpad/thinkpadp/lenovo-thinkpad-p1-gen-8-16-inch-intel-mobile-workstation/21q80012us
"ThinkPad P1 Gen 8 Intel (16"") Mobile Workstation",Lenovo,5729,USD,64,2048,specified,Intel Core Ultra 7 265H,,Unknown,Lenovo,Intel,InStock,"ThinkPad P1 Gen 8 Intel (16"") Mobile Workstation, Laptops. Intel Core Ultra 7 265H · 64 GB RAM · 2 TB · from $5,729. Specs, configurations, and where to buy on Plug PCs.",https://plugpcs.com/p/lenovo/thinkpad-p1-gen-8-intel-16-mobile-workstation-21q80025us,,,laptops,21Q80025US,specified,https://schema.org/InStock,https://www.lenovo.com/us/en/p/laptops/thinkpad/thinkpadp/lenovo-thinkpad-p1-gen-8-16-inch-intel-mobile-workstation/21q80025us
"ThinkPad P1 Gen 8 Intel (16"") Mobile Workstation",Lenovo,4679,USD,64,2048,specified,Intel Core Ultra 9 285H,,Unknown,Lenovo,Intel,InStock,"ThinkPad P1 Gen 8 Intel (16"") Mobile Workstation, Laptops. Intel Core Ultra 9 285H · 64 GB RAM · 2 TB · from $4,679. Specs, configurations, and where to buy on Plug PCs.",https://plugpcs.com/p/lenovo/thinkpad-p1-gen-8-intel-16-mobile-workstation-21q80026us,,,laptops,21Q80026US,specified,https://schema.org/InStock,https://www.lenovo.com/us/en/p/laptops/thinkpad/thinkpadp/lenovo-thinkpad-p1-gen-8-16-inch-intel-mobile-workstation/21q80026us
"ThinkPad P1 Gen 9 Intel (16"") Mobile Workstation",Lenovo,5729,USD,64,2048,specified,Intel Core Ultra 9 386H,,Unknown,Lenovo,Intel,InStock,"ThinkPad P1 Gen 9 Intel (16"") Mobile Workstation, Laptops. Intel Core Ultra 9 386H · 64 GB RAM · 2 TB · from $5,729. Specs, configurations, and where to buy on Plug PCs.",https://plugpcs.com/p/lenovo/thinkpad-p1-gen-9-intel-16-mobile-workstation-21ue0010us,,,laptops,21UE0010US,specified,https://schema.org/InStock,https://www.lenovo.com/us/en/p/laptops/thinkpad/thinkpadp/thinkpad-p1-gen-9-16-inch-intel-mobile-workstation/21ue0010us
"ThinkPad P1 Gen 9 Intel (16"") Mobile Workstation",Lenovo,6069,USD,64,2048,specified,Intel Core Ultra 9 386H,,Unknown,Lenovo,Intel,InStock,"ThinkPad P1 Gen 9 Intel (16"") Mobile Workstation, Laptops. Intel Core Ultra 9 386H · 64 GB RAM · 2 TB · from $6,069. Specs, configurations, and where to buy on Plug PCs.",https://plugpcs.com/p/lenovo/thinkpad-p1-gen-9-intel-16-mobile-workstation-21ue0014us,,,laptops,21UE0014US,specified,https://schema.org/InStock,https://www.lenovo.com/us/en/p/laptops/thinkpad/thinkpadp/thinkpad-p1-gen-9-16-inch-intel-mobile-workstation/21ue0014us
"ThinkPad P1 Gen 9 Intel (16"") Mobile Workstation",Lenovo,5659,USD,64,2048,specified,Intel Core Ultra 7 366H,,Unknown,Lenovo,Intel,InStock,"ThinkPad P1 Gen 9 Intel (16"") Mobile Workstation, Laptops. Intel Core Ultra 7 366H · 64 GB RAM · 2 TB · from $5,659. Specs, configurations, and where to buy on Plug PCs.",https://plugpcs.com/p/lenovo/thinkpad-p1-gen-9-intel-16-mobile-workstation-21ue0015us,,,laptops,21UE0015US,specified,https://schema.org/InStock,https://www.lenovo.com/us/en/p/laptops/thinkpad/thinkpadp/thinkpad-p1-gen-9-16-inch-intel-mobile-workstation/21ue0015us
"ThinkPad P1 Gen 9 Intel (16"") Mobile Workstation",Lenovo,3514,USD,16,512,specified,Intel Core Ultra 7 356H,,Unknown,Lenovo,Intel,InStock,"ThinkPad P1 Gen 9 Intel (16"") Mobile Workstation, Laptops. Intel Core Ultra 7 356H · 16 GB RAM · 512 GB · from $3,514. Specs, configurations, and where to buy on Plug PCs.",https://plugpcs.com/p/lenovo/thinkpad-p1-gen-9-intel-16-mobile-workstation-21uecto1wwus1,,,laptops,21UECTO1WWUS1,specified,https://schema.org/InStock,https://www.lenovo.com/us/en/p/laptops/thinkpad/thinkpadp/thinkpad-p1-gen-9-16-inch-intel-mobile-workstation/21uecto1wwus1
"ThinkPad P14s Gen 6 AMD (14"") Mobile Workstation",Lenovo,1740.69,USD,16,512,specified,AMD Ryzen AI 7 350,Up to AMD Radeon 890M Graphics* with up to 32 TOPS based on AMD RDNA 3.5 Architecture & AMD PRO Graphics Driver,AMD,Lenovo,AMD,InStock,"ThinkPad P14s Gen 6 AMD (14"") Mobile Workstation, Laptops. AMD Ryzen AI 7 350 · 16 GB RAM · 512 GB · Up to AMD Radeon 890M Graphics* with up to 32 TOPS based on AMD RDNA 3.5 Architecture & AMD PRO Graphics Driver · from $1,740.69. Specs, configurations, and where to buy on Plug PCs.",https://plugpcs.com/p/lenovo/thinkpad-p14s-gen-6-amd-14-mobile-workstation-21ql0021us,,,laptops,21QL0021US,specified,https://schema.org/InStock,https://www.lenovo.com/us/en/p/laptops/thinkpad/thinkpadp/thinkpad-p14s-gen-6-14-inch-amd-mobile-workstation/21ql0021us
"ThinkPad P14s Gen 6 AMD (14"") Mobile Workstation",Lenovo,3239.19,USD,96,1024,specified,AMD Ryzen AI 9 370,Up to AMD Radeon 890M Graphics* with up to 32 TOPS based on AMD RDNA 3.5 Architecture & AMD PRO Graphics Driver,AMD,Lenovo,AMD,InStock,"ThinkPad P14s Gen 6 AMD (14"") Mobile Workstation, Laptops. AMD Ryzen AI 9 370 · 96 GB RAM · 1 TB · Up to AMD Radeon 890M Graphics* with up to 32 TOPS based on AMD RDNA 3.5 Architecture & AMD PRO Graphics Driver · from $3,239.19. Specs, configurations, and where to buy on Plug PCs.",https://plugpcs.com/p/lenovo/thinkpad-p14s-gen-6-amd-14-mobile-workstation-21rvcto1wwus1,,,laptops,21RVCTO1WWUS1,specified,https://schema.org/InStock,https://www.lenovo.com/us/en/p/laptops/thinkpad/thinkpadp/thinkpad-p14s-gen-6-14-inch-amd-mobile-workstation/21rvcto1wwus1
"ThinkPad P14s Gen 6 Intel (14"") Mobile Workstation",Lenovo,4799,USD,64,2048,specified,Intel Core Ultra 7 265H,,Unknown,Lenovo,Intel,InStock,"ThinkPad P14s Gen 6 Intel (14"") Mobile Workstation, Laptops. Intel Core Ultra 7 265H · 64 GB RAM · 2 TB · from $4,799. Specs, configurations, and where to buy on Plug PCs.",https://plugpcs.com/p/lenovo/thinkpad-p14s-gen-6-intel-14-mobile-workstation-21qt0023us,,,laptops,21QT0023US,specified,https://schema.org/InStock,https://www.lenovo.com/us/en/p/laptops/thinkpad/thinkpadp/lenovo-thinkpad-p14s-gen-6-14-inch-intel-mobile-workstation/21qt0023us
"ThinkPad P14s Gen 6 Intel (14"") Mobile Workstation",Lenovo,5729,USD,96,2048,specified,Intel Core Ultra 7 265H,,Unknown,Lenovo,Intel,InStock,"ThinkPad P14s Gen 6 Intel (14"") Mobile Workstation, Laptops. Intel Core Ultra 7 265H · 96 GB RAM · 2 TB · from $5,729. Specs, configurations, and where to buy on Plug PCs.",https://plugpcs.com/p/lenovo/thinkpad-p14s-gen-6-intel-14-mobile-workstation-21qt0024us,,,laptops,21QT0024US,specified,https://schema.org/InStock,https://www.lenovo.com/us/en/p/laptops/thinkpad/thinkpadp/lenovo-thinkpad-p14s-gen-6-14-inch-intel-mobile-workstation/21qt0024us
"ThinkPad P14s Gen 6 Intel (14"") Mobile Workstation",Lenovo,4339,USD,64,2048,specified,Intel Core Ultra 7 255H,,Unknown,Lenovo,Intel,InStock,"ThinkPad P14s Gen 6 Intel (14"") Mobile Workstation, Laptops. Intel Core Ultra 7 255H · 64 GB RAM · 2 TB · from $4,339. Specs, configurations, and where to buy on Plug PCs.",https://plugpcs.com/p/lenovo/thinkpad-p14s-gen-6-intel-14-mobile-workstation-21qt0025us,,,laptops,21QT0025US,specified,https://schema.org/InStock,https://www.lenovo.com/us/en/p/laptops/thinkpad/thinkpadp/lenovo-thinkpad-p14s-gen-6-14-inch-intel-mobile-workstation/21qt0025us
"ThinkPad P14s Gen 7 AMD (14"") Mobile Workstation",Lenovo,1359,USD,16,512,specified,AMD Ryzen AI 7 450,Up to AMD Radeon 890M Graphics* based on AMD RDNA 3.5 Architecture & AMD PRO Graphics Driver,AMD,Lenovo,AMD,InStock,"ThinkPad P14s Gen 7 AMD (14"") Mobile Workstation, Laptops. AMD Ryzen AI 7 450 · 16 GB RAM · 512 GB · Up to AMD Radeon 890M Graphics* based on AMD RDNA 3.5 Architecture & AMD PRO Graphics Driver · from $1,359. Specs, configurations, and where to buy on Plug PCs.",https://plugpcs.com/p/lenovo/thinkpad-p14s-gen-7-amd-14-mobile-workstation-21x0000aus,,,laptops,21X0000AUS,specified,https://schema.org/InStock,https://www.lenovo.com/us/en/p/laptops/thinkpad/thinkpadp/thinkpad-p14s-gen-7-14-inch-amd/21x0000aus
"ThinkPad P14s Gen 7 Intel (14"") Mobile Workstation",Lenovo,2589,USD,32,1024,specified,Intel Core Ultra 7 356H,,Unknown,Lenovo,Intel,InStock,"ThinkPad P14s Gen 7 Intel (14"") Mobile Workstation, Laptops. Intel Core Ultra 7 356H · 32 GB RAM · 1 TB · from $2,589. Specs, configurations, and where to buy on Plug PCs.",https://plugpcs.com/p/lenovo/thinkpad-p14s-gen-7-intel-14-mobile-workstation,,,laptops,21XJ0037US,specified,https://schema.org/InStock,https://www.lenovo.com/us/en/p/laptops/thinkpad/thinkpadp/lenovo-thinkpad-p14s-gen-7-14-inch-intel/21xj0037us
"ThinkPad P14s Gen 7 Intel (14"") Mobile Workstation",Lenovo,3929,USD,64,2048,specified,Intel Core Ultra 7 366H,,Unknown,Lenovo,Intel,InStock,"ThinkPad P14s Gen 7 Intel (14"") Mobile Workstation, Laptops. Intel Core Ultra 7 366H · 64 GB RAM · 2 TB · from $3,929. Specs, configurations, and where to buy on Plug PCs.",https://plugpcs.com/p/lenovo/thinkpad-p14s-gen-7-intel-14-mobile-workstation-21xj0038us,,,laptops,21XJ0038US,specified,https://schema.org/InStock,https://www.lenovo.com/us/en/p/laptops/thinkpad/thinkpadp/lenovo-thinkpad-p14s-gen-7-14-inch-intel/21xj0038us
"ThinkPad P14s Gen 7 Intel (14"") Mobile Workstation",Lenovo,3429,USD,64,2048,specified,Intel Core Ultra 7 356H,,Unknown,Lenovo,Intel,InStock,"ThinkPad P14s Gen 7 Intel (14"") Mobile Workstation, Laptops. Intel Core Ultra 7 356H · 64 GB RAM · 2 TB · from $3,429. Specs, configurations, and where to buy on Plug PCs.",https://plugpcs.com/p/lenovo/thinkpad-p14s-gen-7-intel-14-mobile-workstation-21xj0039us,,,laptops,21XJ0039US,specified,https://schema.org/InStock,https://www.lenovo.com/us/en/p/laptops/thinkpad/thinkpadp/lenovo-thinkpad-p14s-gen-7-14-inch-intel/21xj0039us
"ThinkPad P14s Gen 7 Intel (14"") Mobile Workstation",Lenovo,5559,USD,96,2048,specified,Intel Core Ultra 9 386H,,Unknown,Lenovo,Intel,InStock,"ThinkPad P14s Gen 7 Intel (14"") Mobile Workstation, Laptops. Intel Core Ultra 9 386H · 96 GB RAM · 2 TB · from $5,559. Specs, configurations, and where to buy on Plug PCs.",https://plugpcs.com/p/lenovo/thinkpad-p14s-gen-7-intel-14-mobile-workstation-21xj003aus,,,laptops,21XJ003AUS,specified,https://schema.org/InStock,https://www.lenovo.com/us/en/p/laptops/thinkpad/thinkpadp/lenovo-thinkpad-p14s-gen-7-14-inch-intel/21xj003aus
"ThinkPad P16 Gen 3 Intel (16"") Mobile Workstation",Lenovo,3220,USD,16,512,specified,Intel Core Ultra 7 255HX,Intel Arc with up to 8 TOPS AI performance,Intel,Lenovo,Intel,InStock,"ThinkPad P16 Gen 3 Intel (16"") Mobile Workstation, Laptops. Intel Core Ultra 7 255HX · 16 GB RAM · 512 GB · Intel Arc with up to 8 TOPS AI performance · from $3,220. Specs, configurations, and where to buy on Plug PCs.",https://plugpcs.com/p/lenovo/thinkpad-p16-gen-3-intel-16-mobile-workstation-21rqcto1wwus1,,,laptops,21RQCTO1WWUS1,specified,https://schema.org/InStock,https://www.lenovo.com/us/en/p/laptops/thinkpad/thinkpadp/lenovo-thinkpad-p16-gen-3-16-inch-intel-mobile-workstation/21rqcto1wwus1
"ThinkPad P16s Gen 4 AMD (16"") Mobile Workstation",Lenovo,3443.16,USD,96,1024,specified,AMD Ryzen AI 9 370,AMD Radeon 890M Graphics* with up to 32 TOPS based on AMD RDNA 3.5 Architecture & AMD PRO Graphics Driver,AMD,Lenovo,AMD,InStock,"ThinkPad P16s Gen 4 AMD (16"") Mobile Workstation, Laptops. AMD Ryzen AI 9 370 · 96 GB RAM · 1 TB · AMD Radeon 890M Graphics* with up to 32 TOPS based on AMD RDNA 3.5 Architecture & AMD PRO Graphics Driver · from $3,443.16. Specs, configurations, and where to buy on Plug PCs.",https://plugpcs.com/p/lenovo/thinkpad-p16s-gen-4-amd-16-mobile-workstation-21rxcto1wwus1,,,laptops,21RXCTO1WWUS1,specified,https://schema.org/InStock,https://www.lenovo.com/us/en/p/laptops/thinkpad/thinkpadp/thinkpad-p16s-gen-4-16-inch-amd-mobile-workstation/21rxcto1wwus1
"ThinkPad P16s Gen 4 Intel (16"") Mobile Workstation",Lenovo,5389,USD,96,2048,specified,Intel Core Ultra 7 255H,NVIDIA RTX PRO 500 Laptop,NVIDIA,Lenovo,Intel,InStock,"ThinkPad P16s Gen 4 Intel (16"") Mobile Workstation, Laptops. Intel Core Ultra 7 255H · 96 GB RAM · 2 TB · NVIDIA RTX PRO 500 Laptop · from $5,389. Specs, configurations, and where to buy on Plug PCs.",https://plugpcs.com/p/lenovo/thinkpad-p16s-gen-4-intel-16-mobile-workstation,,,laptops,21QV002HUS,specified,https://schema.org/InStock,https://www.lenovo.com/us/en/p/laptops/thinkpad/thinkpadp/lenovo-thinkpad-p16s-gen-4-16-inch-intel-mobile-workstation/21qv002hus
"ThinkPad P16s Gen 4 Intel (16"") Mobile Workstation",Lenovo,3029,USD,32,1024,specified,Intel Core Ultra 7 255H,NVIDIA RTX PRO 500 Laptop,NVIDIA,Lenovo,Intel,InStock,"ThinkPad P16s Gen 4 Intel (16"") Mobile Workstation, Laptops. Intel Core Ultra 7 255H · 32 GB RAM · 1 TB · NVIDIA RTX PRO 500 Laptop · from $3,029. Specs, configurations, and where to buy on Plug PCs.",https://plugpcs.com/p/lenovo/thinkpad-p16s-gen-4-intel-16-mobile-workstation-21qv002lus,,,laptops,21QV002LUS,specified,https://schema.org/InStock,https://www.lenovo.com/us/en/p/laptops/thinkpad/thinkpadp/lenovo-thinkpad-p16s-gen-4-16-inch-intel-mobile-workstation/21qv002lus
"ThinkPad P16s Gen 4 Intel (16"") Mobile Workstation",Lenovo,4289,USD,64,2048,specified,Intel Core Ultra 7 255H,NVIDIA RTX PRO 500 Laptop,NVIDIA,Lenovo,Intel,InStock,"ThinkPad P16s Gen 4 Intel (16"") Mobile Workstation, Laptops. Intel Core Ultra 7 255H · 64 GB RAM · 2 TB · NVIDIA RTX PRO 500 Laptop · from $4,289. Specs, configurations, and where to buy on Plug PCs.",https://plugpcs.com/p/lenovo/thinkpad-p16s-gen-4-intel-16-mobile-workstation-21qv004kus,,,laptops,21QV004KUS,specified,https://schema.org/InStock,https://www.lenovo.com/us/en/p/laptops/thinkpad/thinkpadp/lenovo-thinkpad-p16s-gen-4-16-inch-intel-mobile-workstation/21qv004kus
"ThinkPad P16s Gen 4 Intel (16"") Mobile Workstation",Lenovo,4999,USD,96,2048,specified,Intel Core Ultra 7 265H,NVIDIA RTX PRO 1000 Laptop,NVIDIA,Lenovo,Intel,InStock,"ThinkPad P16s Gen 4 Intel (16"") Mobile Workstation, Laptops. Intel Core Ultra 7 265H · 96 GB RAM · 2 TB · NVIDIA RTX PRO 1000 Laptop · from $4,999. Specs, configurations, and where to buy on Plug PCs.",https://plugpcs.com/p/lenovo/thinkpad-p16s-gen-4-intel-16-mobile-workstation-21qv004nus,,,laptops,21QV004NUS,specified,https://schema.org/InStock,https://www.lenovo.com/us/en/p/laptops/thinkpad/thinkpadp/lenovo-thinkpad-p16s-gen-4-16-inch-intel-mobile-workstation/21qv004nus
"ThinkPad P16s Gen 5 AMD (16"") Mobile Workstation",Lenovo,4499,USD,64,2048,specified,AMD Ryzen AI 7 450,,Unknown,Lenovo,AMD,InStock,"ThinkPad P16s Gen 5 AMD (16"") Mobile Workstation, Laptops. AMD Ryzen AI 7 450 · 64 GB RAM · 2 TB · from $4,499. Specs, configurations, and where to buy on Plug PCs.",https://plugpcs.com/p/lenovo/thinkpad-p16s-gen-5-amd-16-mobile-workstation-21xg002xus,,,laptops,21XG002XUS,specified,https://schema.org/InStock,https://www.lenovo.com/us/en/p/laptops/thinkpad/thinkpadp/lenovo-thinkpad-p16s-gen-5-16-inch-amd-mobile-workstation/21xg002xus
"ThinkPad P16s Gen 5 AMD (16"") Mobile Workstation",Lenovo,5759,USD,96,2048,specified,AMD Ryzen AI 9 470,,Unknown,Lenovo,AMD,InStock,"ThinkPad P16s Gen 5 AMD (16"") Mobile Workstation, Laptops. AMD Ryzen AI 9 470 · 96 GB RAM · 2 TB · from $5,759. Specs, configurations, and where to buy on Plug PCs.",https://plugpcs.com/p/lenovo/thinkpad-p16s-gen-5-amd-16-mobile-workstation,,,laptops,21XG0034US,specified,https://schema.org/InStock,https://www.lenovo.com/us/en/p/laptops/thinkpad/thinkpadp/lenovo-thinkpad-p16s-gen-5-16-inch-amd-mobile-workstation/21xg0034us
"ThinkPad P16s Gen 5 AMD (16"") Mobile Workstation",Lenovo,3699,USD,64,2048,specified,AMD Ryzen AI 7 450,,Unknown,Lenovo,AMD,InStock,"ThinkPad P16s Gen 5 AMD (16"") Mobile Workstation, Laptops. AMD Ryzen AI 7 450 · 64 GB RAM · 2 TB · from $3,699. Specs, configurations, and where to buy on Plug PCs.",https://plugpcs.com/p/lenovo/thinkpad-p16s-gen-5-amd-16-mobile-workstation-21xg003dus,,,laptops,21XG003DUS,specified,https://schema.org/InStock,https://www.lenovo.com/us/en/p/laptops/thinkpad/thinkpadp/lenovo-thinkpad-p16s-gen-5-16-inch-amd-mobile-workstation/21xg003dus
"ThinkPad P16s Gen 5 AMD (16"") Mobile Workstation",Lenovo,2169,USD,32,1024,specified,AMD Ryzen AI 7 450,,Unknown,Lenovo,AMD,InStock,"ThinkPad P16s Gen 5 AMD (16"") Mobile Workstation, Laptops. AMD Ryzen AI 7 450 · 32 GB RAM · 1 TB · from $2,169. Specs, configurations, and where to buy on Plug PCs.",https://plugpcs.com/p/lenovo/thinkpad-p16s-gen-5-amd-16-mobile-workstation-21xg003hus,,,laptops,21XG003HUS,specified,https://schema.org/InStock,https://www.lenovo.com/us/en/p/laptops/thinkpad/thinkpadp/lenovo-thinkpad-p16s-gen-5-16-inch-amd-mobile-workstation/21xg003hus
"ThinkPad P16s i Gen 5 Intel (16"") Mobile Workstation",Lenovo,5679,USD,96,2048,specified,Intel Core Ultra 7 366H,NVIDIA RTX PRO 500 Laptop,NVIDIA,Lenovo,Intel,InStock,"ThinkPad P16s i Gen 5 Intel (16"") Mobile Workstation, Laptops. Intel Core Ultra 7 366H · 96 GB RAM · 2 TB · NVIDIA RTX PRO 500 Laptop · from $5,679. Specs, configurations, and where to buy on Plug PCs.",https://plugpcs.com/p/lenovo/thinkpad-p16s-i-gen-5-intel-16-mobile-workstation,,,laptops,21XE003CUS,specified,https://schema.org/InStock,https://www.lenovo.com/us/en/p/laptops/thinkpad/thinkpadp/thinkpad-p16s-i-gen-5-16-inch-intel-mobile-workstation/21xe003cus
"ThinkPad P16s i Gen 5 Intel (16"") Mobile Workstation",Lenovo,2289.05,USD,32,1024,specified,Intel Core Ultra 7 356H,NVIDIA RTX PRO 500 Laptop,NVIDIA,Lenovo,Intel,InStock,"ThinkPad P16s i Gen 5 Intel (16"") Mobile Workstation, Laptops. Intel Core Ultra 7 356H · 32 GB RAM · 1 TB · NVIDIA RTX PRO 500 Laptop · from $2,289.05. Specs, configurations, and where to buy on Plug PCs.",https://plugpcs.com/p/lenovo/thinkpad-p16s-i-gen-5-intel-16-mobile-workstation-21xe003jus,,,laptops,21XE003JUS,specified,https://schema.org/InStock,https://www.lenovo.com/us/en/p/laptops/thinkpad/thinkpadp/thinkpad-p16s-i-gen-5-16-inch-intel-mobile-workstation/21xe003jus
"ThinkPad P16s i Gen 5 Intel (16"") Mobile Workstation",Lenovo,3345.83,USD,64,1024,specified,Intel Core Ultra 7 366H,NVIDIA RTX PRO 500 Laptop,NVIDIA,Lenovo,Intel,InStock,"ThinkPad P16s i Gen 5 Intel (16"") Mobile Workstation, Laptops. Intel Core Ultra 7 366H · 64 GB RAM · 1 TB · NVIDIA RTX PRO 500 Laptop · from $3,345.83. Specs, configurations, and where to buy on Plug PCs.",https://plugpcs.com/p/lenovo/thinkpad-p16s-i-gen-5-intel-16-mobile-workstation-21xe0042us,,,laptops,21XE0042US,specified,https://schema.org/InStock,https://www.lenovo.com/us/en/p/laptops/thinkpad/thinkpadp/thinkpad-p16s-i-gen-5-16-inch-intel-mobile-workstation/21xe0042us
"ThinkPad P16s i Gen 5 Intel (16"") Mobile Workstation",Lenovo,6049,USD,96,2048,specified,Intel Core Ultra 9 386H,NVIDIA RTX PRO 500 Laptop,NVIDIA,Lenovo,Intel,InStock,"ThinkPad P16s i Gen 5 Intel (16"") Mobile Workstation, Laptops. Intel Core Ultra 9 386H · 96 GB RAM · 2 TB · NVIDIA RTX PRO 500 Laptop · from $6,049. Specs, configurations, and where to buy on Plug PCs.",https://plugpcs.com/p/lenovo/thinkpad-p16s-i-gen-5-intel-16-mobile-workstation-21xe0043us,,,laptops,21XE0043US,specified,https://schema.org/InStock,https://www.lenovo.com/us/en/p/laptops/thinkpad/thinkpadp/thinkpad-p16s-i-gen-5-16-inch-intel-mobile-workstation/21xe0043us
"ThinkPad P16v Gen 3 Intel (16"") Mobile Workstation",Lenovo,6179,USD,96,2048,specified,Intel Core Ultra 9 285H,NVIDIA RTX PRO 500 Laptop,NVIDIA,Lenovo,Intel,InStock,"ThinkPad P16v Gen 3 Intel (16"") Mobile Workstation, Laptops. Intel Core Ultra 9 285H · 96 GB RAM · 2 TB · NVIDIA RTX PRO 500 Laptop · from $6,179. Specs, configurations, and where to buy on Plug PCs.",https://plugpcs.com/p/lenovo/thinkpad-p16v-gen-3-intel-16-mobile-workstation,,,laptops,21RS0022US,specified,https://schema.org/InStock,https://www.lenovo.com/us/en/p/laptops/thinkpad/thinkpadp/lenovo-thinkpad-p16v-gen-3-16-inch-intel-mobile-workstation/21rs0022us
"ThinkPad P16v Gen 3 Intel (16"") Mobile Workstation",Lenovo,4988.76,USD,64,2048,specified,Intel Core Ultra 9 285H,NVIDIA RTX PRO 500 Laptop,NVIDIA,Lenovo,Intel,InStock,"ThinkPad P16v Gen 3 Intel (16"") Mobile Workstation, Laptops. Intel Core Ultra 9 285H · 64 GB RAM · 2 TB · NVIDIA RTX PRO 500 Laptop · from $4,988.76. Specs, configurations, and where to buy on Plug PCs.",https://plugpcs.com/p/lenovo/thinkpad-p16v-gen-3-intel-16-mobile-workstation-21rs003mus,,,laptops,21RS003MUS,specified,https://schema.org/InStock,https://www.lenovo.com/us/en/p/laptops/thinkpad/thinkpadp/lenovo-thinkpad-p16v-gen-3-16-inch-intel-mobile-workstation/21rs003mus
"ThinkPad P16v Gen 3 Intel (16"") Mobile Workstation",Lenovo,2150.4,USD,16,512,specified,Intel Core Ultra 7 255H,NVIDIA RTX PRO 500 Laptop,NVIDIA,Lenovo,Intel,InStock,"ThinkPad P16v Gen 3 Intel (16"") Mobile Workstation, Laptops. Intel Core Ultra 7 255H · 16 GB RAM · 512 GB · NVIDIA RTX PRO 500 Laptop · from $2,150.40. Specs, configurations, and where to buy on Plug PCs.",https://plugpcs.com/p/lenovo/thinkpad-p16v-gen-3-intel-16-mobile-workstation-21rscto1wwus2,,,laptops,21RSCTO1WWUS2,specified,https://schema.org/InStock,https://www.lenovo.com/us/en/p/laptops/thinkpad/thinkpadp/lenovo-thinkpad-p16v-gen-3-16-inch-intel-mobile-workstation/21rscto1wwus2
"ThinkPad T14 Gen 6 Intel (14"")",Lenovo,1839,USD,24,512,specified,Intel Core Ultra 5 225U,,Unknown,Lenovo,Intel,InStock,"ThinkPad T14 Gen 6 Intel (14""), Laptops. Intel Core Ultra 5 225U · 24 GB RAM · 512 GB · from $1,839. Specs, configurations, and where to buy on Plug PCs.",https://plugpcs.com/p/lenovo/thinkpad-t14-gen-6-intel-14-21qc00equs,,,laptops,21QC00EQUS,specified,https://schema.org/InStock,https://www.lenovo.com/us/en/p/laptops/thinkpad/thinkpadt/thinkpad-t14-gen-6-14-inch-intel/21qc00equs
"ThinkPad T14 Gen 6 Intel (14"")",Lenovo,1600,USD,16,256,specified,Intel Core Ultra 7 255U,,Unknown,Lenovo,Intel,InStock,"ThinkPad T14 Gen 6 Intel (14""), Laptops. Intel Core Ultra 7 255U · 16 GB RAM · 256 GB · from $1,600. Specs, configurations, and where to buy on Plug PCs.",https://plugpcs.com/p/lenovo/thinkpad-t14-gen-6-intel-14-21qccto1wwus1,,,laptops,21QCCTO1WWUS1,specified,https://schema.org/InStock,https://www.lenovo.com/us/en/p/laptops/thinkpad/thinkpadt/thinkpad-t14-gen-6-14-inch-intel/21qccto1wwus1
"ThinkPad T14 Gen 6 Intel (14"")",Lenovo,1829,USD,16,512,specified,Intel Core Ultra 5 236V,Intel Arc with >60 TOPS AI performance,Intel,Lenovo,Intel,InStock,"ThinkPad T14 Gen 6 Intel (14""), Laptops. Intel Core Ultra 5 236V · 16 GB RAM · 512 GB · Intel Arc with >60 TOPS AI performance · from $1,829. Specs, configurations, and where to buy on Plug PCs.",https://plugpcs.com/p/lenovo/thinkpad-t14-gen-6-intel-14-21qg00esus,,,laptops,21QG00ESUS,specified,https://schema.org/InStock,https://www.lenovo.com/us/en/p/laptops/thinkpad/thinkpadt/thinkpad-t14-gen-6-14-inch-intel/21qg00esus
"ThinkPad T14 Gen 6 Intel (14"")",Lenovo,1554,USD,32,256,specified,Intel Core Ultra 5 228V,Intel Arc with >60 TOPS AI performance,Intel,Lenovo,Intel,InStock,"ThinkPad T14 Gen 6 Intel (14""), Laptops. Intel Core Ultra 5 228V · 32 GB RAM · 256 GB · Intel Arc with >60 TOPS AI performance · from $1,554. Specs, configurations, and where to buy on Plug PCs.",https://plugpcs.com/p/lenovo/thinkpad-t14-gen-6-intel-14-21qgcto1wwus3,,,laptops,21QGCTO1WWUS3,specified,https://schema.org/InStock,https://www.lenovo.com/us/en/p/laptops/thinkpad/thinkpadt/thinkpad-t14-gen-6-14-inch-intel/21qgcto1wwus3
"ThinkPad T14 Gen 7 AMD (14"")",Lenovo,1652.05,USD,16,256,specified,AMD Ryzen AI 5 440,,Unknown,Lenovo,AMD,InStock,"ThinkPad T14 Gen 7 AMD (14""), Laptops. AMD Ryzen AI 5 440 · 16 GB RAM · 256 GB · from $1,652.05. Specs, configurations, and where to buy on Plug PCs.",https://plugpcs.com/p/lenovo/thinkpad-t14-gen-7-amd-14-21wvcto1wwus1,,,laptops,21WVCTO1WWUS1,specified,https://schema.org/InStock,https://www.lenovo.com/us/en/p/laptops/thinkpad/thinkpadt/thinkpad-t14-gen-7-14-inch-amd/21wvcto1wwus1
"ThinkPad T14 Gen 7 AMD (14"")",Lenovo,1509,USD,16,512,specified,AMD Ryzen 5 230,AMD Radeon 760M,AMD,Lenovo,AMD,InStock,"ThinkPad T14 Gen 7 AMD (14""), Laptops. AMD Ryzen 5 230 · 16 GB RAM · 512 GB · AMD Radeon 760M · from $1,509. Specs, configurations, and where to buy on Plug PCs.",https://plugpcs.com/p/lenovo/thinkpad-t14-gen-7-amd-14-22al001aus,,,laptops,22AL001AUS,specified,https://schema.org/InStock,https://www.lenovo.com/us/en/p/laptops/thinkpad/thinkpadt/lenovo-thinkpad-t14-gen-7-14-inch-amd/22al001aus
"ThinkPad T14 Gen 7 AMD (14"")",Lenovo,1579,USD,16,512,specified,AMD Ryzen 5 230,AMD Radeon 760M,AMD,Lenovo,AMD,InStock,"ThinkPad T14 Gen 7 AMD (14""), Laptops. AMD Ryzen 5 230 · 16 GB RAM · 512 GB · AMD Radeon 760M · from $1,579. Specs, configurations, and where to buy on Plug PCs.",https://plugpcs.com/p/lenovo/thinkpad-t14-gen-7-amd-14-22al003jus,,,laptops,22AL003JUS,specified,https://schema.org/InStock,https://www.lenovo.com/us/en/p/laptops/thinkpad/thinkpadt/lenovo-thinkpad-t14-gen-7-14-inch-amd/22al003jus
"ThinkPad T14 Gen 7 AMD (14"")",Lenovo,1323.88,USD,16,256,specified,AMD Ryzen 7 250,,Unknown,Lenovo,AMD,InStock,"ThinkPad T14 Gen 7 AMD (14""), Laptops. AMD Ryzen 7 250 · 16 GB RAM · 256 GB · from $1,323.88. Specs, configurations, and where to buy on Plug PCs.",https://plugpcs.com/p/lenovo/thinkpad-t14-gen-7-14-amd,,,laptops,22ALCTO1WWUS1,specified,https://schema.org/InStock,https://www.lenovo.com/us/en/p/laptops/thinkpad/thinkpadt/lenovo-thinkpad-t14-gen-7-14-inch-amd/22alcto1wwus1
"ThinkPad T14 Gen 7 Intel (14"")",Lenovo,2979,USD,32,1024,specified,Intel Core Ultra 7 365,,Unknown,Lenovo,Intel,InStock,"ThinkPad T14 Gen 7 Intel (14""), Laptops. Intel Core Ultra 7 365 · 32 GB RAM · 1 TB · from $2,979. Specs, configurations, and where to buy on Plug PCs.",https://plugpcs.com/p/lenovo/thinkpad-t14-gen-7-intel-14,,,laptops,21WN005SUS,specified,https://schema.org/InStock,https://www.lenovo.com/us/en/p/laptops/thinkpad/thinkpadt/lenovo-thinkpad-t14-gen-7-14-inch-intel-laptop/21wn005sus
"ThinkPad T14 Gen 7 Intel (14"")",Lenovo,2509,USD,32,1024,specified,Intel Core Ultra 7 365,,Unknown,Lenovo,Intel,InStock,"ThinkPad T14 Gen 7 Intel (14""), Laptops. Intel Core Ultra 7 365 · 32 GB RAM · 1 TB · from $2,509. Specs, configurations, and where to buy on Plug PCs.",https://plugpcs.com/p/lenovo/thinkpad-t14-gen-7-intel-14-21wn00buus,,,laptops,21WN00BUUS,specified,https://schema.org/InStock,https://www.lenovo.com/us/en/p/laptops/thinkpad/thinkpadt/lenovo-thinkpad-t14-gen-7-14-inch-intel-laptop/21wn00buus
"ThinkPad T14 Gen 7 Intel (14"")",Lenovo,1517.34,USD,16,512,specified,Intel Core Ultra 5 325,,Unknown,Lenovo,Intel,InStock,"ThinkPad T14 Gen 7 Intel (14""), Laptops. Intel Core Ultra 5 325 · 16 GB RAM · 512 GB · from $1,517.34. Specs, configurations, and where to buy on Plug PCs.",https://plugpcs.com/p/lenovo/thinkpad-t14-gen-7-intel-14-21wn00bvus,,,laptops,21WN00BVUS,specified,https://schema.org/InStock,https://www.lenovo.com/us/en/p/laptops/thinkpad/thinkpadt/lenovo-thinkpad-t14-gen-7-14-inch-intel-laptop/21wn00bvus
"ThinkPad T14 Gen 7 Intel (14"")",Lenovo,1751.8,USD,16,256,specified,Intel Core Ultra 5 325,,Unknown,Lenovo,Intel,InStock,"ThinkPad T14 Gen 7 Intel (14""), Laptops. Intel Core Ultra 5 325 · 16 GB RAM · 256 GB · from $1,751.80. Specs, configurations, and where to buy on Plug PCs.",https://plugpcs.com/p/lenovo/thinkpad-t14-gen-7-intel-14-21wncto1wwus1,,,laptops,21WNCTO1WWUS1,specified,https://schema.org/InStock,https://www.lenovo.com/us/en/p/laptops/thinkpad/thinkpadt/lenovo-thinkpad-t14-gen-7-14-inch-intel-laptop/21wncto1wwus1
"ThinkPad T14s 2-in-1 Gen 2 Intel (14"")",Lenovo,2109,USD,16,512,specified,Intel Core Ultra 7 365,,Unknown,Lenovo,Intel,InStock,"ThinkPad T14s 2-in-1 Gen 2 Intel (14""), Laptops. Intel Core Ultra 7 365 · 16 GB RAM · 512 GB · from $2,109. Specs, configurations, and where to buy on Plug PCs.",https://plugpcs.com/p/lenovo/thinkpad-t14s-2-in-1-gen-2-intel-14,,,laptops,21YY0018US,specified,https://schema.org/InStock,https://www.lenovo.com/us/en/p/laptops/thinkpad/thinkpadt/thinkpad-t14s-2-in-1-gen-2-14-inch-intel/21yy0018us
"ThinkPad T14s 2-in-1 Gen 2 Intel (14"")",Lenovo,1908.55,USD,16,256,specified,Intel Core Ultra 5 325,,Unknown,Lenovo,Intel,InStock,"ThinkPad T14s 2-in-1 Gen 2 Intel (14""), Laptops. Intel Core Ultra 5 325 · 16 GB RAM · 256 GB · from $1,908.55. Specs, configurations, and where to buy on Plug PCs.",https://plugpcs.com/p/lenovo/thinkpad-t14s-2-in-1-gen-2-intel-14-21yycto1wwus1,,,laptops,21YYCTO1WWUS1,specified,https://schema.org/InStock,https://www.lenovo.com/us/en/p/laptops/thinkpad/thinkpadt/thinkpad-t14s-2-in-1-gen-2-14-inch-intel/21yycto1wwus1
"ThinkPad T14s 2-in-1 Intel (14"")",Lenovo,1406.68,USD,16,256,specified,Intel Core Ultra 5 225U,,Unknown,Lenovo,Intel,InStock,"ThinkPad T14s 2-in-1 Intel (14""), Laptops. Intel Core Ultra 5 225U · 16 GB RAM · 256 GB · from $1,406.68. Specs, configurations, and where to buy on Plug PCs.",https://plugpcs.com/p/lenovo/thinkpad-t14s-2-in-1-intel-14-21r3cto1wwus1,,,laptops,21R3CTO1WWUS1,specified,https://schema.org/InStock,https://www.lenovo.com/us/en/p/laptops/thinkpad/thinkpadt/thinkpad-t14s-2-in-1-14-inch-intel/21r3cto1wwus1
"ThinkPad T14s Gen 7 Intel (14"")",Lenovo,1956.05,USD,16,256,specified,Intel Core Ultra 5 325,,Unknown,Lenovo,Intel,InStock,"ThinkPad T14s Gen 7 Intel (14""), Laptops. Intel Core Ultra 5 325 · 16 GB RAM · 256 GB · from $1,956.05. Specs, configurations, and where to buy on Plug PCs.",https://plugpcs.com/p/lenovo/thinkpad-t14s-gen-7-intel-14,,,laptops,21YUCTO1WWUS1,specified,https://schema.org/InStock,https://www.lenovo.com/us/en/p/laptops/thinkpad/thinkpadt/lenovo-thinkpad-t14s-gen-7-14-inch-intel-/21yucto1wwus1
"ThinkPad T14s Gen 7 Intel (14"") - Cosmic Blue",Lenovo,2789,USD,32,1024,specified,Intel Core Ultra 7 365,,Unknown,Lenovo,Intel,InStock,"ThinkPad T14s Gen 7 Intel (14"") - Cosmic Blue, Laptops. Intel Core Ultra 7 365 · 32 GB RAM · 1 TB · from $2,789. Specs, configurations, and where to buy on Plug PCs.",https://plugpcs.com/p/lenovo/thinkpad-t14s-gen-7-intel-14-cosmic-blue,,,laptops,21YU0028US,specified,https://schema.org/InStock,https://www.lenovo.com/us/en/p/laptops/thinkpad/thinkpadt/lenovo-thinkpad-t14s-gen-7-14-inch-intel-/21yu0028us
"ThinkPad T14s Gen 7 Intel (14"") - Eclipse Black",Lenovo,1979,USD,16,512,specified,Intel Core Ultra 5 325,,Unknown,Lenovo,Intel,InStock,"ThinkPad T14s Gen 7 Intel (14"") - Eclipse Black, Laptops. Intel Core Ultra 5 325 · 16 GB RAM · 512 GB · from $1,979. Specs, configurations, and where to buy on Plug PCs.",https://plugpcs.com/p/lenovo/thinkpad-t14s-gen-7-intel-14-eclipse-black,,,laptops,21YU0027US,specified,https://schema.org/InStock,https://www.lenovo.com/us/en/p/laptops/thinkpad/thinkpadt/lenovo-thinkpad-t14s-gen-7-14-inch-intel-/21yu0027us
"ThinkPad T14s Gen 7 Snapdragon (14"")",Lenovo,2489,USD,32,1024,specified,Snapdragon X2 Elite X2E-80-100,,Unknown,Lenovo,Qualcomm,InStock,"ThinkPad T14s Gen 7 Snapdragon (14""), Laptops. Snapdragon X2 Elite X2E-80-100 · 32 GB RAM · 1 TB · from $2,489. Specs, configurations, and where to buy on Plug PCs.",https://plugpcs.com/p/lenovo/thinkpad-t14s-gen-7-snapdragon-14,,,laptops,22A7000VUS,specified,https://schema.org/InStock,https://www.lenovo.com/us/en/p/laptops/thinkpad/thinkpadt/lenovo-thinkpad-t14s-gen-7-14-inch-snapdragon/22a7000vus
"ThinkPad T14s Gen 7 Snapdragon (14"")",Lenovo,1903.8,USD,16,256,specified,Snapdragon X2 Plus X2P-42-100,,Unknown,Lenovo,Qualcomm,InStock,"ThinkPad T14s Gen 7 Snapdragon (14""), Laptops. Snapdragon X2 Plus X2P-42-100 · 16 GB RAM · 256 GB · from $1,903.80. Specs, configurations, and where to buy on Plug PCs.",https://plugpcs.com/p/lenovo/thinkpad-t14s-gen-7-snapdragon-14-22a7cto1wwus1,,,laptops,22A7CTO1WWUS1,specified,https://schema.org/InStock,https://www.lenovo.com/us/en/p/laptops/thinkpad/thinkpadt/lenovo-thinkpad-t14s-gen-7-14-inch-snapdragon/22a7cto1wwus1
"ThinkPad T16 Gen 4 Intel (16"")",Lenovo,1633.05,USD,16,256,specified,Intel Core Ultra 5 236V,Intel Arc with >60 TOPS AI performance,Intel,Lenovo,Intel,InStock,"ThinkPad T16 Gen 4 Intel (16""), Laptops. Intel Core Ultra 5 236V · 16 GB RAM · 256 GB · Intel Arc with >60 TOPS AI performance · from $1,633.05. Specs, configurations, and where to buy on Plug PCs.",https://plugpcs.com/p/lenovo/thinkpad-t16-gen-4-16-intel,,,laptops,22AWCTO1WWUS1,specified,https://schema.org/InStock,https://www.lenovo.com/us/en/p/laptops/thinkpad/thinkpadt/thinkpad-t16-gen-4-16-inch-intel-lunar-lake/22awcto1wwus1
"ThinkPad T16 Gen 5 AMD (16"")",Lenovo,1709.05,USD,16,256,specified,AMD Ryzen AI 5 440,,Unknown,Lenovo,AMD,InStock,"ThinkPad T16 Gen 5 AMD (16""), Laptops. AMD Ryzen AI 5 440 · 16 GB RAM · 256 GB · from $1,709.05. Specs, configurations, and where to buy on Plug PCs.",https://plugpcs.com/p/lenovo/thinkpad-t16-gen-5-amd-16-21wxcto1wwus1,,,laptops,21WXCTO1WWUS1,specified,https://schema.org/InStock,https://www.lenovo.com/us/en/p/laptops/thinkpad/thinkpadt/lenovo-thinkpad-t16-gen-5-16-inch-amd-laptop/21wxcto1wwus1
"ThinkPad T16 Gen 5 Intel (16"")",Lenovo,2879,USD,32,1024,specified,Intel Core Ultra 7 365,,Unknown,Lenovo,Intel,InStock,"ThinkPad T16 Gen 5 Intel (16""), Laptops. Intel Core Ultra 7 365 · 32 GB RAM · 1 TB · from $2,879. Specs, configurations, and where to buy on Plug PCs.",https://plugpcs.com/p/lenovo/thinkpad-t16-gen-5-intel-16,,,laptops,21WT000EUS,specified,https://schema.org/InStock,https://www.lenovo.com/us/en/p/laptops/thinkpad/thinkpadt/lenovo-thinkpad-t16-gen-5-16-inch-intel/21wt000eus
"ThinkPad T16 Gen 5 Intel (16"")",Lenovo,1743.24,USD,16,512,specified,Intel Core Ultra 7 355,,Unknown,Lenovo,Intel,InStock,"ThinkPad T16 Gen 5 Intel (16""), Laptops. Intel Core Ultra 7 355 · 16 GB RAM · 512 GB · from $1,743.24. Specs, configurations, and where to buy on Plug PCs.",https://plugpcs.com/p/lenovo/thinkpad-t16-gen-5-intel-16-21wt0068us,,,laptops,21WT0068US,specified,https://schema.org/InStock,https://www.lenovo.com/us/en/p/laptops/thinkpad/thinkpadt/lenovo-thinkpad-t16-gen-5-16-inch-intel/21wt0068us
"ThinkPad T16 Gen 5 Intel (16"")",Lenovo,1975.05,USD,16,256,specified,Intel Core Ultra 5 325,,Unknown,Lenovo,Intel,InStock,"ThinkPad T16 Gen 5 Intel (16""), Laptops. Intel Core Ultra 5 325 · 16 GB RAM · 256 GB · from $1,975.05. Specs, configurations, and where to buy on Plug PCs.",https://plugpcs.com/p/lenovo/thinkpad-t16-gen-5-intel-16-21wtcto1wwus1,,,laptops,21WTCTO1WWUS1,specified,https://schema.org/InStock,https://www.lenovo.com/us/en/p/laptops/thinkpad/thinkpadt/lenovo-thinkpad-t16-gen-5-16-inch-intel/21wtcto1wwus1
"ThinkPad T16g Gen 3 Intel (16"")",Lenovo,6219,USD,64,2048,specified,Intel Core Ultra 7 255HX,Intel Arc with up to 8 TOPS AI performance,Intel,Lenovo,Intel,InStock,"ThinkPad T16g Gen 3 Intel (16""), Laptops. Intel Core Ultra 7 255HX · 64 GB RAM · 2 TB · Intel Arc with up to 8 TOPS AI performance · from $6,219. Specs, configurations, and where to buy on Plug PCs.",https://plugpcs.com/p/lenovo/thinkpad-t16g-gen-3-intel-16,,,laptops,21V50013US,specified,https://schema.org/InStock,https://www.lenovo.com/us/en/p/laptops/thinkpad/thinkpadt/lenovo-thinkpad-t16g-gen-3-16-inch-intel-laptop/21v50013us
"ThinkPad T16g Gen 3 Intel (16"")",Lenovo,7533.07,USD,128,4096,specified,Intel Core Ultra 9 275HX,Intel Arc with up to 8 TOPS AI performance,Intel,Lenovo,Intel,InStock,"ThinkPad T16g Gen 3 Intel (16""), Laptops. Intel Core Ultra 9 275HX · 128 GB RAM · 4 TB · Intel Arc with up to 8 TOPS AI performance · from $7,533.07. Specs, configurations, and where to buy on Plug PCs.",https://plugpcs.com/p/lenovo/thinkpad-t16g-gen-3-intel-16-21v50014us,,,laptops,21V50014US,specified,https://schema.org/InStock,https://www.lenovo.com/us/en/p/laptops/thinkpad/thinkpadt/lenovo-thinkpad-t16g-gen-3-16-inch-intel-laptop/21v50014us
"ThinkPad T16g Gen 3 Intel (16"")",Lenovo,9849,USD,128,4096,specified,Intel Core Ultra 9 275HX,Intel Arc with up to 8 TOPS AI performance,Intel,Lenovo,Intel,InStock,"ThinkPad T16g Gen 3 Intel (16""), Laptops. Intel Core Ultra 9 275HX · 128 GB RAM · 4 TB · Intel Arc with up to 8 TOPS AI performance · from $9,849. Specs, configurations, and where to buy on Plug PCs.",https://plugpcs.com/p/lenovo/thinkpad-t16g-gen-3-intel-16-21v50015us,,,laptops,21V50015US,specified,https://schema.org/InStock,https://www.lenovo.com/us/en/p/laptops/thinkpad/thinkpadt/lenovo-thinkpad-t16g-gen-3-16-inch-intel-laptop/21v50015us
"ThinkPad T16g Gen 3 Intel (16"")",Lenovo,7419,USD,64,2048,specified,Intel Core Ultra 9 275HX,Intel Arc with up to 8 TOPS AI performance,Intel,Lenovo,Intel,InStock,"ThinkPad T16g Gen 3 Intel (16""), Laptops. Intel Core Ultra 9 275HX · 64 GB RAM · 2 TB · Intel Arc with up to 8 TOPS AI performance · from $7,419. Specs, configurations, and where to buy on Plug PCs.",https://plugpcs.com/p/lenovo/thinkpad-t16g-gen-3-intel-16-21v50016us,,,laptops,21V50016US,specified,https://schema.org/InStock,https://www.lenovo.com/us/en/p/laptops/thinkpad/thinkpadt/lenovo-thinkpad-t16g-gen-3-16-inch-intel-laptop/21v50016us
"ThinkPad T16g Gen 3 Intel (16"")",Lenovo,3959.13,USD,32,1024,specified,Intel Core Ultra 7 255HX,Intel Arc with up to 8 TOPS AI performance,Intel,Lenovo,Intel,InStock,"ThinkPad T16g Gen 3 Intel (16""), Laptops. Intel Core Ultra 7 255HX · 32 GB RAM · 1 TB · Intel Arc with up to 8 TOPS AI performance · from $3,959.13. Specs, configurations, and where to buy on Plug PCs.",https://plugpcs.com/p/lenovo/thinkpad-t16g-gen-3-intel-16-21v50017us,,,laptops,21V50017US,specified,https://schema.org/InStock,https://www.lenovo.com/us/en/p/laptops/thinkpad/thinkpadt/lenovo-thinkpad-t16g-gen-3-16-inch-intel-laptop/21v50017us
"ThinkPad T1g Gen 8 Intel (16"")",Lenovo,5669,USD,64,2048,specified,Intel Core Ultra 7 265H,NVIDIA GeForce RTX 5060 with up to 572 TOPS AI performance NVIDIA GeForce RTX 5070 with up to 798 TOPS AI performance,NVIDIA,Lenovo,Intel,InStock,"ThinkPad T1g Gen 8 Intel (16""), Laptops. Intel Core Ultra 7 265H · 64 GB RAM · 2 TB · NVIDIA GeForce RTX 5060 with up to 572 TOPS AI performance NVIDIA GeForce RTX 5070 with up to 798 TOPS AI performance · from $5,669. Specs, configurations, and where to buy on Plug PCs.",https://plugpcs.com/p/lenovo/thinkpad-t1g-gen-8-intel-16-21td0015us,,,laptops,21TD0015US,specified,https://schema.org/InStock,https://www.lenovo.com/us/en/p/laptops/thinkpad/thinkpadt/thinkpad-t1g-gen-8-16-inch-intel-laptop/21td0015us
"ThinkPad T1g Gen 8 Intel (16"")",Lenovo,3868.48,USD,32,512,specified,Intel Core Ultra 7 265H,NVIDIA GeForce RTX 5060 with up to 572 TOPS AI performance NVIDIA GeForce RTX 5070 with up to 798 TOPS AI performance,NVIDIA,Lenovo,Intel,InStock,"ThinkPad T1g Gen 8 Intel (16""), Laptops. Intel Core Ultra 7 265H · 32 GB RAM · 512 GB · NVIDIA GeForce RTX 5060 with up to 572 TOPS AI performance NVIDIA GeForce RTX 5070 with up to 798 TOPS AI performance · from $3,868.48. Specs, configurations, and where to buy on Plug PCs.",https://plugpcs.com/p/lenovo/thinkpad-t1g-gen-8-intel-16-21tdcto1wwus1,,,laptops,21TDCTO1WWUS1,specified,https://schema.org/InStock,https://www.lenovo.com/us/en/p/laptops/thinkpad/thinkpadt/thinkpad-t1g-gen-8-16-inch-intel-laptop/21tdcto1wwus1
"ThinkPad T1g Gen 9 Intel (16"")",Lenovo,5999,USD,64,2048,specified,Intel Core Ultra 7 366H,,Unknown,Lenovo,Intel,InStock,"ThinkPad T1g Gen 9 Intel (16""), Laptops. Intel Core Ultra 7 366H · 64 GB RAM · 2 TB · from $5,999. Specs, configurations, and where to buy on Plug PCs.",https://plugpcs.com/p/lenovo/thinkpad-t1g-gen-9-intel-16,,,laptops,21UG000BUS,specified,https://schema.org/InStock,https://www.lenovo.com/us/en/p/laptops/thinkpad/thinkpadt/thinkpad-t1g-gen-9-16-inch-intel-/21ug000bus
"ThinkPad T1g Gen 9 Intel (16"")",Lenovo,5489,USD,64,2048,specified,Intel Core Ultra 7 366H,,Unknown,Lenovo,Intel,InStock,"ThinkPad T1g Gen 9 Intel (16""), Laptops. Intel Core Ultra 7 366H · 64 GB RAM · 2 TB · from $5,489. Specs, configurations, and where to buy on Plug PCs.",https://plugpcs.com/p/lenovo/thinkpad-t1g-gen-9-intel-16-21ug000cus,,,laptops,21UG000CUS,specified,https://schema.org/InStock,https://www.lenovo.com/us/en/p/laptops/thinkpad/thinkpadt/thinkpad-t1g-gen-9-16-inch-intel-/21ug000cus
"ThinkPad T1g Gen 9 Intel (16"")",Lenovo,6109,USD,64,2048,specified,Intel Core Ultra 9 386H,,Unknown,Lenovo,Intel,InStock,"ThinkPad T1g Gen 9 Intel (16""), Laptops. Intel Core Ultra 9 386H · 64 GB RAM · 2 TB · from $6,109. Specs, configurations, and where to buy on Plug PCs.",https://plugpcs.com/p/lenovo/thinkpad-t1g-gen-9-intel-16-21ug000dus,,,laptops,21UG000DUS,specified,https://schema.org/InStock,https://www.lenovo.com/us/en/p/laptops/thinkpad/thinkpadt/thinkpad-t1g-gen-9-16-inch-intel-/21ug000dus
"ThinkPad T1g Gen 9 Intel (16"")",Lenovo,4099,USD,32,1024,specified,Intel Core Ultra 7 356H,,Unknown,Lenovo,Intel,InStock,"ThinkPad T1g Gen 9 Intel (16""), Laptops. Intel Core Ultra 7 356H · 32 GB RAM · 1 TB · from $4,099. Specs, configurations, and where to buy on Plug PCs.",https://plugpcs.com/p/lenovo/thinkpad-t1g-gen-9-intel-16-21ug000eus,,,laptops,21UG000EUS,specified,https://schema.org/InStock,https://www.lenovo.com/us/en/p/laptops/thinkpad/thinkpadt/thinkpad-t1g-gen-9-16-inch-intel-/21ug000eus
"ThinkPad X1 2-in-1 Gen 10 Aura Edition Intel (14"")",Lenovo,1839.08,USD,16,256,specified,Intel Core Ultra 5 225U,,Unknown,Lenovo,Intel,InStock,"ThinkPad X1 2-in-1 Gen 10 Aura Edition Intel (14""), Laptops. Intel Core Ultra 5 225U · 16 GB RAM · 256 GB · from $1,839.08. Specs, configurations, and where to buy on Plug PCs.",https://plugpcs.com/p/lenovo/thinkpad-x1-2-in-1-gen-10-aura-edition-intel-14-21q0cto1wwus1,,,laptops,21Q0CTO1WWUS1,specified,https://schema.org/InStock,https://www.lenovo.com/us/en/p/laptops/thinkpad/thinkpadx1/lenovo-thinkpad-x1-2-in-1-gen-10-aura-edition-14-inch-intel/21q0cto1wwus1
"ThinkPad X1 2-in-1 Gen 10 Intel (14"") Aura Edition",Lenovo,1994.05,USD,16,512,specified,Intel Core Ultra 7 256V,,Unknown,Lenovo,Intel,InStock,"ThinkPad X1 2-in-1 Gen 10 Intel (14"") Aura Edition, Laptops. Intel Core Ultra 7 256V · 16 GB RAM · 512 GB · from $1,994.05. Specs, configurations, and where to buy on Plug PCs.",https://plugpcs.com/p/lenovo/thinkpad-x1-2-in-1-gen-10-intel-14-aura-edition,,,laptops,21NUCTO1WWUS1,specified,https://schema.org/InStock,https://www.lenovo.com/us/en/p/laptops/thinkpad/thinkpadx1/lenovo-thinkpad-x1-2-in-1-gen-10-aura-edition-14-inch-intel/21nucto1wwus1
"ThinkPad X1 2-in-1 Gen 10 Intel (14"") Aura Edition",Lenovo,1960.8,USD,16,512,specified,Intel Core Ultra 7 256V,,Unknown,Lenovo,Intel,InStock,"ThinkPad X1 2-in-1 Gen 10 Intel (14"") Aura Edition, Laptops. Intel Core Ultra 7 256V · 16 GB RAM · 512 GB · from $1,960.80. Specs, configurations, and where to buy on Plug PCs.",https://plugpcs.com/p/lenovo/thinkpad-x1-2-in-1-gen-10-intel-14-aura-edition-21nucto1wwus2,,,laptops,21NUCTO1WWUS2,specified,https://schema.org/InStock,https://www.lenovo.com/us/en/p/laptops/thinkpad/thinkpadx1/lenovo-thinkpad-x1-2-in-1-gen-10-aura-edition-14-inch-intel/21nucto1wwus2
"ThinkPad X1 2-in-1 Gen 10 Intel (14"") Aura Edition - Grey",Lenovo,2689,USD,32,512,specified,Intel Core Ultra 7 258V,,Unknown,Lenovo,Intel,InStock,"ThinkPad X1 2-in-1 Gen 10 Intel (14"") Aura Edition - Grey, Laptops. Intel Core Ultra 7 258V · 32 GB RAM · 512 GB · from $2,689. Specs, configurations, and where to buy on Plug PCs.",https://plugpcs.com/p/lenovo/thinkpad-x1-2-in-1-gen-10-intel-14-aura-edition-grey-21nu00kxus,,,laptops,21NU00KXUS,specified,https://schema.org/InStock,https://www.lenovo.com/us/en/p/laptops/thinkpad/thinkpadx1/lenovo-thinkpad-x1-2-in-1-gen-10-aura-edition-14-inch-intel/21nu00kxus
"ThinkPad X1 2-in-1 Gen 11 Aura Edition (14"" Intel)",Lenovo,3439,USD,32,1024,specified,Intel Core Ultra 7 365,,Unknown,Lenovo,Intel,InStock,"ThinkPad X1 2-in-1 Gen 11 Aura Edition (14"" Intel), Laptops. Intel Core Ultra 7 365 · 32 GB RAM · 1 TB · from $3,439. Specs, configurations, and where to buy on Plug PCs.",https://plugpcs.com/p/lenovo/thinkpad-x1-2-in-1-gen-11-aura-edition-14-intel,,,laptops,21V9001AUS,specified,https://schema.org/InStock,https://www.lenovo.com/us/en/p/laptops/thinkpad/thinkpadx1/lenovo-thinkpad-x1-2-in-1-gen--11-aura-edition-14-inch-intel/21v9001aus
"ThinkPad X1 2-in-1 Gen 11 Aura Edition (14"" Intel)",Lenovo,2544.1,USD,32,256,specified,Intel Core Ultra 5 335,,Unknown,Lenovo,Intel,InStock,"ThinkPad X1 2-in-1 Gen 11 Aura Edition (14"" Intel), Laptops. Intel Core Ultra 5 335 · 32 GB RAM · 256 GB · from $2,544.10. Specs, configurations, and where to buy on Plug PCs.",https://plugpcs.com/p/lenovo/thinkpad-x1-2-in-1-gen-11-aura-edition-14-intel-21v9cto1wwus1,,,laptops,21V9CTO1WWUS1,specified,https://schema.org/InStock,https://www.lenovo.com/us/en/p/laptops/thinkpad/thinkpadx1/lenovo-thinkpad-x1-2-in-1-gen--11-aura-edition-14-inch-intel/21v9cto1wwus1
"ThinkPad X1 Carbon Gen 13 Aura Edition (14"" Intel)",Lenovo,1645.88,USD,16,512,specified,Intel Core Ultra 5 225U,,Unknown,Lenovo,Intel,InStock,"ThinkPad X1 Carbon Gen 13 Aura Edition (14"" Intel), Laptops. Intel Core Ultra 5 225U · 16 GB RAM · 512 GB · from $1,645.88. Specs, configurations, and where to buy on Plug PCs.",https://plugpcs.com/p/lenovo/thinkpad-x1-carbon-gen-13-aura-edition-14-intel-21nxcto1wwus1,,,laptops,21NXCTO1WWUS1,specified,https://schema.org/InStock,https://www.lenovo.com/us/en/p/laptops/thinkpad/thinkpadx1/thinkpad-x1-carbon-gen-13-aura-edition-14-inch-intel/21nxcto1wwus1
"ThinkPad X1 Carbon Gen 13 Intel (14"") Aura Edition",Lenovo,2071.84,USD,16,512,specified,Intel Core Ultra 7 256V,,Unknown,Lenovo,Intel,InStock,"ThinkPad X1 Carbon Gen 13 Intel (14"") Aura Edition, Laptops. Intel Core Ultra 7 256V · 16 GB RAM · 512 GB · from $2,071.84. Specs, configurations, and where to buy on Plug PCs.",https://plugpcs.com/p/lenovo/thinkpad-x1-carbon-gen-13-intel-14-aura-edition,,,laptops,21NSCTO1WWUS1,specified,https://schema.org/InStock,https://www.lenovo.com/us/en/p/laptops/thinkpad/thinkpadx1/thinkpad-x1-carbon-gen-13-aura-edition-14-inch-intel/21nscto1wwus1
"ThinkPad X1 Carbon Gen 14 Aura Edition (14"" Intel)",Lenovo,2407.3,USD,32,256,specified,Intel Core Ultra 5 335,,Unknown,Lenovo,Intel,InStock,"ThinkPad X1 Carbon Gen 14 Aura Edition (14"" Intel), Laptops. Intel Core Ultra 5 335 · 32 GB RAM · 256 GB · from $2,407.30. Specs, configurations, and where to buy on Plug PCs.",https://plugpcs.com/p/lenovo/thinkpad-x1-carbon-gen-14-aura-edition-14-intel,,,laptops,21V7CTO1WWUS1,specified,https://schema.org/InStock,https://www.lenovo.com/us/en/p/laptops/thinkpad/thinkpadx1/lenovo-thinkpad-x1-carbon-gen-14-aura-edition-14-inch-intel/21v7cto1wwus1
"ThinkPad X1 Carbon Gen 14 Aura Edition (14"" Intel)",Lenovo,2421.55,USD,32,256,specified,Intel Core Ultra 5 335,,Unknown,Lenovo,Intel,InStock,"ThinkPad X1 Carbon Gen 14 Aura Edition (14"" Intel), Laptops. Intel Core Ultra 5 335 · 32 GB RAM · 256 GB · from $2,421.55. Specs, configurations, and where to buy on Plug PCs.",https://plugpcs.com/p/lenovo/thinkpad-x1-carbon-gen-14-aura-edition-14-intel-21v7cto1wwus2,,,laptops,21V7CTO1WWUS2,specified,https://schema.org/InStock,https://www.lenovo.com/us/en/p/laptops/thinkpad/thinkpadx1/lenovo-thinkpad-x1-carbon-gen-14-aura-edition-14-inch-intel/21v7cto1wwus2
"ThinkPad X1 Carbon Gen 14 Aura Edition Intel (14"")",Lenovo,2260.64,USD,32,512,specified,Intel Core Ultra 5 335,,Unknown,Lenovo,Intel,InStock,"ThinkPad X1 Carbon Gen 14 Aura Edition Intel (14""), Laptops. Intel Core Ultra 5 335 · 32 GB RAM · 512 GB · from $2,260.64. Specs, configurations, and where to buy on Plug PCs.",https://plugpcs.com/p/lenovo/thinkpad-x1-carbon-gen-14-aura-edition-intel-14,,,laptops,21V7006DUS,specified,https://schema.org/InStock,https://www.lenovo.com/us/en/p/laptops/thinkpad/thinkpadx1/lenovo-thinkpad-x1-carbon-gen-14-aura-edition-14-inch-intel/21v7006dus
"ThinkPad X13 Detachable Intel (13"")",Lenovo,2529,USD,32,512,specified,Intel Core Ultra 7 365,,Unknown,Lenovo,Intel,InStock,"ThinkPad X13 Detachable Intel (13""), Laptops. Intel Core Ultra 7 365 · 32 GB RAM · 512 GB · from $2,529. Specs, configurations, and where to buy on Plug PCs.",https://plugpcs.com/p/lenovo/thinkpad-x13-detachable-intel-13,,,laptops,21U60003US,specified,https://schema.org/InStock,https://www.lenovo.com/us/en/p/laptops/thinkpad/thinkpadx/thinkpad-x13-detachable-13-inch-intel/21u60003us
"ThinkPad X13 Detachable Intel (13"")",Lenovo,2901.3,USD,32,256,specified,Intel Core Ultra 5 335,,Unknown,Lenovo,Intel,InStock,"ThinkPad X13 Detachable Intel (13""), Laptops. Intel Core Ultra 5 335 · 32 GB RAM · 256 GB · from $2,901.30. Specs, configurations, and where to buy on Plug PCs.",https://plugpcs.com/p/lenovo/thinkpad-x13-detachable-intel-13-21u6cto1wwus1,,,laptops,21U6CTO1WWUS1,specified,https://schema.org/InStock,https://www.lenovo.com/us/en/p/laptops/thinkpad/thinkpadx/thinkpad-x13-detachable-13-inch-intel/21u6cto1wwus1
"ThinkPad X13 Gen 7 Intel (13"")",Lenovo,1679,USD,16,512,specified,Intel Core Ultra 5 325,,Unknown,Lenovo,Intel,InStock,"ThinkPad X13 Gen 7 Intel (13""), Laptops. Intel Core Ultra 5 325 · 16 GB RAM · 512 GB · from $1,679. Specs, configurations, and where to buy on Plug PCs.",https://plugpcs.com/p/lenovo/thinkpad-x13-gen-7-intel-13,,,laptops,21YH0016US,specified,https://schema.org/InStock,https://www.lenovo.com/us/en/p/laptops/thinkpad/thinkpadx/thinkpad-x13-gen-7-13-inch-intel-laptop/21yh0016us
"ThinkPad X13 Gen 7 Intel (13"")",Lenovo,1614.05,USD,16,256,specified,Intel Core Ultra 5 325,,Unknown,Lenovo,Intel,InStock,"ThinkPad X13 Gen 7 Intel (13""), Laptops. Intel Core Ultra 5 325 · 16 GB RAM · 256 GB · from $1,614.05. Specs, configurations, and where to buy on Plug PCs.",https://plugpcs.com/p/lenovo/thinkpad-x13-gen-7-intel-13-21yhcto1wwus1,,,laptops,21YHCTO1WWUS1,specified,https://schema.org/InStock,https://www.lenovo.com/us/en/p/laptops/thinkpad/thinkpadx/thinkpad-x13-gen-7-13-inch-intel-laptop/21yhcto1wwus1
"ThinkPad X9 14 Aura Edition Intel (14"") - Thunder Grey",Lenovo,1689,USD,16,512,specified,Intel Core Ultra 5 226V,Intel Arc X e2 GPU with >67 TOPs,Intel,Lenovo,Intel,InStock,"ThinkPad X9 14 Aura Edition Intel (14"") - Thunder Grey, Laptops. Intel Core Ultra 5 226V · 16 GB RAM · 512 GB · Intel Arc X e2 GPU with >67 TOPs · from $1,689. Specs, configurations, and where to buy on Plug PCs.",https://plugpcs.com/p/lenovo/thinkpad-x9-14-aura-edition-intel-14-thunder-grey-21qa0037us,,,laptops,21QA0037US,specified,https://schema.org/InStock,https://www.lenovo.com/us/en/p/laptops/thinkpad/thinkpadx9/thinkpad-x9-14-aura-edition-14-inch-intel/21qa0037us
"ThinkPad X9 15 Aura Edition Intel (15"") - Thunder Grey",Lenovo,1659,USD,16,512,specified,Intel Core Ultra 5 226V,Intel Arc 130V,Intel,Lenovo,Intel,InStock,"ThinkPad X9 15 Aura Edition Intel (15"") - Thunder Grey, Laptops. Intel Core Ultra 5 226V · 16 GB RAM · 512 GB · Intel Arc 130V · from $1,659. Specs, configurations, and where to buy on Plug PCs.",https://plugpcs.com/p/lenovo/thinkpad-x9-15-aura-edition-intel-15-thunder-grey-21q6002aus,,,laptops,21Q6002AUS,specified,https://schema.org/InStock,https://www.lenovo.com/us/en/p/laptops/thinkpad/thinkpadx9/thinkpad-x9-aura-edition-15-inch-intel/21q6002aus
"ThinkPad X9 15 Aura Edition Intel (15"") - Thunder Grey",Lenovo,2639,USD,32,1024,specified,Intel Core Ultra 7 268V,Intel Arc 130V,Intel,Lenovo,Intel,InStock,"ThinkPad X9 15 Aura Edition Intel (15"") - Thunder Grey, Laptops. Intel Core Ultra 7 268V · 32 GB RAM · 1 TB · Intel Arc 130V · from $2,639. Specs, configurations, and where to buy on Plug PCs.",https://plugpcs.com/p/lenovo/thinkpad-x9-15-aura-edition-intel-15-thunder-grey,,,laptops,21Q6002BUS,specified,https://schema.org/InStock,https://www.lenovo.com/us/en/p/laptops/thinkpad/thinkpadx9/thinkpad-x9-aura-edition-15-inch-intel/21q6002bus
"ThinkPad X9 15p Aura Edition (15"" Intel)",Lenovo,2334,USD,32,1024,specified,Intel Core Ultra 5 338H,,Unknown,Lenovo,Intel,InStock,"ThinkPad X9 15p Aura Edition (15"" Intel), Laptops. Intel Core Ultra 5 338H · 32 GB RAM · 1 TB · from $2,334. Specs, configurations, and where to buy on Plug PCs.",https://plugpcs.com/p/lenovo/thinkpad-x9-15p-aura-edition-15-intel,,,laptops,21VVCTO1WWUS1,specified,https://schema.org/InStock,https://www.lenovo.com/us/en/p/laptops/thinkpad/thinkpadx9/thinkpad-x9-15p-aura-edition-15-inch-intel/21vvcto1wwus1
"ThinkPad X9 15p Aura Edition Intel (15"")",Lenovo,2757.21,USD,32,1024,specified,Intel Core Ultra X7 358H,Intel Arc B390,Intel,Lenovo,Intel,InStock,"ThinkPad X9 15p Aura Edition Intel (15""), Laptops. Intel Core Ultra X7 358H · 32 GB RAM · 1 TB · Intel Arc B390 · from $2,757.21. Specs, configurations, and where to buy on Plug PCs.",https://plugpcs.com/p/lenovo/thinkpad-x9-15p-aura-edition-intel-15,,,laptops,21VV002AUS,specified,https://schema.org/InStock,https://www.lenovo.com/us/en/p/laptops/thinkpad/thinkpadx9/thinkpad-x9-15p-aura-edition-15-inch-intel/21vv002aus
Titan 18 HX AI Gaming Laptop,MSI,3999,USD,64,2048,specified,Intel Core Ultra 9 285HX,NVIDIA RTX 5080 Laptop,NVIDIA,MSI,Intel,InStock,"Titan 18 HX AI Gaming Laptop, Laptops. Intel Core Ultra 9 285HX · 64 GB RAM · 2 TB · NVIDIA RTX 5080 Laptop · from $3,999. Specs, configurations, and where to buy on Plug PCs.",https://plugpcs.com/p/msi/titan-18-hx-ai-gaming-laptop,,,laptops,,specified,https://schema.org/InStock,https://us-store.msi.com/Laptops/Gaming-Series/Titan-GT-Series/Titan-18-HX-AI-A2XWIG-616US
Titan 18 HX Dragon Edition Draco Epic,MSI,6999.99,USD,96,2048,specified,Intel Core Ultra 9 290HX,NVIDIA RTX 5090 Laptop,NVIDIA,MSI,Intel,InStock,"Titan 18 HX Dragon Edition Draco Epic, Laptops. Intel Core Ultra 9 290HX · 96 GB RAM · 2 TB · NVIDIA RTX 5090 Laptop · from $6,999.99. Specs, configurations, and where to buy on Plug PCs.",https://plugpcs.com/p/msi/titan-18-hx-dragon-edition-draco-epic,,,laptops,,specified,https://schema.org/InStock,https://us-store.msi.com/Laptops/Gaming-Series/Titan-18-HX-Dragon-Edition-Draco-Epic-A2WJ-1246US
Titan 18 HX Gaming Laptop,MSI,6699.99,USD,64,2048,specified,Intel Core Ultra 9 290HX,NVIDIA RTX 5090 Laptop,NVIDIA,MSI,Intel,InStock,"Titan 18 HX Gaming Laptop, Laptops. Intel Core Ultra 9 290HX · 64 GB RAM · 2 TB · NVIDIA RTX 5090 Laptop · from $6,699.99. Specs, configurations, and where to buy on Plug PCs.",https://plugpcs.com/p/msi/titan-18-hx-gaming-laptop,,,laptops,,specified,https://schema.org/InStock,https://us-store.msi.com/Laptops/Gaming-Series/Titan-18-HX-A2WJ-1258US
Titan C361 - 14th Gen Intel Core Portable Workstation PC for CAD/CAM,Titan Computers,2380,USD,32,3072,specified,Intel Core i5 14600K,NVIDIA RTX 5050,NVIDIA,Titan Computers,Intel,InStock,"Titan C361 - 14th Gen Intel Core Portable Workstation PC for CAD/CAM, Laptops. Intel Core i5 14600K · 32 GB RAM · 3 TB · NVIDIA RTX 5050 · from $2,380. Specs, configurations, and where to buy on Plug PCs.",https://plugpcs.com/p/titan/titan-c361-14th-gen-intel-core-portable-workstation-pc-for-cad-cam,,,laptops,C361,specified,https://schema.org/InStock,https://www.titancomputers.com/TITAN-C361-14th-Gen-Intel-Core-Workstation-PC-p/c361.htm
Titan C461 - Intel Core Ultra Compact Portable Workstation PC for CAD & Content Creation,Titan Computers,2540,USD,32,3072,specified,Intel Core Ultra 5 245K,NVIDIA RTX 5050,NVIDIA,Titan Computers,Intel,InStock,"Titan C461 - Intel Core Ultra Compact Portable Workstation PC for CAD & Content Creation, Laptops. Intel Core Ultra 5 245K · 32 GB RAM · 3 TB · NVIDIA RTX 5050 · from $2,540. Specs, configurations, and where to buy on Plug PCs.",https://plugpcs.com/p/titan/titan-c461-intel-core-ultra-compact-portable-workstation-pc-for-cad-content-crea,,,laptops,C461,specified,https://schema.org/InStock,https://www.titancomputers.com/TITAN-C461-Intel-Core-Ultra-Compact-Portable-Wor-p/c461.htm
Titan C870 - AMD Ryzen 9000 Series Processors Portable & Compact Workstation PC,Titan Computers,2385,USD,32,3072,specified,AMD Ryzen 5 9600X,NVIDIA RTX 5050,NVIDIA,Titan Computers,AMD,InStock,"Titan C870 - AMD Ryzen 9000 Series Processors Portable & Compact Workstation PC, Laptops. AMD Ryzen 5 9600X · 32 GB RAM · 3 TB · NVIDIA RTX 5050 · from $2,385. Specs, configurations, and where to buy on Plug PCs.",https://plugpcs.com/p/titan/titan-c870-amd-ryzen-9000-series-processors-portable-compact-workstation-pc,,,laptops,C870,specified,https://schema.org/InStock,https://www.titancomputers.com/TITAN-C870-AMD-Ryzen-9000-Compact-Workstations-p/c870.htm
Titan Vulcan A160 - AMD Ryzen AI 7 450 Laptop Workstation PC,Titan Computers,2550,USD,32,1024,specified,AMD Ryzen AI 7 450,NVIDIA RTX 5060,NVIDIA,Titan Computers,AMD,InStock,"Titan Vulcan A160 - AMD Ryzen AI 7 450 Laptop Workstation PC, Laptops. AMD Ryzen AI 7 450 · 32 GB RAM · 1 TB · NVIDIA RTX 5060 · from $2,550. Specs, configurations, and where to buy on Plug PCs.",https://plugpcs.com/p/titan/titan-vulcan-a160-amd-ryzen-ai-9-hx-370-laptop-workstation-pc,,,laptops,Vulcan-A160,specified,https://schema.org/InStock,https://www.titancomputers.com/TITAN-Vulcan-A160-AMD-Ryzen-AI-7-450-p/vulcan-a160.htm
Titan Vulcan B160 - Intel Core Ultra X7 Light Business Laptop,Titan Computers,2075,USD,32,1024,specified,Intel Core Ultra X7 358H,Intel Arc B390,Intel,Titan Computers,Intel,InStock,"Titan Vulcan B160 - Intel Core Ultra X7 Light Business Laptop, Laptops. Intel Core Ultra X7 358H · 32 GB RAM · 1 TB · Intel Arc B390 · from $2,075. Specs, configurations, and where to buy on Plug PCs.",https://plugpcs.com/p/titan/titan-vulcan-b160-intel-core-ultra-x7-laptop-workstation-pc,,,laptops,Vulcan-B160,specified,https://schema.org/InStock,https://www.titancomputers.com/Titan-B160-Vulcan-Intel-Core-Ultra-X7-Laptop-p/vulcan-b160.htm
Titan Vulcan X100 - Intel Core Ultra 7 Series Slim CAD Laptop Computer,Titan Computers,2015,USD,32,1024,specified,Intel Core Ultra 5 225H,Intel Iris Xe,Intel,Titan Computers,Intel,InStock,"Titan Vulcan X100 - Intel Core Ultra 7 Series Slim CAD Laptop Computer, Laptops. Intel Core Ultra 5 225H · 32 GB RAM · 1 TB · Intel Iris Xe · from $2,015. Specs, configurations, and where to buy on Plug PCs.",https://plugpcs.com/p/titan/titan-vulcan-x100-intel-core-ultra-7-series-slim-cad-laptop-computer,,,laptops,Vulcan-X100,specified,https://schema.org/InStock,https://www.titancomputers.com/TITAN-Vulcan-X100-Intel-Core-Ultra-7-Series-Sli-p/vulcan-x100.htm
Titan Vulcan X150 - Intel Core Ultra 7 250H 14 Cores CAD Workstation Laptop,Titan Computers,2049,USD,32,2048,specified,Intel Core Ultra 7 250H,NVIDIA RTX 5050,NVIDIA,Titan Computers,Intel,InStock,"Titan Vulcan X150 - Intel Core Ultra 7 250H 14 Cores CAD Workstation Laptop, Laptops. Intel Core Ultra 7 250H · 32 GB RAM · 2 TB · NVIDIA RTX 5050 · from $2,049. Specs, configurations, and where to buy on Plug PCs.",https://plugpcs.com/p/titan/titan-vulcan-x150-intel-core-ultra-series-cad-laptop-workstation-pc,,,laptops,Vulcan-X150,specified,https://schema.org/InStock,https://www.titancomputers.com/TITAN-Intel-Core-Ultra-Series-CAD-Laptop-p/vulcan-x150.htm
Titan Vulcan X180,Titan Computers,4415,USD,32,1024,specified,Intel Core Ultra 9 290HX,NVIDIA RTX 5080,NVIDIA,Titan Computers,Intel,InStock,"Titan Vulcan X180, Laptops. Intel Core Ultra 9 290HX · 32 GB RAM · 1 TB · NVIDIA RTX 5080 · from $4,415. Specs, configurations, and where to buy on Plug PCs.",https://plugpcs.com/p/titan/titan-vulcan-x180-intel-core-ultra-content-creation-laptop-workstation-pc,,,laptops,Vulcan-X180,specified,https://schema.org/InStock,https://www.titancomputers.com/TITAN-Intel-Core-Ultra-Content-Creation-Laptop-p/vulcan-x180.htm
Titan X160 Vulcan,Titan Computers,2375,USD,32,2048,specified,Intel Core Ultra 9 290HX,NVIDIA RTX 5050,NVIDIA,Titan Computers,Intel,InStock,"Titan X160 Vulcan, Laptops. Intel Core Ultra 9 290HX · 32 GB RAM · 2 TB · NVIDIA RTX 5050 · from $2,375. Specs, configurations, and where to buy on Plug PCs.",https://plugpcs.com/p/titan/titan-vulcan-x160-intel-core-ultra-laptop-workstation-pc,,,laptops,Vulcan-X160,specified,https://schema.org/InStock,https://www.titancomputers.com/TITAN-X160-Vulcan-Intel-Core-Ultra-9-290HX-24-Co-p/vulcan-x160.htm
Titan X160-TI Vulcan - Intel Core Ultra 9 290HX 24 Cores,Titan Computers,3095,USD,32,2048,specified,Intel Core Ultra 9 290HX,NVIDIA RTX 5070 Ti,NVIDIA,Titan Computers,Intel,InStock,"Titan X160-TI Vulcan - Intel Core Ultra 9 290HX 24 Cores, Laptops. Intel Core Ultra 9 290HX · 32 GB RAM · 2 TB · NVIDIA RTX 5070 Ti · from $3,095. Specs, configurations, and where to buy on Plug PCs.",https://plugpcs.com/p/titan/titan-vulcan-x160-ti-intel-core-ultra-5070ti-laptop-workstation-pc,,,laptops,Vulcan-X160-TI,specified,https://schema.org/InStock,https://www.titancomputers.com/TITAN-X160-TI-Vulcan-Intel-Core-Ultra-9-290HX-24-p/vulcan-x160-ti.htm
TongFang GX4 14-inch Metal Ultrabook,Laptop with Linux,1705.06,EUR,32,500,specified,AMD Ryzen AI 7 350,AMD Radeon 890M,AMD,Laptop with Linux,AMD,InStock,"TongFang GX4 14-inch Metal Ultrabook, Laptops. AMD Ryzen AI 7 350 · 32 GB RAM · 500 GB · AMD Radeon 890M · from ≈ $1,941. Specs, configurations, and where to buy on Plug PCs.",https://plugpcs.com/p/laptopwithlinux/tongfang-gx4-14-inch-metal-ultrabook,,,laptops,Tongfang-X4KK4NAL-X4SP4NAL,specified,https://schema.org/InStock,https://laptopwithlinux.com/product/tongfang-gx4/
TongFang GX5 15.3-inch Metal Ultrabook,Laptop with Linux,1628.38,EUR,32,500,specified,AMD Ryzen AI 7 350,AMD Radeon 890M,AMD,Laptop with Linux,AMD,InStock,"TongFang GX5 15.3-inch Metal Ultrabook, Laptops. AMD Ryzen AI 7 350 · 32 GB RAM · 500 GB · AMD Radeon 890M · from ≈ $1,854. Specs, configurations, and where to buy on Plug PCs.",https://plugpcs.com/p/laptopwithlinux/tongfang-gx5-15-3-inch-metal-ultrabook,,,laptops,Tongfang-X5KK4NAG-X5SP4NAG,specified,https://schema.org/InStock,https://laptopwithlinux.com/product/tongfang-gx5/
"TongFang X6 16"" AMD High-end Performance",Laptop with Linux,2972.31,EUR,32,500,specified,AMD Ryzen 9 9955HX3D,NVIDIA GeForce RTX-5070Ti – – 300 Hz display – X6FR57TY,NVIDIA,Laptop with Linux,AMD,InStock,"TongFang X6 16"" AMD High-end Performance, Laptops. AMD Ryzen 9 9955HX3D · 32 GB RAM · 500 GB · NVIDIA GeForce RTX-5070Ti – – 300 Hz display – X6FR57TY · from ≈ $3,384. Specs, configurations, and where to buy on Plug PCs.",https://plugpcs.com/p/laptopwithlinux/tongfang-x6-16-amd-high-end-performance,,,laptops,TongFang-X6FR57TY-X6FR558Y-X6FR559Y,specified,https://schema.org/InStock,https://laptopwithlinux.com/product/tongfang-x6-amd/
"TongFang X6 16"" Intel High-end Performance",Laptop with Linux,2889.67,EUR,32,500,specified,Intel Core Ultra 9 275HX,NVIDIA GeForce RTX-5070Ti – – 300 Hz display – X6AR57TY,NVIDIA,Laptop with Linux,Intel,InStock,"TongFang X6 16"" Intel High-end Performance, Laptops. Intel Core Ultra 9 275HX · 32 GB RAM · 500 GB · NVIDIA GeForce RTX-5070Ti – – 300 Hz display – X6AR57TY · from ≈ $3,290. Specs, configurations, and where to buy on Plug PCs.",https://plugpcs.com/p/laptopwithlinux/tongfang-x6-16-intel-high-end-performance,,,laptops,TongFang-X6AR57TY-X6AR558Y-X6AR559Y,specified,https://schema.org/InStock,https://laptopwithlinux.com/product/tongfang-x6-intel/
Tracer IX Edge I18S 100 Black,CyberPowerPC,1745,USD,16,1024,specified,Intel Core Ultra 9 275HX,NVIDIA RTX 5060,NVIDIA,CyberPowerPC,Intel,InStock,"Tracer IX Edge I18S 100 Black, Laptops. Intel Core Ultra 9 275HX · 16 GB RAM · 1 TB · NVIDIA RTX 5060 · from $1,745. Specs, configurations, and where to buy on Plug PCs.",https://plugpcs.com/p/cyberpowerpc/tracer-ix-edge-i18s-100-black,,,laptops,NTBKTC9I18S100B,specified,https://schema.org/InStock,https://www.cyberpowerpc.com/system/Tracer-IX-Edge-I18S-100-Black
Tracer IX Edge I18S 100 White,CyberPowerPC,1745,USD,16,1024,specified,Intel Core Ultra 9 275HX,NVIDIA RTX 5060,NVIDIA,CyberPowerPC,Intel,InStock,"Tracer IX Edge I18S 100 White, Laptops. Intel Core Ultra 9 275HX · 16 GB RAM · 1 TB · NVIDIA RTX 5060 · from $1,745. Specs, configurations, and where to buy on Plug PCs.",https://plugpcs.com/p/cyberpowerpc/tracer-ix-edge-i18s-100-white,,,laptops,NTBKTC9I18S100W,specified,https://schema.org/InStock,https://www.cyberpowerpc.com/system/Tracer-IX-Edge-I18S-100-White
Tracer IX Edge I18S 300 Black,CyberPowerPC,2329,USD,32,2048,specified,Intel Core Ultra 9 290HX,NVIDIA RTX 5070,NVIDIA,CyberPowerPC,Intel,InStock,"Tracer IX Edge I18S 300 Black, Laptops. Intel Core Ultra 9 290HX · 32 GB RAM · 2 TB · NVIDIA RTX 5070 · from $2,329. Specs, configurations, and where to buy on Plug PCs.",https://plugpcs.com/p/cyberpowerpc/tracer-ix-edge-i18s-300-black,,,laptops,NTBKTC9I18S300B,specified,https://schema.org/InStock,https://www.cyberpowerpc.com/system/Tracer-IX-Edge-I18S-300-Black
Tracer IX Edge I18S 300 White,CyberPowerPC,2329,USD,32,2048,specified,Intel Core Ultra 9 290HX,NVIDIA RTX 5070,NVIDIA,CyberPowerPC,Intel,InStock,"Tracer IX Edge I18S 300 White, Laptops. Intel Core Ultra 9 290HX · 32 GB RAM · 2 TB · NVIDIA RTX 5070 · from $2,329. Specs, configurations, and where to buy on Plug PCs.",https://plugpcs.com/p/cyberpowerpc/tracer-ix-edge-i18s-300-white,,,laptops,NTBKTC9I18S300W,specified,https://schema.org/InStock,https://www.cyberpowerpc.com/system/Tracer-IX-Edge-I18S-300-White
Tuxedo Aura 15 - Gen4,TUXEDO,979,EUR,8,500,specified,Intel Core i5 1334U,Intel Iris Xe,Intel,TUXEDO,Intel,InStock,"Tuxedo Aura 15 - Gen4, Laptops. Intel Core i5 1334U · 8 GB RAM · 500 GB · Intel Iris Xe · from ≈ $1,115. Specs, configurations, and where to buy on Plug PCs.",https://plugpcs.com/p/tuxedo/tuxedo-aura-15-gen4,,,laptops,10900241,specified,https://schema.org/InStock,https://www.tuxedocomputers.com/en/TUXEDO-Aura-15-Gen4.tuxedo
Tuxedo Aura 15 - Gen4 - Pre-built,TUXEDO,1199,EUR,16,1024,specified,Intel Core i5 1335U,Intel Iris Xe,Intel,TUXEDO,Intel,InStock,"Tuxedo Aura 15 - Gen4 - Pre-built, Laptops. Intel Core i5 1335U · 16 GB RAM · 1 TB · Intel Iris Xe · from ≈ $1,365. Specs, configurations, and where to buy on Plug PCs.",https://plugpcs.com/p/tuxedo/tuxedo-aura-15-gen4-pre-built,,,laptops,12900022,specified,https://schema.org/InStock,https://www.tuxedocomputers.com/en/TUXEDO-Aura-15-Gen4-Pre-built--48h-Shipping.tuxedo
Tuxedo BM15 - Gen1,TUXEDO,1194,EUR,16,500,specified,Intel Core 5 120U,Intel Iris Xe,Intel,TUXEDO,Intel,InStock,"Tuxedo BM15 - Gen1, Laptops. Intel Core 5 120U · 16 GB RAM · 500 GB · Intel Iris Xe · from ≈ $1,359. Specs, configurations, and where to buy on Plug PCs.",https://plugpcs.com/p/tuxedo/tuxedo-bm15-gen1,,,laptops,10900252,specified,https://schema.org/InStock,https://www.tuxedocomputers.com/en/TUXEDO-BM15-Gen1.tuxedo
Tuxedo Gemini 17 - Gen4 - AMD,TUXEDO,1954,EUR,8,500,specified,AMD Ryzen 9 9955HX,NVIDIA RTX 5060,NVIDIA,TUXEDO,AMD,InStock,"Tuxedo Gemini 17 - Gen4 - AMD, Laptops. AMD Ryzen 9 9955HX · 8 GB RAM · 500 GB · NVIDIA RTX 5060 · from ≈ $2,225. Specs, configurations, and where to buy on Plug PCs.",https://plugpcs.com/p/tuxedo/tuxedo-gemini-17-gen4-amd,,,laptops,10900251,specified,https://schema.org/InStock,https://www.tuxedocomputers.com/en/TUXEDO-Gemini-17-Gen4-AMD.tuxedo
Tuxedo Gemini 17 - Gen4 - Intel,TUXEDO,2374,EUR,16,500,specified,Intel Core i9 14900HX,NVIDIA RTX 5070 Ti,NVIDIA,TUXEDO,Intel,InStock,"Tuxedo Gemini 17 - Gen4 - Intel, Laptops. Intel Core i9 14900HX · 16 GB RAM · 500 GB · NVIDIA RTX 5070 Ti · from ≈ $2,703. Specs, configurations, and where to buy on Plug PCs.",https://plugpcs.com/p/tuxedo/tuxedo-gemini-17-gen4-intel,,,laptops,10900248,specified,https://schema.org/InStock,https://www.tuxedocomputers.com/en/TUXEDO-Gemini-17-Gen4-INTEL.tuxedo
Tuxedo InfinityBook Max 15 - Gen10 - AMD,TUXEDO,1894,EUR,16,500,specified,AMD Ryzen AI 7 350,NVIDIA RTX 5060,NVIDIA,TUXEDO,AMD,InStock,"Tuxedo InfinityBook Max 15 - Gen10 - AMD, Laptops. AMD Ryzen AI 7 350 · 16 GB RAM · 500 GB · NVIDIA RTX 5060 · from ≈ $2,156. Specs, configurations, and where to buy on Plug PCs.",https://plugpcs.com/p/tuxedo/tuxedo-infinitybook-max-15-gen10-amd,,,laptops,10900247,specified,https://schema.org/InStock,https://www.tuxedocomputers.com/en/TUXEDO-InfinityBook-Max-15-Gen10-AMD.tuxedo
Tuxedo InfinityBook Max 15 - Gen10 - Intel,TUXEDO,1794,EUR,16,500,specified,Intel Core Ultra 7 255H,NVIDIA RTX 5050,NVIDIA,TUXEDO,Intel,InStock,"Tuxedo InfinityBook Max 15 - Gen10 - Intel, Laptops. Intel Core Ultra 7 255H · 16 GB RAM · 500 GB · NVIDIA RTX 5050 · from ≈ $2,042. Specs, configurations, and where to buy on Plug PCs.",https://plugpcs.com/p/tuxedo/tuxedo-infinitybook-max-15-gen10-intel,,,laptops,10900243,specified,https://schema.org/InStock,https://www.tuxedocomputers.com/en/TUXEDO-InfinityBook-Max-15-Gen10-INTEL.tuxedo
Tuxedo InfinityBook Max 16 - Gen10 - AMD,TUXEDO,1944,EUR,16,500,specified,AMD Ryzen AI 7 350,NVIDIA RTX 5060,NVIDIA,TUXEDO,AMD,InStock,"Tuxedo InfinityBook Max 16 - Gen10 - AMD, Laptops. AMD Ryzen AI 7 350 · 16 GB RAM · 500 GB · NVIDIA RTX 5060 · from ≈ $2,213. Specs, configurations, and where to buy on Plug PCs.",https://plugpcs.com/p/tuxedo/tuxedo-infinitybook-max-16-gen10-amd,,,laptops,10900249,specified,https://schema.org/InStock,https://www.tuxedocomputers.com/en/TUXEDO-InfinityBook-Max-16-Gen10-AMD.tuxedo
Tuxedo InfinityBook Max 16 - Gen10 - Intel,TUXEDO,2214,EUR,16,500,specified,Intel Core Ultra 9 275HX,NVIDIA RTX 5060,NVIDIA,TUXEDO,Intel,InStock,"Tuxedo InfinityBook Max 16 - Gen10 - Intel, Laptops. Intel Core Ultra 9 275HX · 16 GB RAM · 500 GB · NVIDIA RTX 5060 · from ≈ $2,521. Specs, configurations, and where to buy on Plug PCs.",https://plugpcs.com/p/tuxedo/tuxedo-infinitybook-max-16-gen10-intel,,,laptops,10900250,specified,https://schema.org/InStock,https://www.tuxedocomputers.com/en/TUXEDO-InfinityBook-Max-16-Gen10-INTEL.tuxedo
Tuxedo InfinityBook Pro 14 - Gen10 - AMD,TUXEDO,1274,EUR,16,500,specified,AMD Ryzen 7 H 255,AMD Radeon 780M,AMD,TUXEDO,AMD,InStock,"Tuxedo InfinityBook Pro 14 - Gen10 - AMD, Laptops. AMD Ryzen 7 H 255 · 16 GB RAM · 500 GB · AMD Radeon 780M · from ≈ $1,450. Specs, configurations, and where to buy on Plug PCs.",https://plugpcs.com/p/tuxedo/tuxedo-infinitybook-pro-14-gen10-amd,,,laptops,10900242,specified,https://schema.org/InStock,https://www.tuxedocomputers.com/en/TUXEDO-InfinityBook-Pro-14-Gen10.tuxedo
Tuxedo InfinityBook Pro 15 - Gen10 - AMD,TUXEDO,1374,EUR,16,500,specified,AMD Ryzen 7 H 255,AMD Radeon 780M,AMD,TUXEDO,AMD,InStock,"Tuxedo InfinityBook Pro 15 - Gen10 - AMD, Laptops. AMD Ryzen 7 H 255 · 16 GB RAM · 500 GB · AMD Radeon 780M · from ≈ $1,564. Specs, configurations, and where to buy on Plug PCs.",https://plugpcs.com/p/tuxedo/tuxedo-infinitybook-pro-15-gen10-amd,,,laptops,10900244,specified,https://schema.org/InStock,https://www.tuxedocomputers.com/en/TUXEDO-InfinityBook-Pro-15-Gen10-AMD.tuxedo
Tuxedo InfinityBook Pro 15 - Gen10 - Intel,TUXEDO,1484,EUR,16,500,specified,Intel Core Ultra 7 255H,Intel Arc 140T,Intel,TUXEDO,Intel,InStock,"Tuxedo InfinityBook Pro 15 - Gen10 - Intel, Laptops. Intel Core Ultra 7 255H · 16 GB RAM · 500 GB · Intel Arc 140T · from ≈ $1,690. Specs, configurations, and where to buy on Plug PCs.",https://plugpcs.com/p/tuxedo/tuxedo-infinitybook-pro-15-gen10-intel,,,laptops,10900245,specified,https://schema.org/InStock,https://www.tuxedocomputers.com/en/TUXEDO-InfinityBook-Pro-15-Gen10-INTEL.tuxedo
Tuxedo InfinityBook S 15 - Gen8,TUXEDO,1113,EUR,8,500,specified,Intel Core i5 1340P,Intel Iris Xe,Intel,TUXEDO,Intel,InStock,"Tuxedo InfinityBook S 15 - Gen8, Laptops. Intel Core i5 1340P · 8 GB RAM · 500 GB · Intel Iris Xe · from ≈ $1,267. Specs, configurations, and where to buy on Plug PCs.",https://plugpcs.com/p/tuxedo/tuxedo-infinitybook-s-15-gen8,,,laptops,10900215,specified,https://schema.org/InStock,https://www.tuxedocomputers.com/en/TUXEDO-InfinityBook-S-15-Gen8.tuxedo
Tuxedo InfinityBook S 15 - Gen8 - Pre-built,TUXEDO,1399,EUR,16,1024,specified,Intel Core i5 1340P,Intel Iris Xe,Intel,TUXEDO,Intel,InStock,"Tuxedo InfinityBook S 15 - Gen8 - Pre-built, Laptops. Intel Core i5 1340P · 16 GB RAM · 1 TB · Intel Iris Xe · from ≈ $1,593. Specs, configurations, and where to buy on Plug PCs.",https://plugpcs.com/p/tuxedo/tuxedo-infinitybook-s-15-gen8-pre-built,,,laptops,12900014,specified,https://schema.org/InStock,https://www.tuxedocomputers.com/en/TUXEDO-InfinityBook-S-15-Gen8-prebuilt.tuxedo
Tuxedo InfinityBook S 17 - Gen8,TUXEDO,1164,EUR,8,500,specified,Intel Core i5 1340P,Intel Iris Xe,Intel,TUXEDO,Intel,InStock,"Tuxedo InfinityBook S 17 - Gen8, Laptops. Intel Core i5 1340P · 8 GB RAM · 500 GB · Intel Iris Xe · from ≈ $1,325. Specs, configurations, and where to buy on Plug PCs.",https://plugpcs.com/p/tuxedo/tuxedo-infinitybook-s-17-gen8,,,laptops,10900212,specified,https://schema.org/InStock,https://www.tuxedocomputers.com/en/TUXEDO-InfinityBook-S-17-Gen8.tuxedo
Tuxedo InfinityBook S 17 - Gen8 - Pre-built,TUXEDO,1438,EUR,16,1024,specified,Intel Core i5 1340P,,Unknown,TUXEDO,Intel,InStock,"Tuxedo InfinityBook S 17 - Gen8 - Pre-built, Laptops. Intel Core i5 1340P · 16 GB RAM · 1 TB · 96 · from ≈ $1,637. Specs, configurations, and where to buy on Plug PCs.",https://plugpcs.com/p/tuxedo/tuxedo-infinitybook-s-17-gen8-pre-built,,,laptops,12900015,specified,https://schema.org/InStock,https://www.tuxedocomputers.com/en/TUXEDO-InfinityBook-S-17-Gen8-prebuilt.tuxedo
Tuxedo Stellaris 16 - Gen7 - AMD,TUXEDO,2514,EUR,16,500,specified,AMD Ryzen 9 9955HX,NVIDIA RTX 5070 Ti,NVIDIA,TUXEDO,AMD,InStock,"Tuxedo Stellaris 16 - Gen7 - AMD, Laptops. AMD Ryzen 9 9955HX · 16 GB RAM · 500 GB · NVIDIA RTX 5070 Ti · from ≈ $2,862. Specs, configurations, and where to buy on Plug PCs.",https://plugpcs.com/p/tuxedo/tuxedo-stellaris-16-gen7-amd,,,laptops,10900246,specified,https://schema.org/InStock,https://www.tuxedocomputers.com/en/TUXEDO-Stellaris-16-Gen7-AMD.tuxedo
Ultima 18,Maingear,3799,USD,32,2048,specified,Intel Core Ultra 9 290HX,NVIDIA RTX 5080 Laptop,NVIDIA,Maingear,Intel,InStock,"Ultima 18, Laptops. Intel Core Ultra 9 290HX · 32 GB RAM · 2 TB · NVIDIA RTX 5080 Laptop · from $3,799. Specs, configurations, and where to buy on Plug PCs.",https://plugpcs.com/p/maingear/ultima-18-rtx-5080,,,laptops,,specified,https://schema.org/InStock,https://maingear.com/products/ultima-18-rtx-5080
Ultima 18,Maingear,4299,USD,32,2048,specified,Intel Core Ultra 9 290HX,NVIDIA RTX 5090 Laptop,NVIDIA,Maingear,Intel,InStock,"Ultima 18, Laptops. Intel Core Ultra 9 290HX · 32 GB RAM · 2 TB · NVIDIA RTX 5090 Laptop · from $4,299. Specs, configurations, and where to buy on Plug PCs.",https://plugpcs.com/p/maingear/ultima-18-rtx-5090,,,laptops,,specified,https://schema.org/InStock,https://maingear.com/products/ultima-18-rtx-5090
V54 Series 14.0 inch coreboot laptop,NovaCustom,1420,EUR,8,250,specified,Intel Core Ultra 5 125H,Intel Arc Graphics,Intel,NovaCustom,Intel,InStock,"V54 Series 14.0 inch coreboot laptop, Laptops. Intel Core Ultra 5 125H · 8 GB RAM · 250 GB · Intel Arc Graphics · from ≈ $1,617. Specs, configurations, and where to buy on Plug PCs.",https://plugpcs.com/p/novacustom/v54-series-14-0-inch-coreboot-laptop,,,laptops,v54-series,specified,https://schema.org/InStock,https://novacustom.com/product/v54-series/
V56 Series 16.0 inch coreboot laptop,NovaCustom,1460,EUR,8,250,specified,Intel Core Ultra 5 125H,Intel Arc Graphics,Intel,NovaCustom,Intel,InStock,"V56 Series 16.0 inch coreboot laptop, Laptops. Intel Core Ultra 5 125H · 8 GB RAM · 250 GB · Intel Arc Graphics · from ≈ $1,662. Specs, configurations, and where to buy on Plug PCs.",https://plugpcs.com/p/novacustom/v56-series-16-0-inch-coreboot-laptop,,,laptops,v56-series,specified,https://schema.org/InStock,https://novacustom.com/product/v56-series/
Vector 14,Velocity Micro,1899,USD,16,1024,specified,Intel Core Ultra 5 225H,,Unknown,Velocity Micro,Intel,InStock,"Vector 14, Laptops. Intel Core Ultra 5 225H · 16 GB RAM · 1 TB · from $1,899. Specs, configurations, and where to buy on Plug PCs.",https://plugpcs.com/p/velocitymicro/vector-14,,,laptops,,specified,https://schema.org/InStock,https://www.velocitymicro.com/vector-14-custom-laptop.php
Vector 16 HX AI Gaming Laptop,MSI,2799,USD,32,2048,specified,Intel Core Ultra 9 275HX,NVIDIA RTX 5080 Laptop,NVIDIA,MSI,Intel,InStock,"Vector 16 HX AI Gaming Laptop, Laptops. Intel Core Ultra 9 275HX · 32 GB RAM · 2 TB · NVIDIA RTX 5080 Laptop · from $2,799. Specs, configurations, and where to buy on Plug PCs.",https://plugpcs.com/p/msi/vector-16-hx-ai-gaming-laptop-vector-16-hx-ai-a2xwig-0-2,,,laptops,,specified,https://schema.org/InStock,https://us-store.msi.com/Laptops/Gaming-Series/Vector-GP-Series/msi-Vector-16-HX-AI-A2XWIG-058US
Vector 17 HX Gaming Laptop,MSI,2099,USD,32,1024,specified,Intel Core i9 14900HX,NVIDIA RTX 4070 Laptop,NVIDIA,MSI,Intel,InStock,"Vector 17 HX Gaming Laptop, Laptops. Intel Core i9 14900HX · 32 GB RAM · 1 TB · NVIDIA RTX 4070 Laptop · from $2,099. Specs, configurations, and where to buy on Plug PCs.",https://plugpcs.com/p/msi/vector-17-hx-gaming-laptop,,,laptops,,specified,https://schema.org/InStock,https://us-store.msi.com/Laptops/Gaming-Series/Vector-GP-Series/Vector-17-HX-A14VGG-270US
Vector 18 HX AI Gaming Laptop,MSI,3499,USD,32,1024,specified,Intel Core Ultra 9 275HX,NVIDIA RTX 5090 Laptop,NVIDIA,MSI,Intel,InStock,"Vector 18 HX AI Gaming Laptop, Laptops. Intel Core Ultra 9 275HX · 32 GB RAM · 1 TB · NVIDIA RTX 5090 Laptop · from $3,499. Specs, configurations, and where to buy on Plug PCs.",https://plugpcs.com/p/msi/vector-18-hx-ai-gaming-laptop,,,laptops,,specified,https://schema.org/InStock,https://us-store.msi.com/Laptops/Gaming-Series/Vector-GP-Series/Vector-18-HX-AI-A2XWJG-882US
Vector A16 HX Gaming Laptop,MSI,2599,USD,32,1024,specified,AMD Ryzen 9 8940HX,NVIDIA RTX 5080 Laptop,NVIDIA,MSI,AMD,InStock,"Vector A16 HX Gaming Laptop, Laptops. AMD Ryzen 9 8940HX · 32 GB RAM · 1 TB · NVIDIA RTX 5080 Laptop · from $2,599. Specs, configurations, and where to buy on Plug PCs.",https://plugpcs.com/p/msi/vector-a16-hx-gaming-laptop,,,laptops,,specified,https://schema.org/InStock,https://us-store.msi.com/Laptops/Gaming-Series/Vector-GP-Series/Vector-A16-HX-A8WIG-003US
VenturePro 16 Professional Laptop,MSI,1399,USD,32,1024,specified,Intel Core 9 - 270H 2.7 - 5.8 GHz,NVIDIA RTX 5060 Laptop,NVIDIA,MSI,Intel,InStock,"VenturePro 16 Professional Laptop, Laptops. Intel Core 9 - 270H 2.7 - 5.8 GHz · 32 GB RAM · 1 TB · NVIDIA RTX 5060 Laptop · from $1,399. Specs, configurations, and where to buy on Plug PCs.",https://plugpcs.com/p/msi/venturepro-16-professional-laptop-venturepro-16-a2rwftg-03,,,laptops,,specified,https://schema.org/InStock,https://us-store.msi.com/Laptops/business-productivity/Venture-series/VenturePro-16-A2RWFTG-038US
VenturePro A15 AI+,MSI,1299,USD,16,1024,specified,AMD Ryzen AI 7 350,NVIDIA RTX 5050 Laptop,NVIDIA,MSI,AMD,InStock,"VenturePro A15 AI+, Laptops. AMD Ryzen AI 7 350 · 16 GB RAM · 1 TB · NVIDIA RTX 5050 Laptop · from $1,299. Specs, configurations, and where to buy on Plug PCs.",https://plugpcs.com/p/msi/venturepro-a15-ai-a3hwetg-083us,,,laptops,,specified,https://schema.org/InStock,https://us-store.msi.com/Laptops/business-productivity/venturepro-a15-ai-a3hwetg-083us
"Vivobook 14 (F1404, 12th Gen Intel)",ASUS,349.99,USD,8,512,specified,Intel Core i5 1235U,Intel UHD Graphics,Intel,ASUS,Intel,InStock,"Vivobook 14 (F1404, 12th Gen Intel), Laptops. Intel Core i5 1235U · 8 GB RAM · 512 GB · Intel UHD Graphics · from $349.99. Specs, configurations, and where to buy on Plug PCs.",https://plugpcs.com/p/asus/vivobook-14-f1404-12th-gen-intel,,,laptops,20964,specified,https://schema.org/InStock,https://www.asus.com/us/laptops/for-home/vivobook/vivobook-14-f1404-12th-gen-intel/
Vivobook 15 (F1504),ASUS,699.99,USD,16,512,specified,Intel,Intel UHD Graphics,Intel,ASUS,Intel,InStock,"Vivobook 15 (F1504), Laptops. Intel · 16 GB RAM · 512 GB · Intel UHD Graphics · from $699.99. Specs, configurations, and where to buy on Plug PCs.",https://plugpcs.com/p/asus/vivobook-15-f1504,,,laptops,20954,specified,https://schema.org/InStock,https://www.asus.com/us/laptops/for-home/vivobook/vivobook-15-f1504/
Vivobook 15 (M1502),ASUS,699.99,USD,16,512,specified,AMD Ryzen 5 4600H,AMD Radeon Graphics,AMD,ASUS,AMD,InStock,"Vivobook 15 (M1502), Laptops. AMD Ryzen 5 4600H · 16 GB RAM · 512 GB · AMD Radeon Graphics · from $699.99. Specs, configurations, and where to buy on Plug PCs.",https://plugpcs.com/p/asus/vivobook-15-m1502,,,laptops,20517,specified,https://schema.org/InStock,https://www.asus.com/us/laptops/for-home/vivobook/vivobook-15-m1502/
Vivobook 15 Laptop (F1502),ASUS,99.99,USD,8,512,specified,Intel Core i7 1260P,Intel UHD Graphics,Intel,ASUS,Intel,InStock,"Vivobook 15 Laptop (F1502), Laptops. Intel Core i7 1260P · 8 GB RAM · 512 GB · Intel UHD Graphics · from $99.99. Specs, configurations, and where to buy on Plug PCs.",https://plugpcs.com/p/asus/vivobook-15-laptop-f1502,,,laptops,20702,specified,https://schema.org/InStock,https://www.asus.com/us/laptops/for-home/vivobook/vivobook-15-laptop-f1502/
Vivobook 16 Laptop (F1605),ASUS,549.99,USD,16,1024,specified,Intel Core i9 13900H,Intel UHD Graphics,Intel,ASUS,Intel,InStock,"Vivobook 16 Laptop (F1605), Laptops. Intel Core i9 13900H · 16 GB RAM · 1 TB · Intel UHD Graphics · from $549.99. Specs, configurations, and where to buy on Plug PCs.",https://plugpcs.com/p/asus/vivobook-16x-oled-f1605-12th-gen-intel,,,laptops,20839,specified,https://schema.org/InStock,https://www.asus.com/us/laptops/for-home/vivobook/vivobook-16-laptop-f1605/
"Vivobook 17 (F1704, 12th Gen Intel)",ASUS,1099.99,USD,8,512,specified,Intel Core i7 1355U,Intel UHD Graphics,Intel,ASUS,Intel,InStock,"Vivobook 17 (F1704, 12th Gen Intel), Laptops. Intel Core i7 1355U · 8 GB RAM · 512 GB · Intel UHD Graphics · from $1,099.99. Specs, configurations, and where to buy on Plug PCs.",https://plugpcs.com/p/asus/vivobook-17-f1704-12th-gen-intel,,,laptops,20959,specified,https://schema.org/InStock,https://www.asus.com/us/laptops/for-home/vivobook/vivobook-17-f1704-12th-gen-intel/
"Vivobook 17X (K1703, 12th Gen Intel)",ASUS,299.99,USD,8,1024,specified,Intel Core i7 12700H,Intel UHD Graphics,Intel,ASUS,Intel,InStock,"Vivobook 17X (K1703, 12th Gen Intel), Laptops. Intel Core i7 12700H · 8 GB RAM · 1 TB · Intel UHD Graphics · from $299.99. Specs, configurations, and where to buy on Plug PCs.",https://plugpcs.com/p/asus/vivobook-17x-k1703-12th-gen-intel,,,laptops,20526,specified,https://schema.org/InStock,https://www.asus.com/us/laptops/for-home/vivobook/vivobook-17x-k1703-12th-gen-intel/
Vivobook Go 14 (E1404F),ASUS,369.99,USD,16,512,specified,AMD Ryzen 5 7520U,AMD Radeon Graphics,AMD,ASUS,AMD,InStock,"Vivobook Go 14 (E1404F), Laptops. AMD Ryzen 5 7520U · 16 GB RAM · 512 GB · AMD Radeon Graphics · from $369.99. Specs, configurations, and where to buy on Plug PCs.",https://plugpcs.com/p/asus/vivobook-go-14-e1404f,,,laptops,21051,specified,https://schema.org/InStock,https://www.asus.com/us/laptops/for-home/vivobook/vivobook-go-14-e1404f/
Vivobook Go 15 (E510),ASUS,99.99,USD,4,128,specified,Intel Celeron N4500,Intel HD Graphics,Intel,ASUS,Intel,InStock,"Vivobook Go 15 (E510), Laptops. Intel Celeron N4500 · 4 GB RAM · 128 GB · Intel HD Graphics · from $99.99. Specs, configurations, and where to buy on Plug PCs.",https://plugpcs.com/p/asus/vivobook-go-15-e510,,,laptops,18063,specified,https://schema.org/InStock,https://www.asus.com/us/laptops/for-home/vivobook/vivobook-go-15-e510/
Vivobook Go 15 OLED (E1504F),ASUS,449.99,USD,16,1024,specified,AMD Ryzen 5 7520U,AMD Radeon Graphics,AMD,ASUS,AMD,InStock,"Vivobook Go 15 OLED (E1504F), Laptops. AMD Ryzen 5 7520U · 16 GB RAM · 1 TB · AMD Radeon Graphics · from $449.99. Specs, configurations, and where to buy on Plug PCs.",https://plugpcs.com/p/asus/vivobook-go-15-oled-e1504f,,,laptops,21042,specified,https://schema.org/InStock,https://www.asus.com/us/laptops/for-home/vivobook/vivobook-go-15-oled-e1504f/
Vivobook Pro 16X OLED (K6604),ASUS,2199.99,USD,16,1024,specified,Intel Core i9 13980HX,NVIDIA RTX 4070 Laptop,NVIDIA,ASUS,Intel,InStock,"Vivobook Pro 16X OLED (K6604), Laptops. Intel Core i9 13980HX · 16 GB RAM · 1 TB · NVIDIA RTX 4070 Laptop · from $2,199.99. Specs, configurations, and where to buy on Plug PCs.",https://plugpcs.com/p/asus/vivobook-pro-16x-oled-k6604,,,laptops,21135,specified,https://schema.org/InStock,https://www.asus.com/us/laptops/for-creators/vivobook/vivobook-pro-16x-oled-k6604/
Vivobook S 14 Flip (TN3402),ASUS,99.99,USD,8,1024,specified,AMD Ryzen 7 5800H,AMD Radeon Graphics,AMD,ASUS,AMD,InStock,"Vivobook S 14 Flip (TN3402), Laptops. AMD Ryzen 7 5800H · 8 GB RAM · 1 TB · AMD Radeon Graphics · from $99.99. Specs, configurations, and where to buy on Plug PCs.",https://plugpcs.com/p/asus/vivobook-s-14-flip-tn3402,,,laptops,20603,specified,https://schema.org/InStock,https://www.asus.com/us/laptops/for-home/vivobook/vivobook-s-14-flip-tn3402/
Wisp,META PCs,1799,USD,32,1024,specified,Intel Core Ultra 5 225H,,Unknown,META PCs,Intel,InStock,"Wisp, Laptops. Intel Core Ultra 5 225H · 32 GB RAM · 1 TB · from $1,799. Specs, configurations, and where to buy on Plug PCs.",https://plugpcs.com/p/metapcs/wisp,,,laptops,RTS/LAP/WISP,specified,https://schema.org/InStock,https://www.metapcs.com/products/wisp
"Xotic PC GX16 Epic Gaming Laptop, 16"" UHD+ 300Hz Display",XOTIC PC,4199,USD,16,1024,specified,Intel Core Ultra 9 275HX,NVIDIA RTX 5090,NVIDIA,XOTIC PC,Intel,InStock,"Xotic PC GX16 Epic Gaming Laptop, 16"" UHD+ 300Hz Display, Laptops. Intel Core Ultra 9 275HX · 16 GB RAM · 1 TB · NVIDIA RTX 5090 · from $4,199. Specs, configurations, and where to buy on Plug PCs.",https://plugpcs.com/p/xoticpc/xotic-pc-gx16-epic-gaming-laptop-16-uhd-300hz-display,,,laptops,716010,specified,https://schema.org/InStock,https://xoticpc.com/products/xpc-gx16-epic
"Xotic PC GX16 Ultimate Gaming Laptop, 16"" UHD+ 300Hz Display",XOTIC PC,3399,USD,16,1024,specified,Intel Core Ultra 9 275HX,NVIDIA RTX 5080,NVIDIA,XOTIC PC,Intel,InStock,"Xotic PC GX16 Ultimate Gaming Laptop, 16"" UHD+ 300Hz Display, Laptops. Intel Core Ultra 9 275HX · 16 GB RAM · 1 TB · NVIDIA RTX 5080 · from $3,399. Specs, configurations, and where to buy on Plug PCs.",https://plugpcs.com/p/xoticpc/xotic-pc-gx16-ultimate-gaming-laptop-16-uhd-300hz-display,,,laptops,716009,specified,https://schema.org/InStock,https://xoticpc.com/products/xpc-gx16-ultimate
"Xotic PC L260JUX Business Slim Laptop, 16"" QHD+ 165Hz Display",XOTIC PC,1699,USD,32,500,specified,Intel Core Ultra X7 358H,Intel Arc Graphics,Intel,XOTIC PC,Intel,InStock,"Xotic PC L260JUX Business Slim Laptop, 16"" QHD+ 165Hz Display, Laptops. Intel Core Ultra X7 358H · 32 GB RAM · 500 GB · Intel Arc Graphics · from $1,699. Specs, configurations, and where to buy on Plug PCs.",https://plugpcs.com/p/xoticpc/xotic-pc-l260jux-business-slim-laptop-16-qhd-165hz-display,,,laptops,716057,specified,https://schema.org/InStock,https://xoticpc.com/products/xotic-l260jux
"Xotic PC X580WNS-G Ultimate Gaming Laptop, 18"" QHD+ 240Hz Display",XOTIC PC,3499,USD,16,500,specified,Intel Core Ultra 9 290HX,NVIDIA RTX 5080,NVIDIA,XOTIC PC,Intel,InStock,"Xotic PC X580WNS-G Ultimate Gaming Laptop, 18"" QHD+ 240Hz Display, Laptops. Intel Core Ultra 9 290HX · 16 GB RAM · 500 GB · NVIDIA RTX 5080 · from $3,499. Specs, configurations, and where to buy on Plug PCs.",https://plugpcs.com/p/xoticpc/xotic-pc-x580wns-g-ultimate-gaming-laptop-18-qhd-240hz-display,,,laptops,716058,specified,https://schema.org/InStock,https://xoticpc.com/products/xotic-x580wns-g
"Xotic PC X580WNS-G Ultimate+ Gaming Laptop, 18"" UHD+ 240Hz Display",XOTIC PC,3699,USD,16,500,specified,Intel Core Ultra 9 290HX,NVIDIA RTX 5080,NVIDIA,XOTIC PC,Intel,InStock,"Xotic PC X580WNS-G Ultimate+ Gaming Laptop, 18"" UHD+ 240Hz Display, Laptops. Intel Core Ultra 9 290HX · 16 GB RAM · 500 GB · NVIDIA RTX 5080 · from $3,699. Specs, configurations, and where to buy on Plug PCs.",https://plugpcs.com/p/xoticpc/xotic-pc-x580wns-g-ultimate-gaming-laptop-18-uhd-240hz-display,,,laptops,716059,specified,https://schema.org/InStock,https://xoticpc.com/products/xotic-x580wns-g-uhd
"Xotic PC X580WNT-G Epic Gaming Laptop, 18"" QHD+ 240Hz Display",XOTIC PC,4299,USD,24,500,specified,Intel Core Ultra 9 290HX,NVIDIA RTX 5090,NVIDIA,XOTIC PC,Intel,InStock,"Xotic PC X580WNT-G Epic Gaming Laptop, 18"" QHD+ 240Hz Display, Laptops. Intel Core Ultra 9 290HX · 24 GB RAM · 500 GB · NVIDIA RTX 5090 · from $4,299. Specs, configurations, and where to buy on Plug PCs.",https://plugpcs.com/p/xoticpc/xotic-pc-x580wnt-g-epic-gaming-laptop-18-qhd-240hz-display,,,laptops,716060,specified,https://schema.org/InStock,https://xoticpc.com/products/xotic-x580wnt-g
"Xotic PC X580WNT-G Epic+ Gaming Laptop, 18"" UHD+ 240Hz Display",XOTIC PC,4499,USD,24,500,specified,Intel Core Ultra 9 290HX,NVIDIA RTX 5090,NVIDIA,XOTIC PC,Intel,InStock,"Xotic PC X580WNT-G Epic+ Gaming Laptop, 18"" UHD+ 240Hz Display, Laptops. Intel Core Ultra 9 290HX · 24 GB RAM · 500 GB · NVIDIA RTX 5090 · from $4,499. Specs, configurations, and where to buy on Plug PCs.",https://plugpcs.com/p/xoticpc/xotic-pc-x580wnt-g-epic-gaming-laptop-18-uhd-240hz-display,,,laptops,716061,specified,https://schema.org/InStock,https://xoticpc.com/products/xotic-x580wnt-g-uhd
XPS 13 Laptop,Dell,799.99,USD,8,512,specified,Intel Core 5 320,Intel Graphics,Intel,Dell,Intel,InStock,"XPS 13 Laptop, Laptops. Intel Core 5 320 · 8 GB RAM · 512 GB · Intel Graphics · from $799.99. Specs, configurations, and where to buy on Plug PCs.",https://plugpcs.com/p/dell/xps-13-laptop-dx13260-fixed-61,,,laptops,dx13260_fixed_61,specified,https://schema.org/InStock,https://www.dell.com/en-us/shop/desktop-computers/xps13dx13260/spd/xps13dx13260/dx13260_fixed_61?redirectTo=SOC
XPS 13 Laptop,Dell,799.99,USD,8,512,specified,Intel Core 5 320,Intel Graphics,Intel,Dell,Intel,InStock,"XPS 13 Laptop, Laptops. Intel Core 5 320 · 8 GB RAM · 512 GB · Intel Graphics · from $799.99. Specs, configurations, and where to buy on Plug PCs.",https://plugpcs.com/p/dell/new-xps-13-laptop-usedx13260hbtsjcst,,,laptops,usedx13260hbtsjcst,specified,https://schema.org/InStock,https://www.dell.com/en-us/shop/dell-laptops/xps13dx13260laptop/spd/xps13dx13260laptop/usedx13260hbtsjcst?redirectTo=SOC
XPS 13 Laptop,Dell,999.99,USD,16,512,specified,Intel Core 5 320,Intel Graphics,Intel,Dell,Intel,InStock,"XPS 13 Laptop, Laptops. Intel Core 5 320 · 16 GB RAM · 512 GB · Intel Graphics · from $999.99. Specs, configurations, and where to buy on Plug PCs.",https://plugpcs.com/p/dell/new-xps-13-laptop-usedx13260hbtsjcsv,,,laptops,usedx13260hbtsjcsv,specified,https://schema.org/InStock,https://www.dell.com/en-us/shop/dell-laptops/xps13dx13260laptop/spd/xps13dx13260laptop/usedx13260hbtsjcsv?redirectTo=SOC
XPS 13 Laptop,Dell,1059.99,USD,16,512,specified,Intel Core 5 320,Intel Graphics,Intel,Dell,Intel,InStock,"XPS 13 Laptop, Laptops. Intel Core 5 320 · 16 GB RAM · 512 GB · Intel Graphics · from $1,059.99. Specs, configurations, and where to buy on Plug PCs.",https://plugpcs.com/p/dell/new-xps-13-laptop-usedx13260hbtsjcsv-q2,,,laptops,usedx13260hbtsjcsv_q2,specified,https://schema.org/InStock,https://www.dell.com/en-us/shop/dell-laptops/xps13dx13260laptop/spd/xps13dx13260laptop/usedx13260hbtsjcsv_q2?redirectTo=SOC
XPS 13 Laptop,Dell,1499.99,USD,16,512,specified,Intel Core Ultra 7 355,Intel Graphics,Intel,Dell,Intel,InStock,"XPS 13 Laptop, Laptops. Intel Core Ultra 7 355 · 16 GB RAM · 512 GB · Intel Graphics · from $1,499.99. Specs, configurations, and where to buy on Plug PCs.",https://plugpcs.com/p/dell/new-xps-13-laptop-usedx13260hbtsjdpd,,,laptops,usedx13260hbtsjdpd,specified,https://schema.org/InStock,https://www.dell.com/en-us/shop/dell-laptops/xps13dx13260laptop/spd/xps13dx13260laptop/usedx13260hbtsjdpd?redirectTo=SOC
XPS 13 Laptop,Dell,1499.99,USD,16,512,specified,Intel Core Ultra 7 355,Intel Graphics,Intel,Dell,Intel,InStock,"XPS 13 Laptop, Laptops. Intel Core Ultra 7 355 · 16 GB RAM · 512 GB · Intel Graphics · from $1,499.99. Specs, configurations, and where to buy on Plug PCs.",https://plugpcs.com/p/dell/new-xps-13-laptop-usedx13260hbtsjdpf,,,laptops,usedx13260hbtsjdpf,specified,https://schema.org/InStock,https://www.dell.com/en-us/shop/dell-laptops/xps13dx13260laptop/spd/xps13dx13260laptop/usedx13260hbtsjdpf?redirectTo=SOC
XPS 13 Laptop,Dell,799.99,USD,8,512,specified,Intel Core 5 320,Intel Graphics,Intel,Dell,Intel,InStock,"XPS 13 Laptop, Laptops. Intel Core 5 320 · 8 GB RAM · 512 GB · Intel Graphics · from $799.99. Specs, configurations, and where to buy on Plug PCs.",https://plugpcs.com/p/dell/new-xps-13-laptop-usedx13260hbtsjdxt,,,laptops,usedx13260hbtsjdxt,specified,https://schema.org/InStock,https://www.dell.com/en-us/shop/dell-laptops/xps13dx13260laptop/spd/xps13dx13260laptop/usedx13260hbtsjdxt?redirectTo=SOC
XPS 13 Laptop,Dell,999.99,USD,16,512,specified,Intel Core 5 320,Intel Graphics,Intel,Dell,Intel,InStock,"XPS 13 Laptop, Laptops. Intel Core 5 320 · 16 GB RAM · 512 GB · Intel Graphics · from $999.99. Specs, configurations, and where to buy on Plug PCs.",https://plugpcs.com/p/dell/new-xps-13-laptop-usedx13260hbtsjdxv,,,laptops,usedx13260hbtsjdxv,specified,https://schema.org/InStock,https://www.dell.com/en-us/shop/dell-laptops/xps13dx13260laptop/spd/xps13dx13260laptop/usedx13260hbtsjdxv?redirectTo=SOC
XPS 13 Laptop,Dell,1699.99,USD,16,1024,specified,Intel Core Ultra 7 355,Intel Graphics,Intel,Dell,Intel,InStock,"XPS 13 Laptop, Laptops. Intel Core Ultra 7 355 · 16 GB RAM · 1 TB · Intel Graphics · from $1,699.99. Specs, configurations, and where to buy on Plug PCs.",https://plugpcs.com/p/dell/new-xps-13-laptop-usedx13260hbtsjflp,,,laptops,usedx13260hbtsjflp,specified,https://schema.org/InStock,https://www.dell.com/en-us/shop/dell-laptops/xps13dx13260laptop/spd/xps13dx13260laptop/usedx13260hbtsjflp?redirectTo=SOC
XPS 13 Laptop,Dell,1699.99,USD,16,1024,specified,Intel Core Ultra 7 355,Intel Graphics,Intel,Dell,Intel,InStock,"XPS 13 Laptop, Laptops. Intel Core Ultra 7 355 · 16 GB RAM · 1 TB · Intel Graphics · from $1,699.99. Specs, configurations, and where to buy on Plug PCs.",https://plugpcs.com/p/dell/new-xps-13-laptop-usedx13260hbtsjflq,,,laptops,usedx13260hbtsjflq,specified,https://schema.org/InStock,https://www.dell.com/en-us/shop/dell-laptops/xps13dx13260laptop/spd/xps13dx13260laptop/usedx13260hbtsjflq?redirectTo=SOC
XPS 13 Laptop,Dell,2099.99,USD,32,1024,specified,Intel Core Ultra 7 355,Intel Graphics,Intel,Dell,Intel,InStock,"XPS 13 Laptop, Laptops. Intel Core Ultra 7 355 · 32 GB RAM · 1 TB · Intel Graphics · from $2,099.99. Specs, configurations, and where to buy on Plug PCs.",https://plugpcs.com/p/dell/new-xps-13-laptop-usedx13260hbtsjflr,,,laptops,usedx13260hbtsjflr,specified,https://schema.org/InStock,https://www.dell.com/en-us/shop/dell-laptops/xps13dx13260laptop/spd/xps13dx13260laptop/usedx13260hbtsjflr?redirectTo=SOC
XPS 13 Laptop,Dell,2099.99,USD,32,1024,specified,Intel Core Ultra 7 355,Intel Graphics,Intel,Dell,Intel,InStock,"XPS 13 Laptop, Laptops. Intel Core Ultra 7 355 · 32 GB RAM · 1 TB · Intel Graphics · from $2,099.99. Specs, configurations, and where to buy on Plug PCs.",https://plugpcs.com/p/dell/new-xps-13-laptop-usedx13260hbtsjfls,,,laptops,usedx13260hbtsjfls,specified,https://schema.org/InStock,https://www.dell.com/en-us/shop/dell-laptops/xps13dx13260laptop/spd/xps13dx13260laptop/usedx13260hbtsjfls?redirectTo=SOC
XPS 13 Laptop,Dell,699.99,USD,8,256,specified,Intel Core 5 320,Intel Graphics,Intel,Dell,Intel,InStock,"XPS 13 Laptop, Laptops. Intel Core 5 320 · 8 GB RAM · 256 GB · Intel Graphics · from $699.99. Specs, configurations, and where to buy on Plug PCs.",https://plugpcs.com/p/dell/new-xps-13-laptop-usedx13260hbtsjfpn,,,laptops,usedx13260hbtsjfpn,specified,https://schema.org/InStock,https://www.dell.com/en-us/shop/dell-laptops/xps13dx13260laptop/spd/xps13dx13260laptop/usedx13260hbtsjfpn?redirectTo=SOC
XPS 13 Laptop,Dell,699.99,USD,8,256,specified,Intel Core 5 320,Intel Graphics,Intel,Dell,Intel,InStock,"XPS 13 Laptop, Laptops. Intel Core 5 320 · 8 GB RAM · 256 GB · Intel Graphics · from $699.99. Specs, configurations, and where to buy on Plug PCs.",https://plugpcs.com/p/dell/new-xps-13-laptop-usedx13260hbtsjfpp,,,laptops,usedx13260hbtsjfpp,specified,https://schema.org/InStock,https://www.dell.com/en-us/shop/dell-laptops/xps13dx13260laptop/spd/xps13dx13260laptop/usedx13260hbtsjfpp?redirectTo=SOC
XPS 14 Laptop,Dell,2619.99,USD,32,1024,specified,Intel Core Ultra X7 358H,Intel Arc Graphics,Intel,Dell,Intel,InStock,"XPS 14 Laptop, Laptops. Intel Core Ultra X7 358H · 32 GB RAM · 1 TB · Intel Arc Graphics · from $2,619.99. Specs, configurations, and where to buy on Plug PCs.",https://plugpcs.com/p/dell/xps-14-laptop-da14260-fixed-153,,,laptops,da14260_fixed_153,specified,https://schema.org/InStock,https://www.dell.com/en-us/shop/desktop-computers/xps14da14260/spd/xps14da14260/da14260_fixed_153?redirectTo=SOC
XPS 14 Laptop,Dell,2249.99,USD,32,1024,specified,Intel Core Ultra X7 358H,Intel Arc Graphics,Intel,Dell,Intel,InStock,"XPS 14 Laptop, Laptops. Intel Core Ultra X7 358H · 32 GB RAM · 1 TB · Intel Arc Graphics · from $2,249.99. Specs, configurations, and where to buy on Plug PCs.",https://plugpcs.com/p/dell/new-xps-14-laptop,,,laptops,useda14260hbtshyzb,specified,https://schema.org/InStock,https://www.dell.com/en-us/shop/dell-laptops/xps-da14260-laptop/spd/xps-da14260-laptop/useda14260hbtshyzb?redirectTo=SOC
XPS 14 Laptop,Dell,3149.99,USD,32,1024,specified,Intel Core Ultra X7 358H,Intel Arc Graphics,Intel,Dell,Intel,InStock,"XPS 14 Laptop, Laptops. Intel Core Ultra X7 358H · 32 GB RAM · 1 TB · Intel Arc Graphics · from $3,149.99. Specs, configurations, and where to buy on Plug PCs.",https://plugpcs.com/p/dell/new-xps-14-laptop-useda14260hbtshyzc,,,laptops,useda14260hbtshyzc,specified,https://schema.org/InStock,https://www.dell.com/en-us/shop/dell-laptops/xps-da14260-laptop/spd/xps-da14260-laptop/useda14260hbtshyzc?redirectTo=SOC
XPS 14 Laptop,Dell,2999.99,USD,32,1024,specified,Intel Core Ultra X7 358H,Intel Arc Graphics,Intel,Dell,Intel,InStock,"XPS 14 Laptop, Laptops. Intel Core Ultra X7 358H · 32 GB RAM · 1 TB · Intel Arc Graphics · from $2,999.99. Specs, configurations, and where to buy on Plug PCs.",https://plugpcs.com/p/dell/new-xps-14-laptop-useda14260hbtsjcmj,,,laptops,useda14260hbtsjcmj,specified,https://schema.org/InStock,https://www.dell.com/en-us/shop/dell-laptops/xps-da14260-laptop/spd/xps-da14260-laptop/useda14260hbtsjcmj?redirectTo=SOC
XPS 14 Laptop,Dell,2149.99,USD,16,512,specified,Intel Core Ultra 5 325,Intel Graphics,Intel,Dell,Intel,InStock,"XPS 14 Laptop, Laptops. Intel Core Ultra 5 325 · 16 GB RAM · 512 GB · Intel Graphics · from $2,149.99. Specs, configurations, and where to buy on Plug PCs.",https://plugpcs.com/p/dell/new-xps-14-laptop-useda14260hbtsjdns,,,laptops,useda14260hbtsjdns,specified,https://schema.org/InStock,https://www.dell.com/en-us/shop/dell-laptops/xps-da14260-laptop/spd/xps-da14260-laptop/useda14260hbtsjdns?redirectTo=SOC
XPS 14 Laptop,Dell,2089.99,USD,16,512,specified,Intel Core Ultra 5 325,Intel Graphics,Intel,Dell,Intel,InStock,"XPS 14 Laptop, Laptops. Intel Core Ultra 5 325 · 16 GB RAM · 512 GB · Intel Graphics · from $2,089.99. Specs, configurations, and where to buy on Plug PCs.",https://plugpcs.com/p/dell/new-xps-14-laptop-useda14260ucto01,,,laptops,useda14260ucto01,specified,https://schema.org/InStock,https://www.dell.com/en-us/shop/dell-laptops/xps-da14260-laptop/spd/xps-da14260-laptop/useda14260ucto01?redirectTo=SOC
XPS 14 Laptop,Dell,3289.99,USD,32,1024,specified,Intel Core Ultra X7 358H,Intel Arc Graphics,Intel,Dell,Intel,InStock,"XPS 14 Laptop, Laptops. Intel Core Ultra X7 358H · 32 GB RAM · 1 TB · Intel Arc Graphics · from $3,289.99. Specs, configurations, and where to buy on Plug PCs.",https://plugpcs.com/p/dell/new-xps-14-laptop-useda14260wcto04-q1,,,laptops,useda14260wcto04_q1,specified,https://schema.org/InStock,https://www.dell.com/en-us/shop/dell-laptops/xps-da14260-laptop/spd/xps-da14260-laptop/useda14260wcto04_q1?redirectTo=SOC
XPS 14 Laptop,Dell,3849.99,USD,64,1024,specified,Intel Core Ultra X7 358H,Intel Arc Graphics,Intel,Dell,Intel,InStock,"XPS 14 Laptop, Laptops. Intel Core Ultra X7 358H · 64 GB RAM · 1 TB · Intel Arc Graphics · from $3,849.99. Specs, configurations, and where to buy on Plug PCs.",https://plugpcs.com/p/dell/new-xps-14-laptop-useda14260wcto05,,,laptops,useda14260wcto05,specified,https://schema.org/InStock,https://www.dell.com/en-us/shop/dell-laptops/xps-da14260-laptop/spd/xps-da14260-laptop/useda14260wcto05?redirectTo=SOC
XPS 14 Laptop,Dell,3299.99,USD,32,1024,specified,Intel Core Ultra X9 378H,Intel Arc Graphics,Intel,Dell,Intel,InStock,"XPS 14 Laptop, Laptops. Intel Core Ultra X9 378H · 32 GB RAM · 1 TB · Intel Arc Graphics · from $3,299.99. Specs, configurations, and where to buy on Plug PCs.",https://plugpcs.com/p/dell/new-xps-14-laptop-useda14260wcto06,,,laptops,useda14260wcto06,specified,https://schema.org/InStock,https://www.dell.com/en-us/shop/dell-laptops/xps-da14260-laptop/spd/xps-da14260-laptop/useda14260wcto06?redirectTo=SOC
XPS 14 Laptop,Dell,4999.99,USD,64,2048,specified,Intel Core Ultra X9 378H,Intel Arc Graphics,Intel,Dell,Intel,InStock,"XPS 14 Laptop, Laptops. Intel Core Ultra X9 378H · 64 GB RAM · 2 TB · Intel Arc Graphics · from $4,999.99. Specs, configurations, and where to buy on Plug PCs.",https://plugpcs.com/p/dell/new-xps-14-laptop-useda14260wcto07,,,laptops,useda14260wcto07,specified,https://schema.org/InStock,https://www.dell.com/en-us/shop/dell-laptops/xps-da14260-laptop/spd/xps-da14260-laptop/useda14260wcto07?redirectTo=SOC
XPS 16 Laptop,Dell,2649.99,USD,16,1024,specified,Intel Core Ultra 7 355,Intel Graphics,Intel,Dell,Intel,InStock,"XPS 16 Laptop, Laptops. Intel Core Ultra 7 355 · 16 GB RAM · 1 TB · Intel Graphics · from $2,649.99. Specs, configurations, and where to buy on Plug PCs.",https://plugpcs.com/p/dell/xps-16-laptop-da16260-fixed-71,,,laptops,da16260_fixed_71,specified,https://schema.org/InStock,https://www.dell.com/en-us/shop/desktop-computers/xps16da16260/spd/xps16da16260/da16260_fixed_71?redirectTo=SOC
XPS 16 Laptop,Dell,2649.99,USD,16,1024,specified,Intel Core Ultra 7 355,Intel Graphics,Intel,Dell,Intel,InStock,"XPS 16 Laptop, Laptops. Intel Core Ultra 7 355 · 16 GB RAM · 1 TB · Intel Graphics · from $2,649.99. Specs, configurations, and where to buy on Plug PCs.",https://plugpcs.com/p/dell/new-xps-16-laptop,,,laptops,useda16260hbtshyzd,specified,https://schema.org/InStock,https://www.dell.com/en-us/shop/dell-laptops/xps-da16260-laptop/spd/xps-da16260-laptop/useda16260hbtshyzd?redirectTo=SOC
XPS 16 Laptop,Dell,3299.99,USD,32,1024,specified,Intel Core Ultra X7 358H,Intel Arc Graphics,Intel,Dell,Intel,InStock,"XPS 16 Laptop, Laptops. Intel Core Ultra X7 358H · 32 GB RAM · 1 TB · Intel Arc Graphics · from $3,299.99. Specs, configurations, and where to buy on Plug PCs.",https://plugpcs.com/p/dell/new-xps-16-laptop-useda16260hbtshyzf,,,laptops,useda16260hbtshyzf,specified,https://schema.org/InStock,https://www.dell.com/en-us/shop/dell-laptops/xps-da16260-laptop/spd/xps-da16260-laptop/useda16260hbtshyzf?redirectTo=SOC
XPS 16 Laptop,Dell,3149.99,USD,32,1024,specified,Intel Core Ultra X7 358H,Intel Arc Graphics,Intel,Dell,Intel,InStock,"XPS 16 Laptop, Laptops. Intel Core Ultra X7 358H · 32 GB RAM · 1 TB · Intel Arc Graphics · from $3,149.99. Specs, configurations, and where to buy on Plug PCs.",https://plugpcs.com/p/dell/new-xps-16-laptop-useda16260hbtsjcmk,,,laptops,useda16260hbtsjcmk,specified,https://schema.org/InStock,https://www.dell.com/en-us/shop/dell-laptops/xps-da16260-laptop/spd/xps-da16260-laptop/useda16260hbtsjcmk?redirectTo=SOC
XPS 16 Laptop,Dell,2299.99,USD,16,512,specified,Intel Core Ultra 5 325,Intel Graphics,Intel,Dell,Intel,InStock,"XPS 16 Laptop, Laptops. Intel Core Ultra 5 325 · 16 GB RAM · 512 GB · Intel Graphics · from $2,299.99. Specs, configurations, and where to buy on Plug PCs.",https://plugpcs.com/p/dell/new-xps-16-laptop-useda16260hbtsjdny,,,laptops,useda16260hbtsjdny,specified,https://schema.org/InStock,https://www.dell.com/en-us/shop/dell-laptops/xps-da16260-laptop/spd/xps-da16260-laptop/useda16260hbtsjdny?redirectTo=SOC
XPS 16 Laptop,Dell,3999.99,USD,64,1024,specified,Intel Core Ultra X7 358H,Intel Arc Graphics,Intel,Dell,Intel,InStock,"XPS 16 Laptop, Laptops. Intel Core Ultra X7 358H · 64 GB RAM · 1 TB · Intel Arc Graphics · from $3,999.99. Specs, configurations, and where to buy on Plug PCs.",https://plugpcs.com/p/dell/new-xps-16-laptop-useda16260hbtsjdnz,,,laptops,useda16260hbtsjdnz,specified,https://schema.org/InStock,https://www.dell.com/en-us/shop/dell-laptops/xps-da16260-laptop/spd/xps-da16260-laptop/useda16260hbtsjdnz?redirectTo=SOC
XPS 16 Laptop,Dell,3449.99,USD,32,1024,specified,Intel Core Ultra X9 388H,Intel Arc Graphics,Intel,Dell,Intel,InStock,"XPS 16 Laptop, Laptops. Intel Core Ultra X9 388H · 32 GB RAM · 1 TB · Intel Arc Graphics · from $3,449.99. Specs, configurations, and where to buy on Plug PCs.",https://plugpcs.com/p/dell/new-xps-16-laptop-useda16260hbtsjdpc,,,laptops,useda16260hbtsjdpc,specified,https://schema.org/InStock,https://www.dell.com/en-us/shop/dell-laptops/xps-da16260-laptop/spd/xps-da16260-laptop/useda16260hbtsjdpc?redirectTo=SOC
XPS 16 Laptop,Dell,2649.99,USD,16,1024,specified,Intel Core Ultra 7 355,Intel Graphics,Intel,Dell,Intel,InStock,"XPS 16 Laptop, Laptops. Intel Core Ultra 7 355 · 16 GB RAM · 1 TB · Intel Graphics · from $2,649.99. Specs, configurations, and where to buy on Plug PCs.",https://plugpcs.com/p/dell/new-xps-16-laptop-useda16260wcto02,,,laptops,useda16260wcto02,specified,https://schema.org/InStock,https://www.dell.com/en-us/shop/dell-laptops/xps-da16260-laptop/spd/xps-da16260-laptop/useda16260wcto02?redirectTo=SOC
XPS 16 Laptop,Dell,3299.99,USD,32,1024,specified,Intel Core Ultra X7 358H,Intel Arc Graphics,Intel,Dell,Intel,InStock,"XPS 16 Laptop, Laptops. Intel Core Ultra X7 358H · 32 GB RAM · 1 TB · Intel Arc Graphics · from $3,299.99. Specs, configurations, and where to buy on Plug PCs.",https://plugpcs.com/p/dell/new-xps-16-laptop-useda16260wcto04,,,laptops,useda16260wcto04,specified,https://schema.org/InStock,https://www.dell.com/en-us/shop/dell-laptops/xps-da16260-laptop/spd/xps-da16260-laptop/useda16260wcto04?redirectTo=SOC
XPS 16 Laptop,Dell,3439.99,USD,32,1024,specified,Intel Core Ultra X7 358H,Intel Arc Graphics,Intel,Dell,Intel,InStock,"XPS 16 Laptop, Laptops. Intel Core Ultra X7 358H · 32 GB RAM · 1 TB · Intel Arc Graphics · from $3,439.99. Specs, configurations, and where to buy on Plug PCs.",https://plugpcs.com/p/dell/new-xps-16-laptop-useda16260wcto04-q1,,,laptops,useda16260wcto04_q1,specified,https://schema.org/InStock,https://www.dell.com/en-us/shop/dell-laptops/xps-da16260-laptop/spd/xps-da16260-laptop/useda16260wcto04_q1?redirectTo=SOC
XPS 16 Laptop,Dell,3999.99,USD,64,1024,specified,Intel Core Ultra X9 378H,Intel Arc Graphics,Intel,Dell,Intel,InStock,"XPS 16 Laptop, Laptops. Intel Core Ultra X9 378H · 64 GB RAM · 1 TB · Intel Arc Graphics · from $3,999.99. Specs, configurations, and where to buy on Plug PCs.",https://plugpcs.com/p/dell/new-xps-16-laptop-useda16260wcto07,,,laptops,useda16260wcto07,specified,https://schema.org/InStock,https://www.dell.com/en-us/shop/dell-laptops/xps-da16260-laptop/spd/xps-da16260-laptop/useda16260wcto07?redirectTo=SOC
XPS 16 Laptop,Dell,5149.99,USD,64,2048,specified,Intel Core Ultra X9 378H,Intel Arc Graphics,Intel,Dell,Intel,InStock,"XPS 16 Laptop, Laptops. Intel Core Ultra X9 378H · 64 GB RAM · 2 TB · Intel Arc Graphics · from $5,149.99. Specs, configurations, and where to buy on Plug PCs.",https://plugpcs.com/p/dell/new-xps-16-laptop-useda16260wcto08,,,laptops,useda16260wcto08,specified,https://schema.org/InStock,https://www.dell.com/en-us/shop/dell-laptops/xps-da16260-laptop/spd/xps-da16260-laptop/useda16260wcto08?redirectTo=SOC
"Yoga 7 2-in-1 (14"" AMD)",Lenovo,1399.99,USD,16,1024,specified,AMD Ryzen AI 7 350,AMD Radeon 840M,AMD,Lenovo,AMD,InStock,"Yoga 7 2-in-1 (14"" AMD), Laptops. AMD Ryzen AI 7 350 · 16 GB RAM · 1 TB · AMD Radeon 840M · from $1,399.99. Specs, configurations, and where to buy on Plug PCs.",https://plugpcs.com/p/lenovo/yoga-7-2-in-1-14-amd-83jr0004us,,,laptops,83JR0004US,specified,https://schema.org/InStock,https://www.lenovo.com/us/en/p/laptops/yoga/yoga-2-in-1-series/lenovo-yoga-7-2-in-1-gen-10-14-inch-amd/83jr0004us
"Yoga 7 2-in-1 (16"" AMD)",Lenovo,1199.99,USD,16,1024,specified,AMD Ryzen AI 5 340,AMD Radeon 840M,AMD,Lenovo,AMD,InStock,"Yoga 7 2-in-1 (16"" AMD), Laptops. AMD Ryzen AI 5 340 · 16 GB RAM · 1 TB · AMD Radeon 840M · from $1,199.99. Specs, configurations, and where to buy on Plug PCs.",https://plugpcs.com/p/lenovo/yoga-7-2-in-1-16-amd,,,laptops,83JU0000US,specified,https://schema.org/InStock,https://www.lenovo.com/us/en/p/laptops/yoga/yoga-2-in-1-series/lenovo-yoga-7-2-in-1-gen-10-16-inch-amd/83ju0000us
"Yoga 7 2-in-1 (16"" AMD)",Lenovo,1149.99,USD,16,1024,specified,AMD Ryzen AI 7 350,AMD Radeon 840M,AMD,Lenovo,AMD,InStock,"Yoga 7 2-in-1 (16"" AMD), Laptops. AMD Ryzen AI 7 350 · 16 GB RAM · 1 TB · AMD Radeon 840M · from $1,149.99. Specs, configurations, and where to buy on Plug PCs.",https://plugpcs.com/p/lenovo/yoga-7-2-in-1-16-amd-83ju0004us,,,laptops,83JU0004US,specified,https://schema.org/InStock,https://www.lenovo.com/us/en/p/laptops/yoga/yoga-2-in-1-series/lenovo-yoga-7-2-in-1-gen-10-16-inch-amd/83ju0004us
"Yoga 7 2-in-1 (16"" AMD) Student Bundle",Lenovo,1401.96,USD,16,1024,specified,AMD Ryzen AI 5 340,AMD Radeon 840M,AMD,Lenovo,AMD,InStock,"Yoga 7 2-in-1 (16"" AMD) Student Bundle, Laptops. AMD Ryzen AI 5 340 · 16 GB RAM · 1 TB · AMD Radeon 840M · from $1,401.96. Specs, configurations, and where to buy on Plug PCs.",https://plugpcs.com/p/lenovo/student-bundle,,,laptops,STUDENT111,specified,https://schema.org/InStock,https://www.lenovo.com/us/en/p/laptops/yoga/yoga-2-in-1-series/lenovo-yoga-7-2-in-1-gen-10-16-inch-amd/student111
"Yoga 7a 2-in-1 AMD (14"")",Lenovo,1099.99,USD,16,1024,specified,AMD Ryzen AI 5 430,AMD Radeon 840M,AMD,Lenovo,AMD,InStock,"Yoga 7a 2-in-1 AMD (14""), Laptops. AMD Ryzen AI 5 430 · 16 GB RAM · 1 TB · AMD Radeon 840M · from $1,099.99. Specs, configurations, and where to buy on Plug PCs.",https://plugpcs.com/p/lenovo/yoga-7a-2-in-1-amd-14,,,laptops,83TD0001US,specified,https://schema.org/InStock,https://www.lenovo.com/us/en/p/laptops/yoga/yoga-2-in-1-series/lenovo-yoga-7a-2-in-1-gen-11-14-inch-amd/83td0001us
"Yoga 7a 2-in-1 AMD (14"")",Lenovo,2199.99,USD,24,1024,specified,AMD Ryzen AI 7 445,AMD Radeon 840M,AMD,Lenovo,AMD,InStock,"Yoga 7a 2-in-1 AMD (14""), Laptops. AMD Ryzen AI 7 445 · 24 GB RAM · 1 TB · AMD Radeon 840M · from $2,199.99. Specs, configurations, and where to buy on Plug PCs.",https://plugpcs.com/p/lenovo/yoga-7a-2-in-1-amd-14-83td0003us,,,laptops,83TD0003US,specified,https://schema.org/InStock,https://www.lenovo.com/us/en/p/laptops/yoga/yoga-2-in-1-series/lenovo-yoga-7a-2-in-1-gen-11-14-inch-amd/83td0003us
"Yoga 7a 2-in-1 AMD (14"")",Lenovo,1550.99,USD,16,512,specified,AMD Ryzen AI 5 430,AMD Radeon 840M,AMD,Lenovo,AMD,InStock,"Yoga 7a 2-in-1 AMD (14""), Laptops. AMD Ryzen AI 5 430 · 16 GB RAM · 512 GB · AMD Radeon 840M · from $1,550.99. Specs, configurations, and where to buy on Plug PCs.",https://plugpcs.com/p/lenovo/yoga-7a-2-in-1-amd-14-83tdcto1wwus1,,,laptops,83TDCTO1WWUS1,specified,https://schema.org/InStock,https://www.lenovo.com/us/en/p/laptops/yoga/yoga-2-in-1-series/lenovo-yoga-7a-2-in-1-gen-11-14-inch-amd/83tdcto1wwus1
"Yoga 7a 2-in-1 AMD (14"")",Lenovo,1550.99,USD,16,512,specified,AMD Ryzen AI 5 430,AMD Radeon 840M,AMD,Lenovo,AMD,InStock,"Yoga 7a 2-in-1 AMD (14""), Laptops. AMD Ryzen AI 5 430 · 16 GB RAM · 512 GB · AMD Radeon 840M · from $1,550.99. Specs, configurations, and where to buy on Plug PCs.",https://plugpcs.com/p/lenovo/yoga-7a-2-in-1-amd-14-83tdcto1wwus2,,,laptops,83TDCTO1WWUS2,specified,https://schema.org/InStock,https://www.lenovo.com/us/en/p/laptops/yoga/yoga-2-in-1-series/lenovo-yoga-7a-2-in-1-gen-11-14-inch-amd/83tdcto1wwus2
"Yoga 7a 2-in-1 AMD (16"")",Lenovo,1349.99,USD,24,1024,specified,AMD Ryzen AI 7 445,AMD Radeon 840M,AMD,Lenovo,AMD,InStock,"Yoga 7a 2-in-1 AMD (16""), Laptops. AMD Ryzen AI 7 445 · 24 GB RAM · 1 TB · AMD Radeon 840M · from $1,349.99. Specs, configurations, and where to buy on Plug PCs.",https://plugpcs.com/p/lenovo/yoga-7a-2-in-1-amd-16,,,laptops,83TF0001US,specified,https://schema.org/InStock,https://www.lenovo.com/us/en/p/laptops/yoga/yoga-2-in-1-series/lenovo-yoga-7a-2-in-1-gen-11-16-inch-amd/83tf0001us
"Yoga 7a 2-in-1 AMD (16"")",Lenovo,1600.99,USD,16,512,specified,AMD Ryzen AI 5 430,,Unknown,Lenovo,AMD,InStock,"Yoga 7a 2-in-1 AMD (16""), Laptops. AMD Ryzen AI 5 430 · 16 GB RAM · 512 GB · from $1,600.99. Specs, configurations, and where to buy on Plug PCs.",https://plugpcs.com/p/lenovo/yoga-7a-2-in-1-amd-16-83tfcto1wwus2,,,laptops,83TFCTO1WWUS2,specified,https://schema.org/InStock,https://www.lenovo.com/us/en/p/laptops/yoga/yoga-2-in-1-series/lenovo-yoga-7a-2-in-1-gen-11-16-inch-amd/83tfcto1wwus2
"Yoga 7i 2-in-1 (14"" Intel)",Lenovo,1099.99,USD,16,1024,specified,Intel Core Ultra 5 226V,,Unknown,Lenovo,Intel,InStock,"Yoga 7i 2-in-1 (14"" Intel), Laptops. Intel Core Ultra 5 226V · 16 GB RAM · 1 TB · from $1,099.99. Specs, configurations, and where to buy on Plug PCs.",https://plugpcs.com/p/lenovo/yoga-7i-2-in-1-14-intel,,,laptops,83JQ0001US,specified,https://schema.org/InStock,https://www.lenovo.com/us/en/p/laptops/yoga/yoga-2-in-1-series/lenovo-yoga-7i-2-in-1-gen-10-14-inch-intel/83jq0001us
"Yoga 7i 2-in-1 (14"" Intel)",Lenovo,2089.99,USD,16,1024,specified,Intel Core Ultra 7 256V,,Unknown,Lenovo,Intel,InStock,"Yoga 7i 2-in-1 (14"" Intel), Laptops. Intel Core Ultra 7 256V · 16 GB RAM · 1 TB · from $2,089.99. Specs, configurations, and where to buy on Plug PCs.",https://plugpcs.com/p/lenovo/yoga-7i-2-in-1-14-intel-83jqcto1wwus2,,,laptops,83JQCTO1WWUS2,specified,https://schema.org/InStock,https://www.lenovo.com/us/en/p/laptops/yoga/yoga-2-in-1-series/lenovo-yoga-7i-2-in-1-gen-10-14-inch-intel/83jqcto1wwus2
"Yoga 7i 2-in-1 (16"" Intel)",Lenovo,1249.99,USD,16,1024,specified,Intel Core Ultra 5 226V,,Unknown,Lenovo,Intel,InStock,"Yoga 7i 2-in-1 (16"" Intel), Laptops. Intel Core Ultra 5 226V · 16 GB RAM · 1 TB · from $1,249.99. Specs, configurations, and where to buy on Plug PCs.",https://plugpcs.com/p/lenovo/yoga-7i-2-in-1-16-intel,,,laptops,83JT0002US,specified,https://schema.org/InStock,https://www.lenovo.com/us/en/p/laptops/yoga/yoga-2-in-1-series/lenovo-yoga-7i-2-in-1-gen-10-16-inch-intel/83jt0002us
"Yoga 7i 2-in-1 Aura Edition (14"" Intel)",Lenovo,1939.99,USD,24,512,specified,Intel Core Ultra 7 355,,Unknown,Lenovo,Intel,InStock,"Yoga 7i 2-in-1 Aura Edition (14"" Intel), Laptops. Intel Core Ultra 7 355 · 24 GB RAM · 512 GB · from $1,939.99. Specs, configurations, and where to buy on Plug PCs.",https://plugpcs.com/p/lenovo/yoga-7i-2-in-1-aura-edition-14-intel-83tccto1wwus2,,,laptops,83TCCTO1WWUS2,specified,https://schema.org/InStock,https://www.lenovo.com/us/en/p/laptops/yoga/yoga-2-in-1-series/yoga-7i-2-in-1-gen-11-aura-edition-14-inch-intel/83tccto1wwus2
"Yoga 7i 2-in-1 Aura Edition (14"" Intel)",Lenovo,1754.99,USD,24,1024,specified,Intel Core Ultra 7 355,,Unknown,Lenovo,Intel,InStock,"Yoga 7i 2-in-1 Aura Edition (14"" Intel), Laptops. Intel Core Ultra 7 355 · 24 GB RAM · 1 TB · from $1,754.99. Specs, configurations, and where to buy on Plug PCs.",https://plugpcs.com/p/lenovo/yoga-7i-2-in-1-aura-edition-14-intel-83tccto1wwus3,,,laptops,83TCCTO1WWUS3,specified,https://schema.org/InStock,https://www.lenovo.com/us/en/p/laptops/yoga/yoga-2-in-1-series/yoga-7i-2-in-1-gen-11-aura-edition-14-inch-intel/83tccto1wwus3
"Yoga 7i 2-in-1 Aura Edition (14"" Intel)",Lenovo,1354.99,USD,16,1024,specified,Intel Core Ultra 5 322,,Unknown,Lenovo,Intel,InStock,"Yoga 7i 2-in-1 Aura Edition (14"" Intel), Laptops. Intel Core Ultra 5 322 · 16 GB RAM · 1 TB · from $1,354.99. Specs, configurations, and where to buy on Plug PCs.",https://plugpcs.com/p/lenovo/yoga-7i-2-in-1-aura-edition-14-intel-83tccto1wwus4,,,laptops,83TCCTO1WWUS4,specified,https://schema.org/InStock,https://www.lenovo.com/us/en/p/laptops/yoga/yoga-2-in-1-series/yoga-7i-2-in-1-gen-11-aura-edition-14-inch-intel/83tccto1wwus4
"Yoga 7i 2-in-1 Aura Edition (16"" Intel)",Lenovo,1549.99,USD,16,512,specified,Intel Core Ultra 5 322,,Unknown,Lenovo,Intel,InStock,"Yoga 7i 2-in-1 Aura Edition (16"" Intel), Laptops. Intel Core Ultra 5 322 · 16 GB RAM · 512 GB · from $1,549.99. Specs, configurations, and where to buy on Plug PCs.",https://plugpcs.com/p/lenovo/yoga-7i-2-in-1-aura-edition-16-intel-83tecto1wwus1,,,laptops,83TECTO1WWUS1,specified,https://schema.org/InStock,https://www.lenovo.com/us/en/p/laptops/yoga/yoga-2-in-1-series/lenovo-yoga-7i-2-in-1-gen-11-aura-edition-16-inch-intel/83tecto1wwus1
"Yoga 7i 2-in-1 Aura Edition (16"" Intel)",Lenovo,1859.99,USD,16,512,specified,Intel Core Ultra 7 355,,Unknown,Lenovo,Intel,InStock,"Yoga 7i 2-in-1 Aura Edition (16"" Intel), Laptops. Intel Core Ultra 7 355 · 16 GB RAM · 512 GB · from $1,859.99. Specs, configurations, and where to buy on Plug PCs.",https://plugpcs.com/p/lenovo/yoga-7i-2-in-1-aura-edition-16-intel-83tecto1wwus2,,,laptops,83TECTO1WWUS2,specified,https://schema.org/InStock,https://www.lenovo.com/us/en/p/laptops/yoga/yoga-2-in-1-series/lenovo-yoga-7i-2-in-1-gen-11-aura-edition-16-inch-intel/83tecto1wwus2
"Yoga 9i 2-in-1 Aura Edition (14"" Intel)",Lenovo,2499.99,USD,32,1024,specified,Intel Core Ultra 7 355,Intel Graphics,Intel,Lenovo,Intel,InStock,"Yoga 9i 2-in-1 Aura Edition (14"" Intel), Laptops. Intel Core Ultra 7 355 · 32 GB RAM · 1 TB · Intel Graphics · from $2,499.99. Specs, configurations, and where to buy on Plug PCs.",https://plugpcs.com/p/lenovo/yoga-9i-2-in-1-aura-edition-14-intel-83se0000us,,,laptops,83SE0000US,specified,https://schema.org/InStock,https://www.lenovo.com/us/en/p/laptops/yoga/yoga-2-in-1-series/lenovo-yoga-9i-2-in-1-gen-11-aura-edition-14-inch-intel/83se0000us
"Yoga 9i 2-in-1 Aura Edition (14"" Intel)",Lenovo,2379.99,USD,32,1024,specified,Intel Core Ultra 7 355,Intel Graphics,Intel,Lenovo,Intel,InStock,"Yoga 9i 2-in-1 Aura Edition (14"" Intel), Laptops. Intel Core Ultra 7 355 · 32 GB RAM · 1 TB · Intel Graphics · from $2,379.99. Specs, configurations, and where to buy on Plug PCs.",https://plugpcs.com/p/lenovo/yoga-9i-2-in-1-aura-edition-14-intel-83secto1wwus1,,,laptops,83SECTO1WWUS1,specified,https://schema.org/InStock,https://www.lenovo.com/us/en/p/laptops/yoga/yoga-2-in-1-series/lenovo-yoga-9i-2-in-1-gen-11-aura-edition-14-inch-intel/83secto1wwus1
"Yoga 9i 2-in-1 Aura Edition (14"" Intel)",Lenovo,2379.99,USD,32,1024,specified,Intel Core Ultra 7 355,Intel Graphics,Intel,Lenovo,Intel,InStock,"Yoga 9i 2-in-1 Aura Edition (14"" Intel), Laptops. Intel Core Ultra 7 355 · 32 GB RAM · 1 TB · Intel Graphics · from $2,379.99. Specs, configurations, and where to buy on Plug PCs.",https://plugpcs.com/p/lenovo/yoga-9i-2-in-1-aura-edition-14-intel-83secto1wwus2,,,laptops,83SECTO1WWUS2,specified,https://schema.org/InStock,https://www.lenovo.com/us/en/p/laptops/yoga/yoga-2-in-1-series/lenovo-yoga-9i-2-in-1-gen-11-aura-edition-14-inch-intel/83secto1wwus2
"Yoga Pro 7a (15"" AMD)",Lenovo,2569.99,USD,32,512,specified,AMD Ryzen AI Max+ 388,,Unknown,Lenovo,AMD,InStock,"Yoga Pro 7a (15"" AMD), Laptops. AMD Ryzen AI Max+ 388 · 32 GB RAM · 512 GB · from $2,569.99. Specs, configurations, and where to buy on Plug PCs.",https://plugpcs.com/p/lenovo/yoga-pro-7a-15-amd,,,laptops,83W5CTO1WWUS1,specified,https://schema.org/InStock,https://www.lenovo.com/us/en/p/laptops/yoga/yoga-pro-series/yoga-pro-7a-gen-11-15-inch-amd/83w5cto1wwus1
"Yoga Pro 7i Aura Edition (15"" Intel)",Lenovo,2599.99,USD,32,1024,specified,Intel Core Ultra 7 356H,NVIDIA RTX 5050 Laptop,NVIDIA,Lenovo,Intel,InStock,"Yoga Pro 7i Aura Edition (15"" Intel), Laptops. Intel Core Ultra 7 356H · 32 GB RAM · 1 TB · NVIDIA RTX 5050 Laptop · from $2,599.99. Specs, configurations, and where to buy on Plug PCs.",https://plugpcs.com/p/lenovo/yoga-pro-7i-aura-edition-15-intel-83sncto1wwus1,,,laptops,83SNCTO1WWUS1,specified,https://schema.org/InStock,https://www.lenovo.com/us/en/p/laptops/yoga/yoga-pro-series/lenovo-yoga-pro-7i-gen-11-aura-edition-15-inch-intel/83sncto1wwus1
"Yoga Slim 7i Ultra Aura Edition (14"" Intel)",Lenovo,2049.99,USD,32,1024,specified,Intel Core Ultra 7 355,,Unknown,Lenovo,Intel,InStock,"Yoga Slim 7i Ultra Aura Edition (14"" Intel), Laptops. Intel Core Ultra 7 355 · 32 GB RAM · 1 TB · from $2,049.99. Specs, configurations, and where to buy on Plug PCs.",https://plugpcs.com/p/lenovo/yoga-slim-7i-ultra-aura-edition-14-intel,,,laptops,83QKCTO1WWUS1,specified,https://schema.org/InStock,https://www.lenovo.com/us/en/p/laptops/yoga/yoga-slim-series/lenovo-yoga-slim-7i-ultra-gen-11-aura-edition-14-inch-intel/83qkcto1wwus1
"Yoga Slim 7i Ultra Aura Edition (14"" Intel)",Lenovo,2049.99,USD,32,1024,specified,Intel Core Ultra 7 355,,Unknown,Lenovo,Intel,InStock,"Yoga Slim 7i Ultra Aura Edition (14"" Intel), Laptops. Intel Core Ultra 7 355 · 32 GB RAM · 1 TB · from $2,049.99. Specs, configurations, and where to buy on Plug PCs.",https://plugpcs.com/p/lenovo/yoga-slim-7i-ultra-aura-edition-14-intel-83qkcto1wwus2,,,laptops,83QKCTO1WWUS2,specified,https://schema.org/InStock,https://www.lenovo.com/us/en/p/laptops/yoga/yoga-slim-series/lenovo-yoga-slim-7i-ultra-gen-11-aura-edition-14-inch-intel/83qkcto1wwus2
"Yoga Slim 7i Ultra Aura Edition (14"" Intel) - Seashell",Lenovo,2099.99,USD,32,1024,specified,Intel Core Ultra 7 355,,Unknown,Lenovo,Intel,InStock,"Yoga Slim 7i Ultra Aura Edition (14"" Intel) - Seashell, Laptops. Intel Core Ultra 7 355 · 32 GB RAM · 1 TB · from $2,099.99. Specs, configurations, and where to buy on Plug PCs.",https://plugpcs.com/p/lenovo/yoga-slim-7i-ultra-aura-edition-14-intel-seashell,,,laptops,83QK0000US,specified,https://schema.org/InStock,https://www.lenovo.com/us/en/p/laptops/yoga/yoga-slim-series/lenovo-yoga-slim-7i-ultra-gen-11-aura-edition-14-inch-intel/83qk0000us
"Yoga Slim 7x (14"" Snapdragon)",Lenovo,2099.99,USD,32,1024,specified,Snapdragon X2 Elite X2E-80-100,,Unknown,Lenovo,Qualcomm,InStock,"Yoga Slim 7x (14"" Snapdragon), Laptops. Snapdragon X2 Elite X2E-80-100 · 32 GB RAM · 1 TB · from $2,099.99. Specs, configurations, and where to buy on Plug PCs.",https://plugpcs.com/p/lenovo/yoga-slim-7x-14-snapdragon-83qr0000us,,,laptops,83QR0000US,specified,https://schema.org/InStock,https://www.lenovo.com/us/en/p/laptops/yoga/yoga-slim-series/lenovo-yoga-slim-7x-gen-11-14-inch-snapdragon/83qr0000us
"Yoga Slim 7x (14"" Snapdragon)",Lenovo,1829.99,USD,32,512,specified,Snapdragon X2 Elite X2E-88-100,,Unknown,Lenovo,Qualcomm,InStock,"Yoga Slim 7x (14"" Snapdragon), Laptops. Snapdragon X2 Elite X2E-88-100 · 32 GB RAM · 512 GB · from $1,829.99. Specs, configurations, and where to buy on Plug PCs.",https://plugpcs.com/p/lenovo/yoga-slim-7x-14-snapdragon-83qrcto1wwus2,,,laptops,83QRCTO1WWUS2,specified,https://schema.org/InStock,https://www.lenovo.com/us/en/p/laptops/yoga/yoga-slim-series/lenovo-yoga-slim-7x-gen-11-14-inch-snapdragon/83qrcto1wwus2
Zenbook 14 OLED (UM3402),ASUS,299.99,USD,16,1024,specified,AMD Ryzen 7 7730U,AMD Radeon Graphics,AMD,ASUS,AMD,InStock,"Zenbook 14 OLED (UM3402), Laptops. AMD Ryzen 7 7730U · 16 GB RAM · 1 TB · AMD Radeon Graphics · from $299.99. Specs, configurations, and where to buy on Plug PCs.",https://plugpcs.com/p/asus/zenbook-14-oled-um3402,,,laptops,19169,specified,https://schema.org/InStock,https://www.asus.com/us/laptops/for-home/zenbook/zenbook-14-oled-um3402/
Zenbook Pro 14 OLED (UX6404),ASUS,1799.99,USD,16,1024,specified,Intel Core i9 13900H,NVIDIA GeForce RTX 4070,NVIDIA,ASUS,Intel,InStock,"Zenbook Pro 14 OLED (UX6404), Laptops. Intel Core i9 13900H · 16 GB RAM · 1 TB · NVIDIA GeForce RTX 4070 · from $1,799.99. Specs, configurations, and where to buy on Plug PCs.",https://plugpcs.com/p/asus/zenbook-pro-14-oled-ux6404,,,laptops,20987,specified,https://schema.org/InStock,https://www.asus.com/us/laptops/for-creators/zenbook/zenbook-pro-14-oled-ux6404/